Command line invocation:
    /Applications/Xcode.app/Contents/Developer/usr/bin/xcodebuild -project InDefenseOfHistory.xcodeproj -scheme LevelEditor -configuration Debug -destination platform=macOS -derivedDataPath /tmp/td-tap-area-editor-build build

--- xcodebuild: WARNING: Using the first of multiple matching destinations:
{ platform:macOS, arch:arm64, id:00006021-000C29D93CF0C01E, name:My Mac }
{ platform:macOS, arch:x86_64, id:00006021-000C29D93CF0C01E, name:My Mac }
ComputePackagePrebuildTargetDependencyGraph

Prepare packages

CreateBuildRequest

SendProjectDescription

CreateBuildOperation

ComputeTargetDependencyGraph
note: Building targets in dependency order
note: Target dependency graph (1 target)
    Target 'LevelEditor' in project 'InDefenseOfHistory' (no dependencies)

GatherProvisioningInputs

CreateBuildDescription

ExecuteExternalTool /Applications/Xcode.app/Contents/Developer/Toolchains/XcodeDefault.xctoolchain/usr/bin/clang -v -E -dM -isysroot /Applications/Xcode.app/Contents/Developer/Platforms/MacOSX.platform/Developer/SDKs/MacOSX26.5.sdk -x c -c /dev/null

ExecuteExternalTool /Applications/Xcode.app/Contents/Developer/usr/bin/actool --version --output-format xml1

ExecuteExternalTool /Applications/Xcode.app/Contents/Developer/Toolchains/XcodeDefault.xctoolchain/usr/bin/swiftc --version

ExecuteExternalTool /Applications/Xcode.app/Contents/Developer/Toolchains/XcodeDefault.xctoolchain/usr/bin/ld -version_details

Build description signature: e4dc3151d62c9235b56c7fffbda316c4
Build description path: /tmp/td-tap-area-editor-build/Build/Intermediates.noindex/XCBuildData/e4dc3151d62c9235b56c7fffbda316c4.xcbuilddata
ClangStatCache /Applications/Xcode.app/Contents/Developer/Toolchains/XcodeDefault.xctoolchain/usr/bin/clang-stat-cache /Applications/Xcode.app/Contents/Developer/Platforms/MacOSX.platform/Developer/SDKs/MacOSX26.5.sdk /tmp/td-tap-area-editor-build/SDKStatCaches.noindex/macosx26.5-25F70-688ef53f1462e2c8f657fdc38a81448fe082c4a02f00227109f4ed75e425c832.sdkstatcache
    cd /Users/john/projects/td/in-defense-of-history/InDefenseOfHistory.xcodeproj
    /Applications/Xcode.app/Contents/Developer/Toolchains/XcodeDefault.xctoolchain/usr/bin/clang-stat-cache /Applications/Xcode.app/Contents/Developer/Platforms/MacOSX.platform/Developer/SDKs/MacOSX26.5.sdk -o /tmp/td-tap-area-editor-build/SDKStatCaches.noindex/macosx26.5-25F70-688ef53f1462e2c8f657fdc38a81448fe082c4a02f00227109f4ed75e425c832.sdkstatcache

CreateBuildDirectory /tmp/td-tap-area-editor-build/Build/Products
    cd /Users/john/projects/td/in-defense-of-history/InDefenseOfHistory.xcodeproj
    builtin-create-build-directory /tmp/td-tap-area-editor-build/Build/Products

CreateBuildDirectory /tmp/td-tap-area-editor-build/Build/Intermediates.noindex
    cd /Users/john/projects/td/in-defense-of-history/InDefenseOfHistory.xcodeproj
    builtin-create-build-directory /tmp/td-tap-area-editor-build/Build/Intermediates.noindex

CreateBuildDirectory /tmp/td-tap-area-editor-build/Build/Products/Debug
    cd /Users/john/projects/td/in-defense-of-history/InDefenseOfHistory.xcodeproj
    builtin-create-build-directory /tmp/td-tap-area-editor-build/Build/Products/Debug

CreateBuildDirectory /tmp/td-tap-area-editor-build/Build/Intermediates.noindex/ExplicitPrecompiledModules
    cd /Users/john/projects/td/in-defense-of-history/InDefenseOfHistory.xcodeproj
    builtin-create-build-directory /tmp/td-tap-area-editor-build/Build/Intermediates.noindex/ExplicitPrecompiledModules

CreateBuildDirectory /tmp/td-tap-area-editor-build/Build/Intermediates.noindex/SwiftExplicitPrecompiledModules
    cd /Users/john/projects/td/in-defense-of-history/InDefenseOfHistory.xcodeproj
    builtin-create-build-directory /tmp/td-tap-area-editor-build/Build/Intermediates.noindex/SwiftExplicitPrecompiledModules

CreateBuildDirectory /tmp/td-tap-area-editor-build/Build/Intermediates.noindex/EagerLinkingTBDs/Debug
    cd /Users/john/projects/td/in-defense-of-history/InDefenseOfHistory.xcodeproj
    builtin-create-build-directory /tmp/td-tap-area-editor-build/Build/Intermediates.noindex/EagerLinkingTBDs/Debug

WriteAuxiliaryFile /tmp/td-tap-area-editor-build/Build/Intermediates.noindex/InDefenseOfHistory.build/Debug/InDefenseOfHistory-f6efb7031ca2c14ccdbd1f67161accb9-VFS/all-product-headers.yaml
    cd /Users/john/projects/td/in-defense-of-history/InDefenseOfHistory.xcodeproj
    write-file /tmp/td-tap-area-editor-build/Build/Intermediates.noindex/InDefenseOfHistory.build/Debug/InDefenseOfHistory-f6efb7031ca2c14ccdbd1f67161accb9-VFS/all-product-headers.yaml

WriteAuxiliaryFile /tmp/td-tap-area-editor-build/Build/Intermediates.noindex/InDefenseOfHistory.build/Debug/LevelEditor.build/Script-52C0FFEE000000000000A002.sh (in target 'LevelEditor' from project 'InDefenseOfHistory')
    cd /Users/john/projects/td/in-defense-of-history
    write-file /tmp/td-tap-area-editor-build/Build/Intermediates.noindex/InDefenseOfHistory.build/Debug/LevelEditor.build/Script-52C0FFEE000000000000A002.sh

WriteAuxiliaryFile /tmp/td-tap-area-editor-build/Build/Intermediates.noindex/InDefenseOfHistory.build/Debug/LevelEditor.build/LevelEditor-project-headers.hmap (in target 'LevelEditor' from project 'InDefenseOfHistory')
    cd /Users/john/projects/td/in-defense-of-history
    write-file /tmp/td-tap-area-editor-build/Build/Intermediates.noindex/InDefenseOfHistory.build/Debug/LevelEditor.build/LevelEditor-project-headers.hmap

WriteAuxiliaryFile /tmp/td-tap-area-editor-build/Build/Intermediates.noindex/InDefenseOfHistory.build/Debug/LevelEditor.build/LevelEditor-own-target-headers.hmap (in target 'LevelEditor' from project 'InDefenseOfHistory')
    cd /Users/john/projects/td/in-defense-of-history
    write-file /tmp/td-tap-area-editor-build/Build/Intermediates.noindex/InDefenseOfHistory.build/Debug/LevelEditor.build/LevelEditor-own-target-headers.hmap

WriteAuxiliaryFile /tmp/td-tap-area-editor-build/Build/Intermediates.noindex/InDefenseOfHistory.build/Debug/LevelEditor.build/LevelEditor.DependencyStaticMetadataFileList (in target 'LevelEditor' from project 'InDefenseOfHistory')
    cd /Users/john/projects/td/in-defense-of-history
    write-file /tmp/td-tap-area-editor-build/Build/Intermediates.noindex/InDefenseOfHistory.build/Debug/LevelEditor.build/LevelEditor.DependencyStaticMetadataFileList

WriteAuxiliaryFile /tmp/td-tap-area-editor-build/Build/Intermediates.noindex/InDefenseOfHistory.build/Debug/LevelEditor.build/LevelEditor.DependencyMetadataFileList (in target 'LevelEditor' from project 'InDefenseOfHistory')
    cd /Users/john/projects/td/in-defense-of-history
    write-file /tmp/td-tap-area-editor-build/Build/Intermediates.noindex/InDefenseOfHistory.build/Debug/LevelEditor.build/LevelEditor.DependencyMetadataFileList

WriteAuxiliaryFile /tmp/td-tap-area-editor-build/Build/Intermediates.noindex/InDefenseOfHistory.build/Debug/LevelEditor.build/LevelEditor.hmap (in target 'LevelEditor' from project 'InDefenseOfHistory')
    cd /Users/john/projects/td/in-defense-of-history
    write-file /tmp/td-tap-area-editor-build/Build/Intermediates.noindex/InDefenseOfHistory.build/Debug/LevelEditor.build/LevelEditor.hmap

WriteAuxiliaryFile /tmp/td-tap-area-editor-build/Build/Intermediates.noindex/InDefenseOfHistory.build/Debug/LevelEditor.build/Objects-normal/arm64/LevelEditor-OutputFileMap.json (in target 'LevelEditor' from project 'InDefenseOfHistory')
    cd /Users/john/projects/td/in-defense-of-history
    write-file /tmp/td-tap-area-editor-build/Build/Intermediates.noindex/InDefenseOfHistory.build/Debug/LevelEditor.build/Objects-normal/arm64/LevelEditor-OutputFileMap.json

WriteAuxiliaryFile /tmp/td-tap-area-editor-build/Build/Intermediates.noindex/InDefenseOfHistory.build/Debug/LevelEditor.build/Objects-normal/arm64/LevelEditor.SwiftConstValuesFileList (in target 'LevelEditor' from project 'InDefenseOfHistory')
    cd /Users/john/projects/td/in-defense-of-history
    write-file /tmp/td-tap-area-editor-build/Build/Intermediates.noindex/InDefenseOfHistory.build/Debug/LevelEditor.build/Objects-normal/arm64/LevelEditor.SwiftConstValuesFileList

WriteAuxiliaryFile /tmp/td-tap-area-editor-build/Build/Intermediates.noindex/InDefenseOfHistory.build/Debug/LevelEditor.build/Objects-normal/arm64/LevelEditor.SwiftFileList (in target 'LevelEditor' from project 'InDefenseOfHistory')
    cd /Users/john/projects/td/in-defense-of-history
    write-file /tmp/td-tap-area-editor-build/Build/Intermediates.noindex/InDefenseOfHistory.build/Debug/LevelEditor.build/Objects-normal/arm64/LevelEditor.SwiftFileList

WriteAuxiliaryFile /tmp/td-tap-area-editor-build/Build/Intermediates.noindex/InDefenseOfHistory.build/Debug/LevelEditor.build/Objects-normal/arm64/LevelEditor.LinkFileList (in target 'LevelEditor' from project 'InDefenseOfHistory')
    cd /Users/john/projects/td/in-defense-of-history
    write-file /tmp/td-tap-area-editor-build/Build/Intermediates.noindex/InDefenseOfHistory.build/Debug/LevelEditor.build/Objects-normal/arm64/LevelEditor.LinkFileList

WriteAuxiliaryFile /tmp/td-tap-area-editor-build/Build/Intermediates.noindex/InDefenseOfHistory.build/Debug/LevelEditor.build/Objects-normal/arm64/LevelEditor_const_extract_protocols.json (in target 'LevelEditor' from project 'InDefenseOfHistory')
    cd /Users/john/projects/td/in-defense-of-history
    write-file /tmp/td-tap-area-editor-build/Build/Intermediates.noindex/InDefenseOfHistory.build/Debug/LevelEditor.build/Objects-normal/arm64/LevelEditor_const_extract_protocols.json

WriteAuxiliaryFile /tmp/td-tap-area-editor-build/Build/Intermediates.noindex/InDefenseOfHistory.build/Debug/LevelEditor.build/LevelEditor-generated-files.hmap (in target 'LevelEditor' from project 'InDefenseOfHistory')
    cd /Users/john/projects/td/in-defense-of-history
    write-file /tmp/td-tap-area-editor-build/Build/Intermediates.noindex/InDefenseOfHistory.build/Debug/LevelEditor.build/LevelEditor-generated-files.hmap

WriteAuxiliaryFile /tmp/td-tap-area-editor-build/Build/Intermediates.noindex/InDefenseOfHistory.build/Debug/LevelEditor.build/LevelEditor-all-target-headers.hmap (in target 'LevelEditor' from project 'InDefenseOfHistory')
    cd /Users/john/projects/td/in-defense-of-history
    write-file /tmp/td-tap-area-editor-build/Build/Intermediates.noindex/InDefenseOfHistory.build/Debug/LevelEditor.build/LevelEditor-all-target-headers.hmap

WriteAuxiliaryFile /tmp/td-tap-area-editor-build/Build/Intermediates.noindex/InDefenseOfHistory.build/Debug/LevelEditor.build/LevelEditor-all-non-framework-target-headers.hmap (in target 'LevelEditor' from project 'InDefenseOfHistory')
    cd /Users/john/projects/td/in-defense-of-history
    write-file /tmp/td-tap-area-editor-build/Build/Intermediates.noindex/InDefenseOfHistory.build/Debug/LevelEditor.build/LevelEditor-all-non-framework-target-headers.hmap

WriteAuxiliaryFile /tmp/td-tap-area-editor-build/Build/Intermediates.noindex/InDefenseOfHistory.build/Debug/LevelEditor.build/LevelEditor-DebugDylibPath-normal-arm64.txt (in target 'LevelEditor' from project 'InDefenseOfHistory')
    cd /Users/john/projects/td/in-defense-of-history
    write-file /tmp/td-tap-area-editor-build/Build/Intermediates.noindex/InDefenseOfHistory.build/Debug/LevelEditor.build/LevelEditor-DebugDylibPath-normal-arm64.txt

WriteAuxiliaryFile /tmp/td-tap-area-editor-build/Build/Intermediates.noindex/InDefenseOfHistory.build/Debug/LevelEditor.build/LevelEditor-DebugDylibInstallName-normal-arm64.txt (in target 'LevelEditor' from project 'InDefenseOfHistory')
    cd /Users/john/projects/td/in-defense-of-history
    write-file /tmp/td-tap-area-editor-build/Build/Intermediates.noindex/InDefenseOfHistory.build/Debug/LevelEditor.build/LevelEditor-DebugDylibInstallName-normal-arm64.txt

WriteAuxiliaryFile /tmp/td-tap-area-editor-build/Build/Intermediates.noindex/InDefenseOfHistory.build/Debug/LevelEditor.build/DerivedSources/Entitlements.plist (in target 'LevelEditor' from project 'InDefenseOfHistory')
    cd /Users/john/projects/td/in-defense-of-history
    write-file /tmp/td-tap-area-editor-build/Build/Intermediates.noindex/InDefenseOfHistory.build/Debug/LevelEditor.build/DerivedSources/Entitlements.plist

MkDir /tmp/td-tap-area-editor-build/Build/Products/Debug/LevelEditor.app/Contents/Resources (in target 'LevelEditor' from project 'InDefenseOfHistory')
    cd /Users/john/projects/td/in-defense-of-history
    /bin/mkdir -p /tmp/td-tap-area-editor-build/Build/Products/Debug/LevelEditor.app/Contents/Resources

MkDir /tmp/td-tap-area-editor-build/Build/Products/Debug/LevelEditor.app/Contents/MacOS (in target 'LevelEditor' from project 'InDefenseOfHistory')
    cd /Users/john/projects/td/in-defense-of-history
    /bin/mkdir -p /tmp/td-tap-area-editor-build/Build/Products/Debug/LevelEditor.app/Contents/MacOS

MkDir /tmp/td-tap-area-editor-build/Build/Products/Debug/LevelEditor.app/Contents (in target 'LevelEditor' from project 'InDefenseOfHistory')
    cd /Users/john/projects/td/in-defense-of-history
    /bin/mkdir -p /tmp/td-tap-area-editor-build/Build/Products/Debug/LevelEditor.app/Contents

MkDir /tmp/td-tap-area-editor-build/Build/Products/Debug/LevelEditor.app (in target 'LevelEditor' from project 'InDefenseOfHistory')
    cd /Users/john/projects/td/in-defense-of-history
    /bin/mkdir -p /tmp/td-tap-area-editor-build/Build/Products/Debug/LevelEditor.app

ProcessProductPackaging "" /tmp/td-tap-area-editor-build/Build/Intermediates.noindex/InDefenseOfHistory.build/Debug/LevelEditor.build/LevelEditor.app.xcent (in target 'LevelEditor' from project 'InDefenseOfHistory')
    cd /Users/john/projects/td/in-defense-of-history
    
    Entitlements:
    
    {
    "com.apple.security.get-task-allow" = 1;
}
    
    builtin-productPackagingUtility -entitlements -format xml -o /tmp/td-tap-area-editor-build/Build/Intermediates.noindex/InDefenseOfHistory.build/Debug/LevelEditor.build/LevelEditor.app.xcent

ProcessProductPackagingDER /tmp/td-tap-area-editor-build/Build/Intermediates.noindex/InDefenseOfHistory.build/Debug/LevelEditor.build/LevelEditor.app.xcent /tmp/td-tap-area-editor-build/Build/Intermediates.noindex/InDefenseOfHistory.build/Debug/LevelEditor.build/LevelEditor.app.xcent.der (in target 'LevelEditor' from project 'InDefenseOfHistory')
    cd /Users/john/projects/td/in-defense-of-history
    /usr/bin/derq query -f xml -i /tmp/td-tap-area-editor-build/Build/Intermediates.noindex/InDefenseOfHistory.build/Debug/LevelEditor.build/LevelEditor.app.xcent -o /tmp/td-tap-area-editor-build/Build/Intermediates.noindex/InDefenseOfHistory.build/Debug/LevelEditor.build/LevelEditor.app.xcent.der --raw

Ld /tmp/td-tap-area-editor-build/Build/Products/Debug/LevelEditor.app/Contents/MacOS/__preview.dylib normal (in target 'LevelEditor' from project 'InDefenseOfHistory')
    cd /Users/john/projects/td/in-defense-of-history
    /Applications/Xcode.app/Contents/Developer/Toolchains/XcodeDefault.xctoolchain/usr/bin/clang -Xlinker -reproducible -target arm64-apple-macos26.5 -dynamiclib -isysroot /Applications/Xcode.app/Contents/Developer/Platforms/MacOSX.platform/Developer/SDKs/MacOSX26.5.sdk -O0 -L/tmp/td-tap-area-editor-build/Build/Products/Debug -F/tmp/td-tap-area-editor-build/Build/Products/Debug -install_name @rpath/LevelEditor.debug.dylib -rdynamic -Xlinker -no_deduplicate -Xlinker -dependency_info -Xlinker /tmp/td-tap-area-editor-build/Build/Intermediates.noindex/InDefenseOfHistory.build/Debug/LevelEditor.build/Objects-normal/arm64/LevelEditor_dependency_info.dat -Xlinker -no_adhoc_codesign -o /tmp/td-tap-area-editor-build/Build/Products/Debug/LevelEditor.app/Contents/MacOS/__preview.dylib

MkDir /tmp/td-tap-area-editor-build/Build/Intermediates.noindex/InDefenseOfHistory.build/Debug/LevelEditor.build/assetcatalog_output/thinned (in target 'LevelEditor' from project 'InDefenseOfHistory')
    cd /Users/john/projects/td/in-defense-of-history
    /bin/mkdir -p /tmp/td-tap-area-editor-build/Build/Intermediates.noindex/InDefenseOfHistory.build/Debug/LevelEditor.build/assetcatalog_output/thinned

MkDir /tmp/td-tap-area-editor-build/Build/Intermediates.noindex/InDefenseOfHistory.build/Debug/LevelEditor.build/assetcatalog_output/unthinned (in target 'LevelEditor' from project 'InDefenseOfHistory')
    cd /Users/john/projects/td/in-defense-of-history
    /bin/mkdir -p /tmp/td-tap-area-editor-build/Build/Intermediates.noindex/InDefenseOfHistory.build/Debug/LevelEditor.build/assetcatalog_output/unthinned

GenerateAssetSymbols /Users/john/projects/td/in-defense-of-history/LevelEditor/Assets.xcassets (in target 'LevelEditor' from project 'InDefenseOfHistory')
    cd /Users/john/projects/td/in-defense-of-history
    /Applications/Xcode.app/Contents/Developer/usr/bin/actool /Users/john/projects/td/in-defense-of-history/LevelEditor/Assets.xcassets --compile /tmp/td-tap-area-editor-build/Build/Products/Debug/LevelEditor.app/Contents/Resources --output-format human-readable-text --notices --warnings --export-dependency-info /tmp/td-tap-area-editor-build/Build/Intermediates.noindex/InDefenseOfHistory.build/Debug/LevelEditor.build/assetcatalog_dependencies --output-partial-info-plist /tmp/td-tap-area-editor-build/Build/Intermediates.noindex/InDefenseOfHistory.build/Debug/LevelEditor.build/assetcatalog_generated_info.plist --app-icon AppIcon --enable-on-demand-resources NO --development-region en --target-device mac --minimum-deployment-target 26.5 --platform macosx --bundle-identifier com.zippyzen.td.leveleditor --generate-swift-asset-symbols /tmp/td-tap-area-editor-build/Build/Intermediates.noindex/InDefenseOfHistory.build/Debug/LevelEditor.build/DerivedSources/GeneratedAssetSymbols.swift --generate-objc-asset-symbols /tmp/td-tap-area-editor-build/Build/Intermediates.noindex/InDefenseOfHistory.build/Debug/LevelEditor.build/DerivedSources/GeneratedAssetSymbols.h --generate-asset-symbol-index /tmp/td-tap-area-editor-build/Build/Intermediates.noindex/InDefenseOfHistory.build/Debug/LevelEditor.build/DerivedSources/GeneratedAssetSymbols-Index.plist
/* com.apple.actool.compilation-results */
/tmp/td-tap-area-editor-build/Build/Intermediates.noindex/InDefenseOfHistory.build/Debug/LevelEditor.build/DerivedSources/GeneratedAssetSymbols-Index.plist
/tmp/td-tap-area-editor-build/Build/Intermediates.noindex/InDefenseOfHistory.build/Debug/LevelEditor.build/DerivedSources/GeneratedAssetSymbols.h
/tmp/td-tap-area-editor-build/Build/Intermediates.noindex/InDefenseOfHistory.build/Debug/LevelEditor.build/DerivedSources/GeneratedAssetSymbols.swift


CpResource /tmp/td-tap-area-editor-build/Build/Products/Debug/LevelEditor.app/Contents/Resources/virtual_canvas.sql /Users/john/projects/td/in-defense-of-history/Db/DML/virtual_canvas.sql (in target 'LevelEditor' from project 'InDefenseOfHistory')
    cd /Users/john/projects/td/in-defense-of-history
    builtin-copy -exclude .DS_Store -exclude CVS -exclude .svn -exclude .git -exclude .hg -resolve-src-symlinks /Users/john/projects/td/in-defense-of-history/Db/DML/virtual_canvas.sql /tmp/td-tap-area-editor-build/Build/Products/Debug/LevelEditor.app/Contents/Resources

CpResource /tmp/td-tap-area-editor-build/Build/Products/Debug/LevelEditor.app/Contents/Resources/unlocked_heroes.sql /Users/john/projects/td/in-defense-of-history/Db/DML/unlocked_heroes.sql (in target 'LevelEditor' from project 'InDefenseOfHistory')
    cd /Users/john/projects/td/in-defense-of-history
    builtin-copy -exclude .DS_Store -exclude CVS -exclude .svn -exclude .git -exclude .hg -resolve-src-symlinks /Users/john/projects/td/in-defense-of-history/Db/DML/unlocked_heroes.sql /tmp/td-tap-area-editor-build/Build/Products/Debug/LevelEditor.app/Contents/Resources

CpResource /tmp/td-tap-area-editor-build/Build/Products/Debug/LevelEditor.app/Contents/Resources/towers.sql /Users/john/projects/td/in-defense-of-history/Db/DML/towers.sql (in target 'LevelEditor' from project 'InDefenseOfHistory')
    cd /Users/john/projects/td/in-defense-of-history
    builtin-copy -exclude .DS_Store -exclude CVS -exclude .svn -exclude .git -exclude .hg -resolve-src-symlinks /Users/john/projects/td/in-defense-of-history/Db/DML/towers.sql /tmp/td-tap-area-editor-build/Build/Products/Debug/LevelEditor.app/Contents/Resources

CpResource /tmp/td-tap-area-editor-build/Build/Products/Debug/LevelEditor.app/Contents/Resources/tower_types.sql /Users/john/projects/td/in-defense-of-history/Db/DML/tower_types.sql (in target 'LevelEditor' from project 'InDefenseOfHistory')
    cd /Users/john/projects/td/in-defense-of-history
    builtin-copy -exclude .DS_Store -exclude CVS -exclude .svn -exclude .git -exclude .hg -resolve-src-symlinks /Users/john/projects/td/in-defense-of-history/Db/DML/tower_types.sql /tmp/td-tap-area-editor-build/Build/Products/Debug/LevelEditor.app/Contents/Resources

CpResource /tmp/td-tap-area-editor-build/Build/Products/Debug/LevelEditor.app/Contents/Resources/sim_tower_ranges.sql /Users/john/projects/td/in-defense-of-history/Db/DML/Simulator/sim_tower_ranges.sql (in target 'LevelEditor' from project 'InDefenseOfHistory')
    cd /Users/john/projects/td/in-defense-of-history
    builtin-copy -exclude .DS_Store -exclude CVS -exclude .svn -exclude .git -exclude .hg -resolve-src-symlinks /Users/john/projects/td/in-defense-of-history/Db/DML/Simulator/sim_tower_ranges.sql /tmp/td-tap-area-editor-build/Build/Products/Debug/LevelEditor.app/Contents/Resources

CpResource /tmp/td-tap-area-editor-build/Build/Products/Debug/LevelEditor.app/Contents/Resources/sim_melee_units.sql /Users/john/projects/td/in-defense-of-history/Db/DML/Simulator/sim_melee_units.sql (in target 'LevelEditor' from project 'InDefenseOfHistory')
    cd /Users/john/projects/td/in-defense-of-history
    builtin-copy -exclude .DS_Store -exclude CVS -exclude .svn -exclude .git -exclude .hg -resolve-src-symlinks /Users/john/projects/td/in-defense-of-history/Db/DML/Simulator/sim_melee_units.sql /tmp/td-tap-area-editor-build/Build/Products/Debug/LevelEditor.app/Contents/Resources

CpResource /tmp/td-tap-area-editor-build/Build/Products/Debug/LevelEditor.app/Contents/Resources/sim_enemy_types.sql /Users/john/projects/td/in-defense-of-history/Db/DML/Simulator/sim_enemy_types.sql (in target 'LevelEditor' from project 'InDefenseOfHistory')
    cd /Users/john/projects/td/in-defense-of-history
    builtin-copy -exclude .DS_Store -exclude CVS -exclude .svn -exclude .git -exclude .hg -resolve-src-symlinks /Users/john/projects/td/in-defense-of-history/Db/DML/Simulator/sim_enemy_types.sql /tmp/td-tap-area-editor-build/Build/Products/Debug/LevelEditor.app/Contents/Resources

CpResource /tmp/td-tap-area-editor-build/Build/Products/Debug/LevelEditor.app/Contents/Resources/sim_enemy_type_bounty.sql /Users/john/projects/td/in-defense-of-history/Db/DML/Simulator/sim_enemy_type_bounty.sql (in target 'LevelEditor' from project 'InDefenseOfHistory')
    cd /Users/john/projects/td/in-defense-of-history
    builtin-copy -exclude .DS_Store -exclude CVS -exclude .svn -exclude .git -exclude .hg -resolve-src-symlinks /Users/john/projects/td/in-defense-of-history/Db/DML/Simulator/sim_enemy_type_bounty.sql /tmp/td-tap-area-editor-build/Build/Products/Debug/LevelEditor.app/Contents/Resources

CpResource /tmp/td-tap-area-editor-build/Build/Products/Debug/LevelEditor.app/Contents/Resources/show_towers.sql /Users/john/projects/td/in-defense-of-history/Db/Queries/show_towers.sql (in target 'LevelEditor' from project 'InDefenseOfHistory')
    cd /Users/john/projects/td/in-defense-of-history
    builtin-copy -exclude .DS_Store -exclude CVS -exclude .svn -exclude .git -exclude .hg -resolve-src-symlinks /Users/john/projects/td/in-defense-of-history/Db/Queries/show_towers.sql /tmp/td-tap-area-editor-build/Build/Products/Debug/LevelEditor.app/Contents/Resources

CpResource /tmp/td-tap-area-editor-build/Build/Products/Debug/LevelEditor.app/Contents/Resources/show_levels_by_date.sql /Users/john/projects/td/in-defense-of-history/Db/Queries/show_levels_by_date.sql (in target 'LevelEditor' from project 'InDefenseOfHistory')
    cd /Users/john/projects/td/in-defense-of-history
    builtin-copy -exclude .DS_Store -exclude CVS -exclude .svn -exclude .git -exclude .hg -resolve-src-symlinks /Users/john/projects/td/in-defense-of-history/Db/Queries/show_levels_by_date.sql /tmp/td-tap-area-editor-build/Build/Products/Debug/LevelEditor.app/Contents/Resources

CpResource /tmp/td-tap-area-editor-build/Build/Products/Debug/LevelEditor.app/Contents/Resources/show_hero_unlocks.sql /Users/john/projects/td/in-defense-of-history/Db/Queries/show_hero_unlocks.sql (in target 'LevelEditor' from project 'InDefenseOfHistory')
    cd /Users/john/projects/td/in-defense-of-history
    builtin-copy -exclude .DS_Store -exclude CVS -exclude .svn -exclude .git -exclude .hg -resolve-src-symlinks /Users/john/projects/td/in-defense-of-history/Db/Queries/show_hero_unlocks.sql /tmp/td-tap-area-editor-build/Build/Products/Debug/LevelEditor.app/Contents/Resources

CpResource /tmp/td-tap-area-editor-build/Build/Products/Debug/LevelEditor.app/Contents/Resources/selected_heroes.sql /Users/john/projects/td/in-defense-of-history/Db/DML/selected_heroes.sql (in target 'LevelEditor' from project 'InDefenseOfHistory')
    cd /Users/john/projects/td/in-defense-of-history
    builtin-copy -exclude .DS_Store -exclude CVS -exclude .svn -exclude .git -exclude .hg -resolve-src-symlinks /Users/john/projects/td/in-defense-of-history/Db/DML/selected_heroes.sql /tmp/td-tap-area-editor-build/Build/Products/Debug/LevelEditor.app/Contents/Resources

CpResource /tmp/td-tap-area-editor-build/Build/Products/Debug/LevelEditor.app/Contents/Resources/reinforcement_config.sql /Users/john/projects/td/in-defense-of-history/Db/DML/reinforcement_config.sql (in target 'LevelEditor' from project 'InDefenseOfHistory')
    cd /Users/john/projects/td/in-defense-of-history
    builtin-copy -exclude .DS_Store -exclude CVS -exclude .svn -exclude .git -exclude .hg -resolve-src-symlinks /Users/john/projects/td/in-defense-of-history/Db/DML/reinforcement_config.sql /tmp/td-tap-area-editor-build/Build/Products/Debug/LevelEditor.app/Contents/Resources

CpResource /tmp/td-tap-area-editor-build/Build/Products/Debug/LevelEditor.app/Contents/Resources/selected_difficulty.sql /Users/john/projects/td/in-defense-of-history/Db/DML/selected_difficulty.sql (in target 'LevelEditor' from project 'InDefenseOfHistory')
    cd /Users/john/projects/td/in-defense-of-history
    builtin-copy -exclude .DS_Store -exclude CVS -exclude .svn -exclude .git -exclude .hg -resolve-src-symlinks /Users/john/projects/td/in-defense-of-history/Db/DML/selected_difficulty.sql /tmp/td-tap-area-editor-build/Build/Products/Debug/LevelEditor.app/Contents/Resources

CpResource /tmp/td-tap-area-editor-build/Build/Products/Debug/LevelEditor.app/Contents/Resources/palette.json /Users/john/projects/td/in-defense-of-history/Images/PathEdges/palette.json (in target 'LevelEditor' from project 'InDefenseOfHistory')
    cd /Users/john/projects/td/in-defense-of-history
    builtin-copy -exclude .DS_Store -exclude CVS -exclude .svn -exclude .git -exclude .hg -resolve-src-symlinks /Users/john/projects/td/in-defense-of-history/Images/PathEdges/palette.json /tmp/td-tap-area-editor-build/Build/Products/Debug/LevelEditor.app/Contents/Resources

CpResource /tmp/td-tap-area-editor-build/Build/Products/Debug/LevelEditor.app/Contents/Resources/melee_units.sql /Users/john/projects/td/in-defense-of-history/Db/DML/melee_units.sql (in target 'LevelEditor' from project 'InDefenseOfHistory')
    cd /Users/john/projects/td/in-defense-of-history
    builtin-copy -exclude .DS_Store -exclude CVS -exclude .svn -exclude .git -exclude .hg -resolve-src-symlinks /Users/john/projects/td/in-defense-of-history/Db/DML/melee_units.sql /tmp/td-tap-area-editor-build/Build/Products/Debug/LevelEditor.app/Contents/Resources

CpResource /tmp/td-tap-area-editor-build/Build/Products/Debug/LevelEditor.app/Contents/Resources/level_waves.sql /Users/john/projects/td/in-defense-of-history/Db/DML/level_waves.sql (in target 'LevelEditor' from project 'InDefenseOfHistory')
    cd /Users/john/projects/td/in-defense-of-history
    builtin-copy -exclude .DS_Store -exclude CVS -exclude .svn -exclude .git -exclude .hg -resolve-src-symlinks /Users/john/projects/td/in-defense-of-history/Db/DML/level_waves.sql /tmp/td-tap-area-editor-build/Build/Products/Debug/LevelEditor.app/Contents/Resources

CpResource /tmp/td-tap-area-editor-build/Build/Products/Debug/LevelEditor.app/Contents/Resources/level_wave_enemy_spawns.sql /Users/john/projects/td/in-defense-of-history/Db/DML/level_wave_enemy_spawns.sql (in target 'LevelEditor' from project 'InDefenseOfHistory')
    cd /Users/john/projects/td/in-defense-of-history
    builtin-copy -exclude .DS_Store -exclude CVS -exclude .svn -exclude .git -exclude .hg -resolve-src-symlinks /Users/john/projects/td/in-defense-of-history/Db/DML/level_wave_enemy_spawns.sql /tmp/td-tap-area-editor-build/Build/Products/Debug/LevelEditor.app/Contents/Resources

CpResource /tmp/td-tap-area-editor-build/Build/Products/Debug/LevelEditor.app/Contents/Resources/level_tower_unlocks.sql /Users/john/projects/td/in-defense-of-history/Db/DML/level_tower_unlocks.sql (in target 'LevelEditor' from project 'InDefenseOfHistory')
    cd /Users/john/projects/td/in-defense-of-history
    builtin-copy -exclude .DS_Store -exclude CVS -exclude .svn -exclude .git -exclude .hg -resolve-src-symlinks /Users/john/projects/td/in-defense-of-history/Db/DML/level_tower_unlocks.sql /tmp/td-tap-area-editor-build/Build/Products/Debug/LevelEditor.app/Contents/Resources

CpResource /tmp/td-tap-area-editor-build/Build/Products/Debug/LevelEditor.app/Contents/Resources/level_heroes.sql /Users/john/projects/td/in-defense-of-history/Db/DML/level_heroes.sql (in target 'LevelEditor' from project 'InDefenseOfHistory')
    cd /Users/john/projects/td/in-defense-of-history
    builtin-copy -exclude .DS_Store -exclude CVS -exclude .svn -exclude .git -exclude .hg -resolve-src-symlinks /Users/john/projects/td/in-defense-of-history/Db/DML/level_heroes.sql /tmp/td-tap-area-editor-build/Build/Products/Debug/LevelEditor.app/Contents/Resources

CpResource /tmp/td-tap-area-editor-build/Build/Products/Debug/LevelEditor.app/Contents/Resources/level_41_eutaw_springs.sql /Users/john/projects/td/in-defense-of-history/Db/DML/Levels/level_41_eutaw_springs.sql (in target 'LevelEditor' from project 'InDefenseOfHistory')
    cd /Users/john/projects/td/in-defense-of-history
    builtin-copy -exclude .DS_Store -exclude CVS -exclude .svn -exclude .git -exclude .hg -resolve-src-symlinks /Users/john/projects/td/in-defense-of-history/Db/DML/Levels/level_41_eutaw_springs.sql /tmp/td-tap-area-editor-build/Build/Products/Debug/LevelEditor.app/Contents/Resources

CpResource /tmp/td-tap-area-editor-build/Build/Products/Debug/LevelEditor.app/Contents/Resources/level_40_guilford_courthouse.sql /Users/john/projects/td/in-defense-of-history/Db/DML/Levels/level_40_guilford_courthouse.sql (in target 'LevelEditor' from project 'InDefenseOfHistory')
    cd /Users/john/projects/td/in-defense-of-history
    builtin-copy -exclude .DS_Store -exclude CVS -exclude .svn -exclude .git -exclude .hg -resolve-src-symlinks /Users/john/projects/td/in-defense-of-history/Db/DML/Levels/level_40_guilford_courthouse.sql /tmp/td-tap-area-editor-build/Build/Products/Debug/LevelEditor.app/Contents/Resources

CpResource /tmp/td-tap-area-editor-build/Build/Products/Debug/LevelEditor.app/Contents/Resources/level_39_cowpens.sql /Users/john/projects/td/in-defense-of-history/Db/DML/Levels/level_39_cowpens.sql (in target 'LevelEditor' from project 'InDefenseOfHistory')
    cd /Users/john/projects/td/in-defense-of-history
    builtin-copy -exclude .DS_Store -exclude CVS -exclude .svn -exclude .git -exclude .hg -resolve-src-symlinks /Users/john/projects/td/in-defense-of-history/Db/DML/Levels/level_39_cowpens.sql /tmp/td-tap-area-editor-build/Build/Products/Debug/LevelEditor.app/Contents/Resources

CpResource /tmp/td-tap-area-editor-build/Build/Products/Debug/LevelEditor.app/Contents/Resources/level_38_kings_mountain.sql /Users/john/projects/td/in-defense-of-history/Db/DML/Levels/level_38_kings_mountain.sql (in target 'LevelEditor' from project 'InDefenseOfHistory')
    cd /Users/john/projects/td/in-defense-of-history
    builtin-copy -exclude .DS_Store -exclude CVS -exclude .svn -exclude .git -exclude .hg -resolve-src-symlinks /Users/john/projects/td/in-defense-of-history/Db/DML/Levels/level_38_kings_mountain.sql /tmp/td-tap-area-editor-build/Build/Products/Debug/LevelEditor.app/Contents/Resources

CpResource /tmp/td-tap-area-editor-build/Build/Products/Debug/LevelEditor.app/Contents/Resources/level_37_camden.sql /Users/john/projects/td/in-defense-of-history/Db/DML/Levels/level_37_camden.sql (in target 'LevelEditor' from project 'InDefenseOfHistory')
    cd /Users/john/projects/td/in-defense-of-history
    builtin-copy -exclude .DS_Store -exclude CVS -exclude .svn -exclude .git -exclude .hg -resolve-src-symlinks /Users/john/projects/td/in-defense-of-history/Db/DML/Levels/level_37_camden.sql /tmp/td-tap-area-editor-build/Build/Products/Debug/LevelEditor.app/Contents/Resources

CpResource /tmp/td-tap-area-editor-build/Build/Products/Debug/LevelEditor.app/Contents/Resources/level_36_white_marsh.sql /Users/john/projects/td/in-defense-of-history/Db/DML/Levels/level_36_white_marsh.sql (in target 'LevelEditor' from project 'InDefenseOfHistory')
    cd /Users/john/projects/td/in-defense-of-history
    builtin-copy -exclude .DS_Store -exclude CVS -exclude .svn -exclude .git -exclude .hg -resolve-src-symlinks /Users/john/projects/td/in-defense-of-history/Db/DML/Levels/level_36_white_marsh.sql /tmp/td-tap-area-editor-build/Build/Products/Debug/LevelEditor.app/Contents/Resources

CpResource /tmp/td-tap-area-editor-build/Build/Products/Debug/LevelEditor.app/Contents/Resources/level_35_germantown.sql /Users/john/projects/td/in-defense-of-history/Db/DML/Levels/level_35_germantown.sql (in target 'LevelEditor' from project 'InDefenseOfHistory')
    cd /Users/john/projects/td/in-defense-of-history
    builtin-copy -exclude .DS_Store -exclude CVS -exclude .svn -exclude .git -exclude .hg -resolve-src-symlinks /Users/john/projects/td/in-defense-of-history/Db/DML/Levels/level_35_germantown.sql /tmp/td-tap-area-editor-build/Build/Products/Debug/LevelEditor.app/Contents/Resources

CpResource /tmp/td-tap-area-editor-build/Build/Products/Debug/LevelEditor.app/Contents/Resources/level_34_paoli.sql /Users/john/projects/td/in-defense-of-history/Db/DML/Levels/level_34_paoli.sql (in target 'LevelEditor' from project 'InDefenseOfHistory')
    cd /Users/john/projects/td/in-defense-of-history
    builtin-copy -exclude .DS_Store -exclude CVS -exclude .svn -exclude .git -exclude .hg -resolve-src-symlinks /Users/john/projects/td/in-defense-of-history/Db/DML/Levels/level_34_paoli.sql /tmp/td-tap-area-editor-build/Build/Products/Debug/LevelEditor.app/Contents/Resources

CpResource /tmp/td-tap-area-editor-build/Build/Products/Debug/LevelEditor.app/Contents/Resources/level_33_brandywine.sql /Users/john/projects/td/in-defense-of-history/Db/DML/Levels/level_33_brandywine.sql (in target 'LevelEditor' from project 'InDefenseOfHistory')
    cd /Users/john/projects/td/in-defense-of-history
    builtin-copy -exclude .DS_Store -exclude CVS -exclude .svn -exclude .git -exclude .hg -resolve-src-symlinks /Users/john/projects/td/in-defense-of-history/Db/DML/Levels/level_33_brandywine.sql /tmp/td-tap-area-editor-build/Build/Products/Debug/LevelEditor.app/Contents/Resources

CpResource /tmp/td-tap-area-editor-build/Build/Products/Debug/LevelEditor.app/Contents/Resources/level_32_coochs_bridge.sql /Users/john/projects/td/in-defense-of-history/Db/DML/Levels/level_32_coochs_bridge.sql (in target 'LevelEditor' from project 'InDefenseOfHistory')
    cd /Users/john/projects/td/in-defense-of-history
    builtin-copy -exclude .DS_Store -exclude CVS -exclude .svn -exclude .git -exclude .hg -resolve-src-symlinks /Users/john/projects/td/in-defense-of-history/Db/DML/Levels/level_32_coochs_bridge.sql /tmp/td-tap-area-editor-build/Build/Products/Debug/LevelEditor.app/Contents/Resources

CpResource /tmp/td-tap-area-editor-build/Build/Products/Debug/LevelEditor.app/Contents/Resources/level_31_bennington.sql /Users/john/projects/td/in-defense-of-history/Db/DML/Levels/level_31_bennington.sql (in target 'LevelEditor' from project 'InDefenseOfHistory')
    cd /Users/john/projects/td/in-defense-of-history
    builtin-copy -exclude .DS_Store -exclude CVS -exclude .svn -exclude .git -exclude .hg -resolve-src-symlinks /Users/john/projects/td/in-defense-of-history/Db/DML/Levels/level_31_bennington.sql /tmp/td-tap-area-editor-build/Build/Products/Debug/LevelEditor.app/Contents/Resources

CpResource /tmp/td-tap-area-editor-build/Build/Products/Debug/LevelEditor.app/Contents/Resources/level_30_oriskany.sql /Users/john/projects/td/in-defense-of-history/Db/DML/Levels/level_30_oriskany.sql (in target 'LevelEditor' from project 'InDefenseOfHistory')
    cd /Users/john/projects/td/in-defense-of-history
    builtin-copy -exclude .DS_Store -exclude CVS -exclude .svn -exclude .git -exclude .hg -resolve-src-symlinks /Users/john/projects/td/in-defense-of-history/Db/DML/Levels/level_30_oriskany.sql /tmp/td-tap-area-editor-build/Build/Products/Debug/LevelEditor.app/Contents/Resources

CpResource /tmp/td-tap-area-editor-build/Build/Products/Debug/LevelEditor.app/Contents/Resources/level_29_fort_stanwix.sql /Users/john/projects/td/in-defense-of-history/Db/DML/Levels/level_29_fort_stanwix.sql (in target 'LevelEditor' from project 'InDefenseOfHistory')
    cd /Users/john/projects/td/in-defense-of-history
    builtin-copy -exclude .DS_Store -exclude CVS -exclude .svn -exclude .git -exclude .hg -resolve-src-symlinks /Users/john/projects/td/in-defense-of-history/Db/DML/Levels/level_29_fort_stanwix.sql /tmp/td-tap-area-editor-build/Build/Products/Debug/LevelEditor.app/Contents/Resources

CpResource /tmp/td-tap-area-editor-build/Build/Products/Debug/LevelEditor.app/Contents/Resources/level_28_hubbardton.sql /Users/john/projects/td/in-defense-of-history/Db/DML/Levels/level_28_hubbardton.sql (in target 'LevelEditor' from project 'InDefenseOfHistory')
    cd /Users/john/projects/td/in-defense-of-history
    builtin-copy -exclude .DS_Store -exclude CVS -exclude .svn -exclude .git -exclude .hg -resolve-src-symlinks /Users/john/projects/td/in-defense-of-history/Db/DML/Levels/level_28_hubbardton.sql /tmp/td-tap-area-editor-build/Build/Products/Debug/LevelEditor.app/Contents/Resources

CpResource /tmp/td-tap-area-editor-build/Build/Products/Debug/LevelEditor.app/Contents/Resources/level_27_valcour_island.sql /Users/john/projects/td/in-defense-of-history/Db/DML/Levels/level_27_valcour_island.sql (in target 'LevelEditor' from project 'InDefenseOfHistory')
    cd /Users/john/projects/td/in-defense-of-history
    builtin-copy -exclude .DS_Store -exclude CVS -exclude .svn -exclude .git -exclude .hg -resolve-src-symlinks /Users/john/projects/td/in-defense-of-history/Db/DML/Levels/level_27_valcour_island.sql /tmp/td-tap-area-editor-build/Build/Products/Debug/LevelEditor.app/Contents/Resources

CpResource /tmp/td-tap-area-editor-build/Build/Products/Debug/LevelEditor.app/Contents/Resources/level_26_quebec.sql /Users/john/projects/td/in-defense-of-history/Db/DML/Levels/level_26_quebec.sql (in target 'LevelEditor' from project 'InDefenseOfHistory')
    cd /Users/john/projects/td/in-defense-of-history
    builtin-copy -exclude .DS_Store -exclude CVS -exclude .svn -exclude .git -exclude .hg -resolve-src-symlinks /Users/john/projects/td/in-defense-of-history/Db/DML/Levels/level_26_quebec.sql /tmp/td-tap-area-editor-build/Build/Products/Debug/LevelEditor.app/Contents/Resources

CpResource /tmp/td-tap-area-editor-build/Build/Products/Debug/LevelEditor.app/Contents/Resources/level_25_flamborough_head.sql /Users/john/projects/td/in-defense-of-history/Db/DML/Levels/level_25_flamborough_head.sql (in target 'LevelEditor' from project 'InDefenseOfHistory')
    cd /Users/john/projects/td/in-defense-of-history
    builtin-copy -exclude .DS_Store -exclude CVS -exclude .svn -exclude .git -exclude .hg -resolve-src-symlinks /Users/john/projects/td/in-defense-of-history/Db/DML/Levels/level_25_flamborough_head.sql /tmp/td-tap-area-editor-build/Build/Products/Debug/LevelEditor.app/Contents/Resources

CpResource /tmp/td-tap-area-editor-build/Build/Products/Debug/LevelEditor.app/Contents/Resources/level_24_savannah.sql /Users/john/projects/td/in-defense-of-history/Db/DML/Levels/level_24_savannah.sql (in target 'LevelEditor' from project 'InDefenseOfHistory')
    cd /Users/john/projects/td/in-defense-of-history
    builtin-copy -exclude .DS_Store -exclude CVS -exclude .svn -exclude .git -exclude .hg -resolve-src-symlinks /Users/john/projects/td/in-defense-of-history/Db/DML/Levels/level_24_savannah.sql /tmp/td-tap-area-editor-build/Build/Products/Debug/LevelEditor.app/Contents/Resources

CpResource /tmp/td-tap-area-editor-build/Build/Products/Debug/LevelEditor.app/Contents/Resources/level_23_stony_point.sql /Users/john/projects/td/in-defense-of-history/Db/DML/Levels/level_23_stony_point.sql (in target 'LevelEditor' from project 'InDefenseOfHistory')
    cd /Users/john/projects/td/in-defense-of-history
    builtin-copy -exclude .DS_Store -exclude CVS -exclude .svn -exclude .git -exclude .hg -resolve-src-symlinks /Users/john/projects/td/in-defense-of-history/Db/DML/Levels/level_23_stony_point.sql /tmp/td-tap-area-editor-build/Build/Products/Debug/LevelEditor.app/Contents/Resources

CpResource /tmp/td-tap-area-editor-build/Build/Products/Debug/LevelEditor.app/Contents/Resources/level_22_rhode_island.sql /Users/john/projects/td/in-defense-of-history/Db/DML/Levels/level_22_rhode_island.sql (in target 'LevelEditor' from project 'InDefenseOfHistory')
    cd /Users/john/projects/td/in-defense-of-history
    builtin-copy -exclude .DS_Store -exclude CVS -exclude .svn -exclude .git -exclude .hg -resolve-src-symlinks /Users/john/projects/td/in-defense-of-history/Db/DML/Levels/level_22_rhode_island.sql /tmp/td-tap-area-editor-build/Build/Products/Debug/LevelEditor.app/Contents/Resources

CpResource /tmp/td-tap-area-editor-build/Build/Products/Debug/LevelEditor.app/Contents/Resources/level_21_monmouth.sql /Users/john/projects/td/in-defense-of-history/Db/DML/Levels/level_21_monmouth.sql (in target 'LevelEditor' from project 'InDefenseOfHistory')
    cd /Users/john/projects/td/in-defense-of-history
    builtin-copy -exclude .DS_Store -exclude CVS -exclude .svn -exclude .git -exclude .hg -resolve-src-symlinks /Users/john/projects/td/in-defense-of-history/Db/DML/Levels/level_21_monmouth.sql /tmp/td-tap-area-editor-build/Build/Products/Debug/LevelEditor.app/Contents/Resources

CpResource /tmp/td-tap-area-editor-build/Build/Products/Debug/LevelEditor.app/Contents/Resources/level_20_fort_washington.sql /Users/john/projects/td/in-defense-of-history/Db/DML/Levels/level_20_fort_washington.sql (in target 'LevelEditor' from project 'InDefenseOfHistory')
    cd /Users/john/projects/td/in-defense-of-history
    builtin-copy -exclude .DS_Store -exclude CVS -exclude .svn -exclude .git -exclude .hg -resolve-src-symlinks /Users/john/projects/td/in-defense-of-history/Db/DML/Levels/level_20_fort_washington.sql /tmp/td-tap-area-editor-build/Build/Products/Debug/LevelEditor.app/Contents/Resources

CpResource /tmp/td-tap-area-editor-build/Build/Products/Debug/LevelEditor.app/Contents/Resources/level_19_white_plains.sql /Users/john/projects/td/in-defense-of-history/Db/DML/Levels/level_19_white_plains.sql (in target 'LevelEditor' from project 'InDefenseOfHistory')
    cd /Users/john/projects/td/in-defense-of-history
    builtin-copy -exclude .DS_Store -exclude CVS -exclude .svn -exclude .git -exclude .hg -resolve-src-symlinks /Users/john/projects/td/in-defense-of-history/Db/DML/Levels/level_19_white_plains.sql /tmp/td-tap-area-editor-build/Build/Products/Debug/LevelEditor.app/Contents/Resources

CpResource /tmp/td-tap-area-editor-build/Build/Products/Debug/LevelEditor.app/Contents/Resources/level_18_pells_point.sql /Users/john/projects/td/in-defense-of-history/Db/DML/Levels/level_18_pells_point.sql (in target 'LevelEditor' from project 'InDefenseOfHistory')
    cd /Users/john/projects/td/in-defense-of-history
    builtin-copy -exclude .DS_Store -exclude CVS -exclude .svn -exclude .git -exclude .hg -resolve-src-symlinks /Users/john/projects/td/in-defense-of-history/Db/DML/Levels/level_18_pells_point.sql /tmp/td-tap-area-editor-build/Build/Products/Debug/LevelEditor.app/Contents/Resources

CpResource /tmp/td-tap-area-editor-build/Build/Products/Debug/LevelEditor.app/Contents/Resources/level_17_harlem_heights.sql /Users/john/projects/td/in-defense-of-history/Db/DML/Levels/level_17_harlem_heights.sql (in target 'LevelEditor' from project 'InDefenseOfHistory')
    cd /Users/john/projects/td/in-defense-of-history
    builtin-copy -exclude .DS_Store -exclude CVS -exclude .svn -exclude .git -exclude .hg -resolve-src-symlinks /Users/john/projects/td/in-defense-of-history/Db/DML/Levels/level_17_harlem_heights.sql /tmp/td-tap-area-editor-build/Build/Products/Debug/LevelEditor.app/Contents/Resources

CpResource /tmp/td-tap-area-editor-build/Build/Products/Debug/LevelEditor.app/Contents/Resources/level_15_charleston_waves.sql /Users/john/projects/td/in-defense-of-history/Db/DML/level_15_charleston_waves.sql (in target 'LevelEditor' from project 'InDefenseOfHistory')
    cd /Users/john/projects/td/in-defense-of-history
    builtin-copy -exclude .DS_Store -exclude CVS -exclude .svn -exclude .git -exclude .hg -resolve-src-symlinks /Users/john/projects/td/in-defense-of-history/Db/DML/level_15_charleston_waves.sql /tmp/td-tap-area-editor-build/Build/Products/Debug/LevelEditor.app/Contents/Resources

CpResource /tmp/td-tap-area-editor-build/Build/Products/Debug/LevelEditor.app/Contents/Resources/level_16_kips_bay.sql /Users/john/projects/td/in-defense-of-history/Db/DML/Levels/level_16_kips_bay.sql (in target 'LevelEditor' from project 'InDefenseOfHistory')
    cd /Users/john/projects/td/in-defense-of-history
    builtin-copy -exclude .DS_Store -exclude CVS -exclude .svn -exclude .git -exclude .hg -resolve-src-symlinks /Users/john/projects/td/in-defense-of-history/Db/DML/Levels/level_16_kips_bay.sql /tmp/td-tap-area-editor-build/Build/Products/Debug/LevelEditor.app/Contents/Resources

CpResource /tmp/td-tap-area-editor-build/Build/Products/Debug/LevelEditor.app/Contents/Resources/level_15_charleston.geojson /Users/john/projects/td/in-defense-of-history/Db/level_15_charleston.geojson (in target 'LevelEditor' from project 'InDefenseOfHistory')
    cd /Users/john/projects/td/in-defense-of-history
    builtin-copy -exclude .DS_Store -exclude CVS -exclude .svn -exclude .git -exclude .hg -resolve-src-symlinks /Users/john/projects/td/in-defense-of-history/Db/level_15_charleston.geojson /tmp/td-tap-area-editor-build/Build/Products/Debug/LevelEditor.app/Contents/Resources

CpResource /tmp/td-tap-area-editor-build/Build/Products/Debug/LevelEditor.app/Contents/Resources/level_15_charleston.sql /Users/john/projects/td/in-defense-of-history/Db/DML/Levels/level_15_charleston.sql (in target 'LevelEditor' from project 'InDefenseOfHistory')
    cd /Users/john/projects/td/in-defense-of-history
    builtin-copy -exclude .DS_Store -exclude CVS -exclude .svn -exclude .git -exclude .hg -resolve-src-symlinks /Users/john/projects/td/in-defense-of-history/Db/DML/Levels/level_15_charleston.sql /tmp/td-tap-area-editor-build/Build/Products/Debug/LevelEditor.app/Contents/Resources

CpResource /tmp/td-tap-area-editor-build/Build/Products/Debug/LevelEditor.app/Contents/Resources/level_14_savannah.sql /Users/john/projects/td/in-defense-of-history/Db/DML/Levels/level_14_savannah.sql (in target 'LevelEditor' from project 'InDefenseOfHistory')
    cd /Users/john/projects/td/in-defense-of-history
    builtin-copy -exclude .DS_Store -exclude CVS -exclude .svn -exclude .git -exclude .hg -resolve-src-symlinks /Users/john/projects/td/in-defense-of-history/Db/DML/Levels/level_14_savannah.sql /tmp/td-tap-area-editor-build/Build/Products/Debug/LevelEditor.app/Contents/Resources

CpResource /tmp/td-tap-area-editor-build/Build/Products/Debug/LevelEditor.app/Contents/Resources/level_13_new_haven_waves.sql /Users/john/projects/td/in-defense-of-history/Db/DML/level_13_new_haven_waves.sql (in target 'LevelEditor' from project 'InDefenseOfHistory')
    cd /Users/john/projects/td/in-defense-of-history
    builtin-copy -exclude .DS_Store -exclude CVS -exclude .svn -exclude .git -exclude .hg -resolve-src-symlinks /Users/john/projects/td/in-defense-of-history/Db/DML/level_13_new_haven_waves.sql /tmp/td-tap-area-editor-build/Build/Products/Debug/LevelEditor.app/Contents/Resources

CpResource /tmp/td-tap-area-editor-build/Build/Products/Debug/LevelEditor.app/Contents/Resources/level_13_new_haven.sql /Users/john/projects/td/in-defense-of-history/Db/DML/Levels/level_13_new_haven.sql (in target 'LevelEditor' from project 'InDefenseOfHistory')
    cd /Users/john/projects/td/in-defense-of-history
    builtin-copy -exclude .DS_Store -exclude CVS -exclude .svn -exclude .git -exclude .hg -resolve-src-symlinks /Users/john/projects/td/in-defense-of-history/Db/DML/Levels/level_13_new_haven.sql /tmp/td-tap-area-editor-build/Build/Products/Debug/LevelEditor.app/Contents/Resources

CpResource /tmp/td-tap-area-editor-build/Build/Products/Debug/LevelEditor.app/Contents/Resources/level_12_kettle_creek_waves.sql /Users/john/projects/td/in-defense-of-history/Db/DML/level_12_kettle_creek_waves.sql (in target 'LevelEditor' from project 'InDefenseOfHistory')
    cd /Users/john/projects/td/in-defense-of-history
    builtin-copy -exclude .DS_Store -exclude CVS -exclude .svn -exclude .git -exclude .hg -resolve-src-symlinks /Users/john/projects/td/in-defense-of-history/Db/DML/level_12_kettle_creek_waves.sql /tmp/td-tap-area-editor-build/Build/Products/Debug/LevelEditor.app/Contents/Resources

CpResource /tmp/td-tap-area-editor-build/Build/Products/Debug/LevelEditor.app/Contents/Resources/level_12_kettle_creek.sql /Users/john/projects/td/in-defense-of-history/Db/DML/Levels/level_12_kettle_creek.sql (in target 'LevelEditor' from project 'InDefenseOfHistory')
    cd /Users/john/projects/td/in-defense-of-history
    builtin-copy -exclude .DS_Store -exclude CVS -exclude .svn -exclude .git -exclude .hg -resolve-src-symlinks /Users/john/projects/td/in-defense-of-history/Db/DML/Levels/level_12_kettle_creek.sql /tmp/td-tap-area-editor-build/Build/Products/Debug/LevelEditor.app/Contents/Resources

CpResource /tmp/td-tap-area-editor-build/Build/Products/Debug/LevelEditor.app/Contents/Resources/level_11_saratoga.sql /Users/john/projects/td/in-defense-of-history/Db/DML/Levels/level_11_saratoga.sql (in target 'LevelEditor' from project 'InDefenseOfHistory')
    cd /Users/john/projects/td/in-defense-of-history
    builtin-copy -exclude .DS_Store -exclude CVS -exclude .svn -exclude .git -exclude .hg -resolve-src-symlinks /Users/john/projects/td/in-defense-of-history/Db/DML/Levels/level_11_saratoga.sql /tmp/td-tap-area-editor-build/Build/Products/Debug/LevelEditor.app/Contents/Resources

CpResource /tmp/td-tap-area-editor-build/Build/Products/Debug/LevelEditor.app/Contents/Resources/level_10_fort_ann.sql /Users/john/projects/td/in-defense-of-history/Db/DML/Levels/level_10_fort_ann.sql (in target 'LevelEditor' from project 'InDefenseOfHistory')
    cd /Users/john/projects/td/in-defense-of-history
    builtin-copy -exclude .DS_Store -exclude CVS -exclude .svn -exclude .git -exclude .hg -resolve-src-symlinks /Users/john/projects/td/in-defense-of-history/Db/DML/Levels/level_10_fort_ann.sql /tmp/td-tap-area-editor-build/Build/Products/Debug/LevelEditor.app/Contents/Resources

CpResource /tmp/td-tap-area-editor-build/Build/Products/Debug/LevelEditor.app/Contents/Resources/level_09_princeton.sql /Users/john/projects/td/in-defense-of-history/Db/DML/Levels/level_09_princeton.sql (in target 'LevelEditor' from project 'InDefenseOfHistory')
    cd /Users/john/projects/td/in-defense-of-history
    builtin-copy -exclude .DS_Store -exclude CVS -exclude .svn -exclude .git -exclude .hg -resolve-src-symlinks /Users/john/projects/td/in-defense-of-history/Db/DML/Levels/level_09_princeton.sql /tmp/td-tap-area-editor-build/Build/Products/Debug/LevelEditor.app/Contents/Resources

CpResource /tmp/td-tap-area-editor-build/Build/Products/Debug/LevelEditor.app/Contents/Resources/level_08_trenton.sql /Users/john/projects/td/in-defense-of-history/Db/DML/Levels/level_08_trenton.sql (in target 'LevelEditor' from project 'InDefenseOfHistory')
    cd /Users/john/projects/td/in-defense-of-history
    builtin-copy -exclude .DS_Store -exclude CVS -exclude .svn -exclude .git -exclude .hg -resolve-src-symlinks /Users/john/projects/td/in-defense-of-history/Db/DML/Levels/level_08_trenton.sql /tmp/td-tap-area-editor-build/Build/Products/Debug/LevelEditor.app/Contents/Resources

CpResource /tmp/td-tap-area-editor-build/Build/Products/Debug/LevelEditor.app/Contents/Resources/level_07_long_island.sql /Users/john/projects/td/in-defense-of-history/Db/DML/Levels/level_07_long_island.sql (in target 'LevelEditor' from project 'InDefenseOfHistory')
    cd /Users/john/projects/td/in-defense-of-history
    builtin-copy -exclude .DS_Store -exclude CVS -exclude .svn -exclude .git -exclude .hg -resolve-src-symlinks /Users/john/projects/td/in-defense-of-history/Db/DML/Levels/level_07_long_island.sql /tmp/td-tap-area-editor-build/Build/Products/Debug/LevelEditor.app/Contents/Resources

CpResource /tmp/td-tap-area-editor-build/Build/Products/Debug/LevelEditor.app/Contents/Resources/level_06_sullivans_island.sql /Users/john/projects/td/in-defense-of-history/Db/DML/Levels/level_06_sullivans_island.sql (in target 'LevelEditor' from project 'InDefenseOfHistory')
    cd /Users/john/projects/td/in-defense-of-history
    builtin-copy -exclude .DS_Store -exclude CVS -exclude .svn -exclude .git -exclude .hg -resolve-src-symlinks /Users/john/projects/td/in-defense-of-history/Db/DML/Levels/level_06_sullivans_island.sql /tmp/td-tap-area-editor-build/Build/Products/Debug/LevelEditor.app/Contents/Resources

CpResource /tmp/td-tap-area-editor-build/Build/Products/Debug/LevelEditor.app/Contents/Resources/level_05_dorchester_heights.sql /Users/john/projects/td/in-defense-of-history/Db/DML/Levels/level_05_dorchester_heights.sql (in target 'LevelEditor' from project 'InDefenseOfHistory')
    cd /Users/john/projects/td/in-defense-of-history
    builtin-copy -exclude .DS_Store -exclude CVS -exclude .svn -exclude .git -exclude .hg -resolve-src-symlinks /Users/john/projects/td/in-defense-of-history/Db/DML/Levels/level_05_dorchester_heights.sql /tmp/td-tap-area-editor-build/Build/Products/Debug/LevelEditor.app/Contents/Resources

CpResource /tmp/td-tap-area-editor-build/Build/Products/Debug/LevelEditor.app/Contents/Resources/level_04_moores_creek_bridge.sql /Users/john/projects/td/in-defense-of-history/Db/DML/Levels/level_04_moores_creek_bridge.sql (in target 'LevelEditor' from project 'InDefenseOfHistory')
    cd /Users/john/projects/td/in-defense-of-history
    builtin-copy -exclude .DS_Store -exclude CVS -exclude .svn -exclude .git -exclude .hg -resolve-src-symlinks /Users/john/projects/td/in-defense-of-history/Db/DML/Levels/level_04_moores_creek_bridge.sql /tmp/td-tap-area-editor-build/Build/Products/Debug/LevelEditor.app/Contents/Resources

CpResource /tmp/td-tap-area-editor-build/Build/Products/Debug/LevelEditor.app/Contents/Resources/level_03_great_bridge.sql /Users/john/projects/td/in-defense-of-history/Db/DML/Levels/level_03_great_bridge.sql (in target 'LevelEditor' from project 'InDefenseOfHistory')
    cd /Users/john/projects/td/in-defense-of-history
    builtin-copy -exclude .DS_Store -exclude CVS -exclude .svn -exclude .git -exclude .hg -resolve-src-symlinks /Users/john/projects/td/in-defense-of-history/Db/DML/Levels/level_03_great_bridge.sql /tmp/td-tap-area-editor-build/Build/Products/Debug/LevelEditor.app/Contents/Resources

CpResource /tmp/td-tap-area-editor-build/Build/Products/Debug/LevelEditor.app/Contents/Resources/level_02_bunker_hill_waves.sql /Users/john/projects/td/in-defense-of-history/Db/DML/level_02_bunker_hill_waves.sql (in target 'LevelEditor' from project 'InDefenseOfHistory')
    cd /Users/john/projects/td/in-defense-of-history
    builtin-copy -exclude .DS_Store -exclude CVS -exclude .svn -exclude .git -exclude .hg -resolve-src-symlinks /Users/john/projects/td/in-defense-of-history/Db/DML/level_02_bunker_hill_waves.sql /tmp/td-tap-area-editor-build/Build/Products/Debug/LevelEditor.app/Contents/Resources

CpResource /tmp/td-tap-area-editor-build/Build/Products/Debug/LevelEditor.app/Contents/Resources/level_02_bunker_hill.sql /Users/john/projects/td/in-defense-of-history/Db/DML/Levels/level_02_bunker_hill.sql (in target 'LevelEditor' from project 'InDefenseOfHistory')
    cd /Users/john/projects/td/in-defense-of-history
    builtin-copy -exclude .DS_Store -exclude CVS -exclude .svn -exclude .git -exclude .hg -resolve-src-symlinks /Users/john/projects/td/in-defense-of-history/Db/DML/Levels/level_02_bunker_hill.sql /tmp/td-tap-area-editor-build/Build/Products/Debug/LevelEditor.app/Contents/Resources

CpResource /tmp/td-tap-area-editor-build/Build/Products/Debug/LevelEditor.app/Contents/Resources/level_01_battle_road.sql /Users/john/projects/td/in-defense-of-history/Db/DML/Levels/level_01_battle_road.sql (in target 'LevelEditor' from project 'InDefenseOfHistory')
    cd /Users/john/projects/td/in-defense-of-history
    builtin-copy -exclude .DS_Store -exclude CVS -exclude .svn -exclude .git -exclude .hg -resolve-src-symlinks /Users/john/projects/td/in-defense-of-history/Db/DML/Levels/level_01_battle_road.sql /tmp/td-tap-area-editor-build/Build/Products/Debug/LevelEditor.app/Contents/Resources

CpResource /tmp/td-tap-area-editor-build/Build/Products/Debug/LevelEditor.app/Contents/Resources/level_01_battle_road.geojson /Users/john/projects/td/in-defense-of-history/Db/level_01_battle_road.geojson (in target 'LevelEditor' from project 'InDefenseOfHistory')
    cd /Users/john/projects/td/in-defense-of-history
    builtin-copy -exclude .DS_Store -exclude CVS -exclude .svn -exclude .git -exclude .hg -resolve-src-symlinks /Users/john/projects/td/in-defense-of-history/Db/level_01_battle_road.geojson /tmp/td-tap-area-editor-build/Build/Products/Debug/LevelEditor.app/Contents/Resources

CpResource /tmp/td-tap-area-editor-build/Build/Products/Debug/LevelEditor.app/Contents/Resources/level_014_savannah_bastion_v7.geojson /Users/john/projects/td/in-defense-of-history/Db/level_014_savannah_bastion_v7.geojson (in target 'LevelEditor' from project 'InDefenseOfHistory')
    cd /Users/john/projects/td/in-defense-of-history
    builtin-copy -exclude .DS_Store -exclude CVS -exclude .svn -exclude .git -exclude .hg -resolve-src-symlinks /Users/john/projects/td/in-defense-of-history/Db/level_014_savannah_bastion_v7.geojson /tmp/td-tap-area-editor-build/Build/Products/Debug/LevelEditor.app/Contents/Resources

CpResource /tmp/td-tap-area-editor-build/Build/Products/Debug/LevelEditor.app/Contents/Resources/level_013_new_haven.geojson /Users/john/projects/td/in-defense-of-history/Db/level_013_new_haven.geojson (in target 'LevelEditor' from project 'InDefenseOfHistory')
    cd /Users/john/projects/td/in-defense-of-history
    builtin-copy -exclude .DS_Store -exclude CVS -exclude .svn -exclude .git -exclude .hg -resolve-src-symlinks /Users/john/projects/td/in-defense-of-history/Db/level_013_new_haven.geojson /tmp/td-tap-area-editor-build/Build/Products/Debug/LevelEditor.app/Contents/Resources

CpResource /tmp/td-tap-area-editor-build/Build/Products/Debug/LevelEditor.app/Contents/Resources/level_012_kettle_creek.geojson /Users/john/projects/td/in-defense-of-history/Db/level_012_kettle_creek.geojson (in target 'LevelEditor' from project 'InDefenseOfHistory')
    cd /Users/john/projects/td/in-defense-of-history
    builtin-copy -exclude .DS_Store -exclude CVS -exclude .svn -exclude .git -exclude .hg -resolve-src-symlinks /Users/john/projects/td/in-defense-of-history/Db/level_012_kettle_creek.geojson /tmp/td-tap-area-editor-build/Build/Products/Debug/LevelEditor.app/Contents/Resources

CpResource /tmp/td-tap-area-editor-build/Build/Products/Debug/LevelEditor.app/Contents/Resources/level_011_saratoga.geojson /Users/john/projects/td/in-defense-of-history/Db/level_011_saratoga.geojson (in target 'LevelEditor' from project 'InDefenseOfHistory')
    cd /Users/john/projects/td/in-defense-of-history
    builtin-copy -exclude .DS_Store -exclude CVS -exclude .svn -exclude .git -exclude .hg -resolve-src-symlinks /Users/john/projects/td/in-defense-of-history/Db/level_011_saratoga.geojson /tmp/td-tap-area-editor-build/Build/Products/Debug/LevelEditor.app/Contents/Resources

CpResource /tmp/td-tap-area-editor-build/Build/Products/Debug/LevelEditor.app/Contents/Resources/level_010_fort_ann.geojson /Users/john/projects/td/in-defense-of-history/Db/level_010_fort_ann.geojson (in target 'LevelEditor' from project 'InDefenseOfHistory')
    cd /Users/john/projects/td/in-defense-of-history
    builtin-copy -exclude .DS_Store -exclude CVS -exclude .svn -exclude .git -exclude .hg -resolve-src-symlinks /Users/john/projects/td/in-defense-of-history/Db/level_010_fort_ann.geojson /tmp/td-tap-area-editor-build/Build/Products/Debug/LevelEditor.app/Contents/Resources

CpResource /tmp/td-tap-area-editor-build/Build/Products/Debug/LevelEditor.app/Contents/Resources/level_009_princeton.geojson /Users/john/projects/td/in-defense-of-history/Db/level_009_princeton.geojson (in target 'LevelEditor' from project 'InDefenseOfHistory')
    cd /Users/john/projects/td/in-defense-of-history
    builtin-copy -exclude .DS_Store -exclude CVS -exclude .svn -exclude .git -exclude .hg -resolve-src-symlinks /Users/john/projects/td/in-defense-of-history/Db/level_009_princeton.geojson /tmp/td-tap-area-editor-build/Build/Products/Debug/LevelEditor.app/Contents/Resources

CpResource /tmp/td-tap-area-editor-build/Build/Products/Debug/LevelEditor.app/Contents/Resources/level_008_trenton.geojson /Users/john/projects/td/in-defense-of-history/Db/level_008_trenton.geojson (in target 'LevelEditor' from project 'InDefenseOfHistory')
    cd /Users/john/projects/td/in-defense-of-history
    builtin-copy -exclude .DS_Store -exclude CVS -exclude .svn -exclude .git -exclude .hg -resolve-src-symlinks /Users/john/projects/td/in-defense-of-history/Db/level_008_trenton.geojson /tmp/td-tap-area-editor-build/Build/Products/Debug/LevelEditor.app/Contents/Resources

CpResource /tmp/td-tap-area-editor-build/Build/Products/Debug/LevelEditor.app/Contents/Resources/level_007_long_island.geojson /Users/john/projects/td/in-defense-of-history/Db/level_007_long_island.geojson (in target 'LevelEditor' from project 'InDefenseOfHistory')
    cd /Users/john/projects/td/in-defense-of-history
    builtin-copy -exclude .DS_Store -exclude CVS -exclude .svn -exclude .git -exclude .hg -resolve-src-symlinks /Users/john/projects/td/in-defense-of-history/Db/level_007_long_island.geojson /tmp/td-tap-area-editor-build/Build/Products/Debug/LevelEditor.app/Contents/Resources

CpResource /tmp/td-tap-area-editor-build/Build/Products/Debug/LevelEditor.app/Contents/Resources/level_005_dorchester_heights.geojson /Users/john/projects/td/in-defense-of-history/Db/level_005_dorchester_heights.geojson (in target 'LevelEditor' from project 'InDefenseOfHistory')
    cd /Users/john/projects/td/in-defense-of-history
    builtin-copy -exclude .DS_Store -exclude CVS -exclude .svn -exclude .git -exclude .hg -resolve-src-symlinks /Users/john/projects/td/in-defense-of-history/Db/level_005_dorchester_heights.geojson /tmp/td-tap-area-editor-build/Build/Products/Debug/LevelEditor.app/Contents/Resources

CpResource /tmp/td-tap-area-editor-build/Build/Products/Debug/LevelEditor.app/Contents/Resources/level_006_sullivans_island.geojson /Users/john/projects/td/in-defense-of-history/Db/level_006_sullivans_island.geojson (in target 'LevelEditor' from project 'InDefenseOfHistory')
    cd /Users/john/projects/td/in-defense-of-history
    builtin-copy -exclude .DS_Store -exclude CVS -exclude .svn -exclude .git -exclude .hg -resolve-src-symlinks /Users/john/projects/td/in-defense-of-history/Db/level_006_sullivans_island.geojson /tmp/td-tap-area-editor-build/Build/Products/Debug/LevelEditor.app/Contents/Resources

CpResource /tmp/td-tap-area-editor-build/Build/Products/Debug/LevelEditor.app/Contents/Resources/level_004_moores_creek_bridge.geojson /Users/john/projects/td/in-defense-of-history/Db/level_004_moores_creek_bridge.geojson (in target 'LevelEditor' from project 'InDefenseOfHistory')
    cd /Users/john/projects/td/in-defense-of-history
    builtin-copy -exclude .DS_Store -exclude CVS -exclude .svn -exclude .git -exclude .hg -resolve-src-symlinks /Users/john/projects/td/in-defense-of-history/Db/level_004_moores_creek_bridge.geojson /tmp/td-tap-area-editor-build/Build/Products/Debug/LevelEditor.app/Contents/Resources

CpResource /tmp/td-tap-area-editor-build/Build/Products/Debug/LevelEditor.app/Contents/Resources/level_002_bunker_hill.geojson /Users/john/projects/td/in-defense-of-history/Db/level_002_bunker_hill.geojson (in target 'LevelEditor' from project 'InDefenseOfHistory')
    cd /Users/john/projects/td/in-defense-of-history
    builtin-copy -exclude .DS_Store -exclude CVS -exclude .svn -exclude .git -exclude .hg -resolve-src-symlinks /Users/john/projects/td/in-defense-of-history/Db/level_002_bunker_hill.geojson /tmp/td-tap-area-editor-build/Build/Products/Debug/LevelEditor.app/Contents/Resources

CpResource /tmp/td-tap-area-editor-build/Build/Products/Debug/LevelEditor.app/Contents/Resources/level_003_great_bridge.geojson /Users/john/projects/td/in-defense-of-history/Db/level_003_great_bridge.geojson (in target 'LevelEditor' from project 'InDefenseOfHistory')
    cd /Users/john/projects/td/in-defense-of-history
    builtin-copy -exclude .DS_Store -exclude CVS -exclude .svn -exclude .git -exclude .hg -resolve-src-symlinks /Users/john/projects/td/in-defense-of-history/Db/level_003_great_bridge.geojson /tmp/td-tap-area-editor-build/Build/Products/Debug/LevelEditor.app/Contents/Resources

CpResource /tmp/td-tap-area-editor-build/Build/Products/Debug/LevelEditor.app/Contents/Resources/in_defense_of_history.sqlite /Users/john/projects/td/in-defense-of-history/Db/in_defense_of_history.sqlite (in target 'LevelEditor' from project 'InDefenseOfHistory')
    cd /Users/john/projects/td/in-defense-of-history
    builtin-copy -exclude .DS_Store -exclude CVS -exclude .svn -exclude .git -exclude .hg -resolve-src-symlinks /Users/john/projects/td/in-defense-of-history/Db/in_defense_of_history.sqlite /tmp/td-tap-area-editor-build/Build/Products/Debug/LevelEditor.app/Contents/Resources

CpResource /tmp/td-tap-area-editor-build/Build/Products/Debug/LevelEditor.app/Contents/Resources/hud_layout.sql /Users/john/projects/td/in-defense-of-history/Db/DML/hud_layout.sql (in target 'LevelEditor' from project 'InDefenseOfHistory')
    cd /Users/john/projects/td/in-defense-of-history
    builtin-copy -exclude .DS_Store -exclude CVS -exclude .svn -exclude .git -exclude .hg -resolve-src-symlinks /Users/john/projects/td/in-defense-of-history/Db/DML/hud_layout.sql /tmp/td-tap-area-editor-build/Build/Products/Debug/LevelEditor.app/Contents/Resources

CpResource /tmp/td-tap-area-editor-build/Build/Products/Debug/LevelEditor.app/Contents/Resources/enemy_types.sql /Users/john/projects/td/in-defense-of-history/Db/DML/enemy_types.sql (in target 'LevelEditor' from project 'InDefenseOfHistory')
    cd /Users/john/projects/td/in-defense-of-history
    builtin-copy -exclude .DS_Store -exclude CVS -exclude .svn -exclude .git -exclude .hg -resolve-src-symlinks /Users/john/projects/td/in-defense-of-history/Db/DML/enemy_types.sql /tmp/td-tap-area-editor-build/Build/Products/Debug/LevelEditor.app/Contents/Resources

CpResource /tmp/td-tap-area-editor-build/Build/Products/Debug/LevelEditor.app/Contents/Resources/hero_combat.sql /Users/john/projects/td/in-defense-of-history/Db/DML/hero_combat.sql (in target 'LevelEditor' from project 'InDefenseOfHistory')
    cd /Users/john/projects/td/in-defense-of-history
    builtin-copy -exclude .DS_Store -exclude CVS -exclude .svn -exclude .git -exclude .hg -resolve-src-symlinks /Users/john/projects/td/in-defense-of-history/Db/DML/hero_combat.sql /tmp/td-tap-area-editor-build/Build/Products/Debug/LevelEditor.app/Contents/Resources

CpResource /tmp/td-tap-area-editor-build/Build/Products/Debug/LevelEditor.app/Contents/Resources/difficulties.sql /Users/john/projects/td/in-defense-of-history/Db/DML/difficulties.sql (in target 'LevelEditor' from project 'InDefenseOfHistory')
    cd /Users/john/projects/td/in-defense-of-history
    builtin-copy -exclude .DS_Store -exclude CVS -exclude .svn -exclude .git -exclude .hg -resolve-src-symlinks /Users/john/projects/td/in-defense-of-history/Db/DML/difficulties.sql /tmp/td-tap-area-editor-build/Build/Products/Debug/LevelEditor.app/Contents/Resources

CpResource /tmp/td-tap-area-editor-build/Build/Products/Debug/LevelEditor.app/Contents/Resources/create_db.sh /Users/john/projects/td/in-defense-of-history/Db/create_db.sh (in target 'LevelEditor' from project 'InDefenseOfHistory')
    cd /Users/john/projects/td/in-defense-of-history
    builtin-copy -exclude .DS_Store -exclude CVS -exclude .svn -exclude .git -exclude .hg -resolve-src-symlinks /Users/john/projects/td/in-defense-of-history/Db/create_db.sh /tmp/td-tap-area-editor-build/Build/Products/Debug/LevelEditor.app/Contents/Resources

CpResource /tmp/td-tap-area-editor-build/Build/Products/Debug/LevelEditor.app/Contents/Resources/create_tables.sql /Users/john/projects/td/in-defense-of-history/Db/DDL/create_tables.sql (in target 'LevelEditor' from project 'InDefenseOfHistory')
    cd /Users/john/projects/td/in-defense-of-history
    builtin-copy -exclude .DS_Store -exclude CVS -exclude .svn -exclude .git -exclude .hg -resolve-src-symlinks /Users/john/projects/td/in-defense-of-history/Db/DDL/create_tables.sql /tmp/td-tap-area-editor-build/Build/Products/Debug/LevelEditor.app/Contents/Resources

CpResource /tmp/td-tap-area-editor-build/Build/Products/Debug/LevelEditor.app/Contents/Resources/campaigns.sql /Users/john/projects/td/in-defense-of-history/Db/DML/campaigns.sql (in target 'LevelEditor' from project 'InDefenseOfHistory')
    cd /Users/john/projects/td/in-defense-of-history
    builtin-copy -exclude .DS_Store -exclude CVS -exclude .svn -exclude .git -exclude .hg -resolve-src-symlinks /Users/john/projects/td/in-defense-of-history/Db/DML/campaigns.sql /tmp/td-tap-area-editor-build/Build/Products/Debug/LevelEditor.app/Contents/Resources

CpResource /tmp/td-tap-area-editor-build/Build/Products/Debug/LevelEditor.app/Contents/Resources/15_Horatio_Gates.sql /Users/john/projects/td/in-defense-of-history/Db/DML/Heroes/15_Horatio_Gates.sql (in target 'LevelEditor' from project 'InDefenseOfHistory')
    cd /Users/john/projects/td/in-defense-of-history
    builtin-copy -exclude .DS_Store -exclude CVS -exclude .svn -exclude .git -exclude .hg -resolve-src-symlinks /Users/john/projects/td/in-defense-of-history/Db/DML/Heroes/15_Horatio_Gates.sql /tmp/td-tap-area-editor-build/Build/Products/Debug/LevelEditor.app/Contents/Resources

CpResource /tmp/td-tap-area-editor-build/Build/Products/Debug/LevelEditor.app/Contents/Resources/14_John_Glover.sql /Users/john/projects/td/in-defense-of-history/Db/DML/Heroes/14_John_Glover.sql (in target 'LevelEditor' from project 'InDefenseOfHistory')
    cd /Users/john/projects/td/in-defense-of-history
    builtin-copy -exclude .DS_Store -exclude CVS -exclude .svn -exclude .git -exclude .hg -resolve-src-symlinks /Users/john/projects/td/in-defense-of-history/Db/DML/Heroes/14_John_Glover.sql /tmp/td-tap-area-editor-build/Build/Products/Debug/LevelEditor.app/Contents/Resources

CpResource /tmp/td-tap-area-editor-build/Build/Products/Debug/LevelEditor.app/Contents/Resources/13_Salem_Poor.sql /Users/john/projects/td/in-defense-of-history/Db/DML/Heroes/13_Salem_Poor.sql (in target 'LevelEditor' from project 'InDefenseOfHistory')
    cd /Users/john/projects/td/in-defense-of-history
    builtin-copy -exclude .DS_Store -exclude CVS -exclude .svn -exclude .git -exclude .hg -resolve-src-symlinks /Users/john/projects/td/in-defense-of-history/Db/DML/Heroes/13_Salem_Poor.sql /tmp/td-tap-area-editor-build/Build/Products/Debug/LevelEditor.app/Contents/Resources

CpResource /tmp/td-tap-area-editor-build/Build/Products/Debug/LevelEditor.app/Contents/Resources/12_Thaddeus_Kosciuszko.sql /Users/john/projects/td/in-defense-of-history/Db/DML/Heroes/12_Thaddeus_Kosciuszko.sql (in target 'LevelEditor' from project 'InDefenseOfHistory')
    cd /Users/john/projects/td/in-defense-of-history
    builtin-copy -exclude .DS_Store -exclude CVS -exclude .svn -exclude .git -exclude .hg -resolve-src-symlinks /Users/john/projects/td/in-defense-of-history/Db/DML/Heroes/12_Thaddeus_Kosciuszko.sql /tmp/td-tap-area-editor-build/Build/Products/Debug/LevelEditor.app/Contents/Resources

CpResource /tmp/td-tap-area-editor-build/Build/Products/Debug/LevelEditor.app/Contents/Resources/11_William_Prescott.sql /Users/john/projects/td/in-defense-of-history/Db/DML/Heroes/11_William_Prescott.sql (in target 'LevelEditor' from project 'InDefenseOfHistory')
    cd /Users/john/projects/td/in-defense-of-history
    builtin-copy -exclude .DS_Store -exclude CVS -exclude .svn -exclude .git -exclude .hg -resolve-src-symlinks /Users/john/projects/td/in-defense-of-history/Db/DML/Heroes/11_William_Prescott.sql /tmp/td-tap-area-editor-build/Build/Products/Debug/LevelEditor.app/Contents/Resources

CpResource /tmp/td-tap-area-editor-build/Build/Products/Debug/LevelEditor.app/Contents/Resources/10_Nathanael_Greene.sql /Users/john/projects/td/in-defense-of-history/Db/DML/Heroes/10_Nathanael_Greene.sql (in target 'LevelEditor' from project 'InDefenseOfHistory')
    cd /Users/john/projects/td/in-defense-of-history
    builtin-copy -exclude .DS_Store -exclude CVS -exclude .svn -exclude .git -exclude .hg -resolve-src-symlinks /Users/john/projects/td/in-defense-of-history/Db/DML/Heroes/10_Nathanael_Greene.sql /tmp/td-tap-area-editor-build/Build/Products/Debug/LevelEditor.app/Contents/Resources

CpResource /tmp/td-tap-area-editor-build/Build/Products/Debug/LevelEditor.app/Contents/Resources/09_Francis_Marion.sql /Users/john/projects/td/in-defense-of-history/Db/DML/Heroes/09_Francis_Marion.sql (in target 'LevelEditor' from project 'InDefenseOfHistory')
    cd /Users/john/projects/td/in-defense-of-history
    builtin-copy -exclude .DS_Store -exclude CVS -exclude .svn -exclude .git -exclude .hg -resolve-src-symlinks /Users/john/projects/td/in-defense-of-history/Db/DML/Heroes/09_Francis_Marion.sql /tmp/td-tap-area-editor-build/Build/Products/Debug/LevelEditor.app/Contents/Resources

CpResource /tmp/td-tap-area-editor-build/Build/Products/Debug/LevelEditor.app/Contents/Resources/08_Friedrich_von_Steuben.sql /Users/john/projects/td/in-defense-of-history/Db/DML/Heroes/08_Friedrich_von_Steuben.sql (in target 'LevelEditor' from project 'InDefenseOfHistory')
    cd /Users/john/projects/td/in-defense-of-history
    builtin-copy -exclude .DS_Store -exclude CVS -exclude .svn -exclude .git -exclude .hg -resolve-src-symlinks /Users/john/projects/td/in-defense-of-history/Db/DML/Heroes/08_Friedrich_von_Steuben.sql /tmp/td-tap-area-editor-build/Build/Products/Debug/LevelEditor.app/Contents/Resources

CpResource /tmp/td-tap-area-editor-build/Build/Products/Debug/LevelEditor.app/Contents/Resources/07_Benedict_Arnold.sql /Users/john/projects/td/in-defense-of-history/Db/DML/Heroes/07_Benedict_Arnold.sql (in target 'LevelEditor' from project 'InDefenseOfHistory')
    cd /Users/john/projects/td/in-defense-of-history
    builtin-copy -exclude .DS_Store -exclude CVS -exclude .svn -exclude .git -exclude .hg -resolve-src-symlinks /Users/john/projects/td/in-defense-of-history/Db/DML/Heroes/07_Benedict_Arnold.sql /tmp/td-tap-area-editor-build/Build/Products/Debug/LevelEditor.app/Contents/Resources

CpResource /tmp/td-tap-area-editor-build/Build/Products/Debug/LevelEditor.app/Contents/Resources/06_Daniel_Morgan.sql /Users/john/projects/td/in-defense-of-history/Db/DML/Heroes/06_Daniel_Morgan.sql (in target 'LevelEditor' from project 'InDefenseOfHistory')
    cd /Users/john/projects/td/in-defense-of-history
    builtin-copy -exclude .DS_Store -exclude CVS -exclude .svn -exclude .git -exclude .hg -resolve-src-symlinks /Users/john/projects/td/in-defense-of-history/Db/DML/Heroes/06_Daniel_Morgan.sql /tmp/td-tap-area-editor-build/Build/Products/Debug/LevelEditor.app/Contents/Resources

CpResource /tmp/td-tap-area-editor-build/Build/Products/Debug/LevelEditor.app/Contents/Resources/05_Mary_Hays.sql /Users/john/projects/td/in-defense-of-history/Db/DML/Heroes/05_Mary_Hays.sql (in target 'LevelEditor' from project 'InDefenseOfHistory')
    cd /Users/john/projects/td/in-defense-of-history
    builtin-copy -exclude .DS_Store -exclude CVS -exclude .svn -exclude .git -exclude .hg -resolve-src-symlinks /Users/john/projects/td/in-defense-of-history/Db/DML/Heroes/05_Mary_Hays.sql /tmp/td-tap-area-editor-build/Build/Products/Debug/LevelEditor.app/Contents/Resources

CpResource /tmp/td-tap-area-editor-build/Build/Products/Debug/LevelEditor.app/Contents/Resources/04_George_Washington.sql /Users/john/projects/td/in-defense-of-history/Db/DML/Heroes/04_George_Washington.sql (in target 'LevelEditor' from project 'InDefenseOfHistory')
    cd /Users/john/projects/td/in-defense-of-history
    builtin-copy -exclude .DS_Store -exclude CVS -exclude .svn -exclude .git -exclude .hg -resolve-src-symlinks /Users/john/projects/td/in-defense-of-history/Db/DML/Heroes/04_George_Washington.sql /tmp/td-tap-area-editor-build/Build/Products/Debug/LevelEditor.app/Contents/Resources

CpResource /tmp/td-tap-area-editor-build/Build/Products/Debug/LevelEditor.app/Contents/Resources/03_Louis_Duportail.sql /Users/john/projects/td/in-defense-of-history/Db/DML/Heroes/03_Louis_Duportail.sql (in target 'LevelEditor' from project 'InDefenseOfHistory')
    cd /Users/john/projects/td/in-defense-of-history
    builtin-copy -exclude .DS_Store -exclude CVS -exclude .svn -exclude .git -exclude .hg -resolve-src-symlinks /Users/john/projects/td/in-defense-of-history/Db/DML/Heroes/03_Louis_Duportail.sql /tmp/td-tap-area-editor-build/Build/Products/Debug/LevelEditor.app/Contents/Resources

CpResource /tmp/td-tap-area-editor-build/Build/Products/Debug/LevelEditor.app/Contents/Resources/02_Henry_Knox.sql /Users/john/projects/td/in-defense-of-history/Db/DML/Heroes/02_Henry_Knox.sql (in target 'LevelEditor' from project 'InDefenseOfHistory')
    cd /Users/john/projects/td/in-defense-of-history
    builtin-copy -exclude .DS_Store -exclude CVS -exclude .svn -exclude .git -exclude .hg -resolve-src-symlinks /Users/john/projects/td/in-defense-of-history/Db/DML/Heroes/02_Henry_Knox.sql /tmp/td-tap-area-editor-build/Build/Products/Debug/LevelEditor.app/Contents/Resources

CpResource /tmp/td-tap-area-editor-build/Build/Products/Debug/LevelEditor.app/Contents/Resources/01_Israel_Putnam.sql /Users/john/projects/td/in-defense-of-history/Db/DML/Heroes/01_Israel_Putnam.sql (in target 'LevelEditor' from project 'InDefenseOfHistory')
    cd /Users/john/projects/td/in-defense-of-history
    builtin-copy -exclude .DS_Store -exclude CVS -exclude .svn -exclude .git -exclude .hg -resolve-src-symlinks /Users/john/projects/td/in-defense-of-history/Db/DML/Heroes/01_Israel_Putnam.sql /tmp/td-tap-area-editor-build/Build/Products/Debug/LevelEditor.app/Contents/Resources

CopyPNGFile /tmp/td-tap-area-editor-build/Build/Products/Debug/LevelEditor.app/Contents/Resources/tower_tool_icon.png /Users/john/projects/td/in-defense-of-history/Images/tower_tool_icon.png (in target 'LevelEditor' from project 'InDefenseOfHistory')
    cd /Users/john/projects/td/in-defense-of-history
    /Applications/Xcode.app/Contents/Developer/usr/bin/copypng /Users/john/projects/td/in-defense-of-history/Images/tower_tool_icon.png /tmp/td-tap-area-editor-build/Build/Products/Debug/LevelEditor.app/Contents/Resources/tower_tool_icon.png

CompileAssetCatalogVariant thinned /tmp/td-tap-area-editor-build/Build/Products/Debug/LevelEditor.app/Contents/Resources /Users/john/projects/td/in-defense-of-history/LevelEditor/Assets.xcassets (in target 'LevelEditor' from project 'InDefenseOfHistory')
    cd /Users/john/projects/td/in-defense-of-history
    /Applications/Xcode.app/Contents/Developer/usr/bin/actool /Users/john/projects/td/in-defense-of-history/LevelEditor/Assets.xcassets --compile /tmp/td-tap-area-editor-build/Build/Intermediates.noindex/InDefenseOfHistory.build/Debug/LevelEditor.build/assetcatalog_output/thinned --output-format human-readable-text --notices --warnings --export-dependency-info /tmp/td-tap-area-editor-build/Build/Intermediates.noindex/InDefenseOfHistory.build/Debug/LevelEditor.build/assetcatalog_dependencies_thinned --output-partial-info-plist /tmp/td-tap-area-editor-build/Build/Intermediates.noindex/InDefenseOfHistory.build/Debug/LevelEditor.build/assetcatalog_generated_info.plist_thinned --app-icon AppIcon --enable-on-demand-resources NO --development-region en --target-device mac --minimum-deployment-target 26.5 --platform macosx
/* com.apple.actool.compilation-results */
/tmp/td-tap-area-editor-build/Build/Intermediates.noindex/InDefenseOfHistory.build/Debug/LevelEditor.build/assetcatalog_generated_info.plist_thinned
/tmp/td-tap-area-editor-build/Build/Intermediates.noindex/InDefenseOfHistory.build/Debug/LevelEditor.build/assetcatalog_output/thinned/AppIcon.icns
/tmp/td-tap-area-editor-build/Build/Intermediates.noindex/InDefenseOfHistory.build/Debug/LevelEditor.build/assetcatalog_output/thinned/Assets.car


LinkAssetCatalog /Users/john/projects/td/in-defense-of-history/LevelEditor/Assets.xcassets (in target 'LevelEditor' from project 'InDefenseOfHistory')
    cd /Users/john/projects/td/in-defense-of-history
    builtin-linkAssetCatalog --thinned /tmp/td-tap-area-editor-build/Build/Intermediates.noindex/InDefenseOfHistory.build/Debug/LevelEditor.build/assetcatalog_output/thinned --thinned-dependencies /tmp/td-tap-area-editor-build/Build/Intermediates.noindex/InDefenseOfHistory.build/Debug/LevelEditor.build/assetcatalog_dependencies_thinned --thinned-info-plist-content /tmp/td-tap-area-editor-build/Build/Intermediates.noindex/InDefenseOfHistory.build/Debug/LevelEditor.build/assetcatalog_generated_info.plist_thinned --unthinned /tmp/td-tap-area-editor-build/Build/Intermediates.noindex/InDefenseOfHistory.build/Debug/LevelEditor.build/assetcatalog_output/unthinned --unthinned-dependencies /tmp/td-tap-area-editor-build/Build/Intermediates.noindex/InDefenseOfHistory.build/Debug/LevelEditor.build/assetcatalog_dependencies_unthinned --unthinned-info-plist-content /tmp/td-tap-area-editor-build/Build/Intermediates.noindex/InDefenseOfHistory.build/Debug/LevelEditor.build/assetcatalog_generated_info.plist_unthinned --output /tmp/td-tap-area-editor-build/Build/Products/Debug/LevelEditor.app/Contents/Resources --plist-output /tmp/td-tap-area-editor-build/Build/Intermediates.noindex/InDefenseOfHistory.build/Debug/LevelEditor.build/assetcatalog_generated_info.plist
note: Emplaced /tmp/td-tap-area-editor-build/Build/Products/Debug/LevelEditor.app/Contents/Resources/Assets.car (in target 'LevelEditor' from project 'InDefenseOfHistory')
note: Emplaced /tmp/td-tap-area-editor-build/Build/Products/Debug/LevelEditor.app/Contents/Resources/AppIcon.icns (in target 'LevelEditor' from project 'InDefenseOfHistory')

ProcessInfoPlistFile /tmp/td-tap-area-editor-build/Build/Products/Debug/LevelEditor.app/Contents/Info.plist /Users/john/projects/td/in-defense-of-history/LevelEditor/Info.plist (in target 'LevelEditor' from project 'InDefenseOfHistory')
    cd /Users/john/projects/td/in-defense-of-history
    builtin-infoPlistUtility /Users/john/projects/td/in-defense-of-history/LevelEditor/Info.plist -producttype com.apple.product-type.application -genpkginfo /tmp/td-tap-area-editor-build/Build/Products/Debug/LevelEditor.app/Contents/PkgInfo -expandbuildsettings -platform macosx -additionalcontentfile /tmp/td-tap-area-editor-build/Build/Intermediates.noindex/InDefenseOfHistory.build/Debug/LevelEditor.build/assetcatalog_generated_info.plist -o /tmp/td-tap-area-editor-build/Build/Products/Debug/LevelEditor.app/Contents/Info.plist

SwiftDriver LevelEditor normal arm64 com.apple.xcode.tools.swift.compiler (in target 'LevelEditor' from project 'InDefenseOfHistory')
    cd /Users/john/projects/td/in-defense-of-history
    builtin-SwiftDriver -- /Applications/Xcode.app/Contents/Developer/Toolchains/XcodeDefault.xctoolchain/usr/bin/swiftc -module-name LevelEditor -Onone @/tmp/td-tap-area-editor-build/Build/Intermediates.noindex/InDefenseOfHistory.build/Debug/LevelEditor.build/Objects-normal/arm64/LevelEditor.SwiftFileList -DDEBUG -enable-bare-slash-regex -enable-upcoming-feature DisableOutwardActorInference -enable-upcoming-feature InferSendableFromCaptures -enable-upcoming-feature GlobalActorIsolatedTypesUsability -enable-upcoming-feature MemberImportVisibility -enable-upcoming-feature InferIsolatedConformances -enable-upcoming-feature NonisolatedNonsendingByDefault -enable-experimental-feature DebugDescriptionMacro -sdk /Applications/Xcode.app/Contents/Developer/Platforms/MacOSX.platform/Developer/SDKs/MacOSX26.5.sdk -target arm64-apple-macos26.5 -g -module-cache-path /tmp/td-tap-area-editor-build/ModuleCache.noindex -Xfrontend -serialize-debugging-options -enable-testing -index-store-path /tmp/td-tap-area-editor-build/Index.noindex/DataStore -Xcc -D_LIBCPP_HARDENING_MODE\=_LIBCPP_HARDENING_MODE_DEBUG -swift-version 5 -I /tmp/td-tap-area-editor-build/Build/Products/Debug -F /tmp/td-tap-area-editor-build/Build/Products/Debug -emit-localized-strings -emit-localized-strings-path /tmp/td-tap-area-editor-build/Build/Intermediates.noindex/InDefenseOfHistory.build/Debug/LevelEditor.build/Objects-normal/arm64 -c -j12 -enable-batch-mode -incremental -Xcc -ivfsstatcache -Xcc /tmp/td-tap-area-editor-build/SDKStatCaches.noindex/macosx26.5-25F70-688ef53f1462e2c8f657fdc38a81448fe082c4a02f00227109f4ed75e425c832.sdkstatcache -output-file-map /tmp/td-tap-area-editor-build/Build/Intermediates.noindex/InDefenseOfHistory.build/Debug/LevelEditor.build/Objects-normal/arm64/LevelEditor-OutputFileMap.json -use-frontend-parseable-output -save-temps -no-color-diagnostics -explicit-module-build -module-cache-path /tmp/td-tap-area-editor-build/Build/Intermediates.noindex/SwiftExplicitPrecompiledModules -clang-scanner-module-cache-path /tmp/td-tap-area-editor-build/ModuleCache.noindex -sdk-module-cache-path /tmp/td-tap-area-editor-build/ModuleCache.noindex -serialize-diagnostics -emit-dependencies -emit-module -emit-module-path /tmp/td-tap-area-editor-build/Build/Intermediates.noindex/InDefenseOfHistory.build/Debug/LevelEditor.build/Objects-normal/arm64/LevelEditor.swiftmodule -validate-clang-modules-once -clang-build-session-file /tmp/td-tap-area-editor-build/ModuleCache.noindex/Session.modulevalidation -Xcc -I/tmp/td-tap-area-editor-build/Build/Intermediates.noindex/InDefenseOfHistory.build/Debug/LevelEditor.build/swift-overrides.hmap -emit-const-values -Xfrontend -const-gather-protocols-file -Xfrontend /tmp/td-tap-area-editor-build/Build/Intermediates.noindex/InDefenseOfHistory.build/Debug/LevelEditor.build/Objects-normal/arm64/LevelEditor_const_extract_protocols.json -Xcc -iquote -Xcc /tmp/td-tap-area-editor-build/Build/Intermediates.noindex/InDefenseOfHistory.build/Debug/LevelEditor.build/LevelEditor-generated-files.hmap -Xcc -I/tmp/td-tap-area-editor-build/Build/Intermediates.noindex/InDefenseOfHistory.build/Debug/LevelEditor.build/LevelEditor-own-target-headers.hmap -Xcc -I/tmp/td-tap-area-editor-build/Build/Intermediates.noindex/InDefenseOfHistory.build/Debug/LevelEditor.build/LevelEditor-all-target-headers.hmap -Xcc -iquote -Xcc /tmp/td-tap-area-editor-build/Build/Intermediates.noindex/InDefenseOfHistory.build/Debug/LevelEditor.build/LevelEditor-project-headers.hmap -Xcc -I/tmp/td-tap-area-editor-build/Build/Products/Debug/include -Xcc -I/tmp/td-tap-area-editor-build/Build/Intermediates.noindex/InDefenseOfHistory.build/Debug/LevelEditor.build/DerivedSources-normal/arm64 -Xcc -I/tmp/td-tap-area-editor-build/Build/Intermediates.noindex/InDefenseOfHistory.build/Debug/LevelEditor.build/DerivedSources/arm64 -Xcc -I/tmp/td-tap-area-editor-build/Build/Intermediates.noindex/InDefenseOfHistory.build/Debug/LevelEditor.build/DerivedSources -Xcc -DDEBUG\=1 -emit-objc-header -emit-objc-header-path /tmp/td-tap-area-editor-build/Build/Intermediates.noindex/InDefenseOfHistory.build/Debug/LevelEditor.build/Objects-normal/arm64/LevelEditor-Swift.h -working-directory /Users/john/projects/td/in-defense-of-history -experimental-emit-module-separately -disable-cmo

SwiftExplicitDependencyGeneratePcm arm64 /tmp/td-tap-area-editor-build/ModuleCache.noindex/_Builtin_stdarg-EQOVJXEAIADUZK52S8R6R0QW0.pcm

SwiftExplicitDependencyGeneratePcm arm64 /tmp/td-tap-area-editor-build/ModuleCache.noindex/_SwiftConcurrencyShims-6PXL4P5SCOEJXI95651MKLWY0.pcm

SwiftExplicitDependencyGeneratePcm arm64 /tmp/td-tap-area-editor-build/ModuleCache.noindex/_Builtin_float-6HOV4COBJYT0DU8NW65KLIERM.pcm

SwiftExplicitDependencyGeneratePcm arm64 /tmp/td-tap-area-editor-build/ModuleCache.noindex/SwiftShims-8ACXNUPU3RD90Z7ZGYCZPEDF3.pcm

SwiftExplicitDependencyGeneratePcm arm64 /tmp/td-tap-area-editor-build/ModuleCache.noindex/DeveloperToolsSupport-8VVTA3MEZDC9MOGOE5BRPF0N9.pcm

SwiftExplicitDependencyGeneratePcm arm64 /tmp/td-tap-area-editor-build/ModuleCache.noindex/ptrcheck-E6EDCA5391YFVLCQGUKOQV4M5.pcm

SwiftExplicitDependencyGeneratePcm arm64 /tmp/td-tap-area-editor-build/ModuleCache.noindex/_Builtin_stddef-57UE4S3VPZ921DIPA2O41S5XC.pcm

SwiftExplicitDependencyGeneratePcm arm64 /tmp/td-tap-area-editor-build/ModuleCache.noindex/_Builtin_stdbool-B6OQ6CPGLUDS7603OESXBR8Y9.pcm

SwiftExplicitDependencyGeneratePcm arm64 /tmp/td-tap-area-editor-build/ModuleCache.noindex/_AvailabilityInternal-BTQJYQI439K264UQ81G8F26VU.pcm

SwiftExplicitDependencyGeneratePcm arm64 /tmp/td-tap-area-editor-build/ModuleCache.noindex/ptrauth-CNUD43FUGIZKQL8I929AQBJ7Y.pcm

SwiftExplicitDependencyGeneratePcm arm64 /tmp/td-tap-area-editor-build/ModuleCache.noindex/_DarwinFoundation1-9EKGQQ118FNFON66BWOITAQQ2.pcm

SwiftExplicitDependencyGeneratePcm arm64 /tmp/td-tap-area-editor-build/ModuleCache.noindex/_Builtin_limits-3H794DNIAGUWUYXCA7MHGWOIS.pcm

SwiftExplicitDependencyGeneratePcm arm64 /tmp/td-tap-area-editor-build/ModuleCache.noindex/_DarwinFoundation2-9KDKXR21316GW54DWVXZWWZCZ.pcm

SwiftExplicitDependencyGeneratePcm arm64 /tmp/td-tap-area-editor-build/ModuleCache.noindex/SQLite3-AQ6N3V2UA4VIHDFQTFM5DPOQE.pcm

SwiftExplicitDependencyGeneratePcm arm64 /tmp/td-tap-area-editor-build/ModuleCache.noindex/_Builtin_stdint-5FGJ4TO25VY27SCLNN4KNUATJ.pcm

SwiftExplicitDependencyGeneratePcm arm64 /tmp/td-tap-area-editor-build/ModuleCache.noindex/_Builtin_tgmath-15ENRCMD6XT34YNF29IEFNJSL.pcm

SwiftExplicitDependencyGeneratePcm arm64 /tmp/td-tap-area-editor-build/ModuleCache.noindex/sys_types-CIEGNA52PKPD2DEUQGO5QN2R7.pcm

SwiftExplicitDependencyGeneratePcm arm64 /tmp/td-tap-area-editor-build/ModuleCache.noindex/_DarwinFoundation3-23ANNX1LI008V60F07BJN2HA8.pcm

SwiftExplicitDependencyGeneratePcm arm64 /tmp/td-tap-area-editor-build/ModuleCache.noindex/libDER-70O5MUV8W9KIOG53CWLFQVF3C.pcm

SwiftExplicitDependencyGeneratePcm arm64 /tmp/td-tap-area-editor-build/ModuleCache.noindex/_Builtin_stdatomic-3BNSGQWNABCK7NA2YKQWMNV20.pcm

SwiftExplicitDependencyGeneratePcm arm64 /tmp/td-tap-area-editor-build/ModuleCache.noindex/OpenGL-YBJ7FU4USZP4MTE2FYF3DQXF.pcm

SwiftExplicitDependencyGeneratePcm arm64 /tmp/td-tap-area-editor-build/ModuleCache.noindex/_Builtin_intrinsics-CYFNTUULES1J37ELJO1HAWCZN.pcm

SwiftExplicitDependencyGeneratePcm arm64 /tmp/td-tap-area-editor-build/ModuleCache.noindex/_Builtin_inttypes-8XIS0BJ2YT7TIJ5ZGF7JFQ0N9.pcm

SwiftExplicitDependencyGeneratePcm arm64 /tmp/td-tap-area-editor-build/ModuleCache.noindex/Darwin-2ZV5M0734ZB6N6US3CTA7HETD.pcm

SwiftExplicitDependencyGeneratePcm arm64 /tmp/td-tap-area-editor-build/ModuleCache.noindex/simd-3JJB1R2CKWFEJ5C605ILNVVXT.pcm

SwiftExplicitDependencyGeneratePcm arm64 /tmp/td-tap-area-editor-build/ModuleCache.noindex/CUPS-BCMEPQR1ELN5UB3NCNSQFAH9G.pcm

SwiftExplicitDependencyGeneratePcm arm64 /tmp/td-tap-area-editor-build/ModuleCache.noindex/MachO-6UTSAINDTS7KMM0GNCXYRC5SL.pcm

SwiftExplicitDependencyGeneratePcm arm64 /tmp/td-tap-area-editor-build/ModuleCache.noindex/libkern-CRL0D6F6N1845MFNG6JVX19OQ.pcm

SwiftExplicitDependencyGeneratePcm arm64 /tmp/td-tap-area-editor-build/ModuleCache.noindex/launch-775N86KSLI1UCZF192KCQFFHN.pcm

SwiftExplicitDependencyGeneratePcm arm64 /tmp/td-tap-area-editor-build/ModuleCache.noindex/ObjectiveC-2G395LADGTKLX6FLM4QCSPY8Q.pcm

SwiftExplicitDependencyGeneratePcm arm64 /tmp/td-tap-area-editor-build/ModuleCache.noindex/Spatial-2C5WL33Q582X137FP5KXKSZW4.pcm

SwiftExplicitDependencyGeneratePcm arm64 /tmp/td-tap-area-editor-build/ModuleCache.noindex/os_object-55E5UR1TPSSFVGGSYCG7805CR.pcm

SwiftExplicitDependencyGeneratePcm arm64 /tmp/td-tap-area-editor-build/ModuleCache.noindex/os_workgroup-C9DIZFZVYJFIO642FTNH049JP.pcm

SwiftExplicitDependencyGeneratePcm arm64 /tmp/td-tap-area-editor-build/ModuleCache.noindex/Dispatch-B599JR020DYPA4SJ2S3LM7CD.pcm

SwiftExplicitDependencyGeneratePcm arm64 /tmp/td-tap-area-editor-build/ModuleCache.noindex/XPC-4OSRK6POKR6IDJCX7TW1BXPTE.pcm

SwiftExplicitDependencyGeneratePcm arm64 /tmp/td-tap-area-editor-build/ModuleCache.noindex/CoreFoundation-DL946ZHYWCHEILAG202XCDT0V.pcm

SwiftExplicitDependencyGeneratePcm arm64 /tmp/td-tap-area-editor-build/ModuleCache.noindex/os-CL5JNGH13EHSIM5PPSU7QM3ER.pcm

SwiftExplicitDependencyGeneratePcm arm64 /tmp/td-tap-area-editor-build/ModuleCache.noindex/CFNetwork-2FB31TZKX7F3WD4ZI3Y4HQXFZ.pcm

SwiftExplicitDependencyGeneratePcm arm64 /tmp/td-tap-area-editor-build/ModuleCache.noindex/Security-CFF0U2S6MBAYDVFM44N46ZU7P.pcm

SwiftExplicitDependencyGeneratePcm arm64 /tmp/td-tap-area-editor-build/ModuleCache.noindex/ColorSync-BNJLLM1D8KF9ROTZ63VMMY0ZQ.pcm

SwiftExplicitDependencyGeneratePcm arm64 /tmp/td-tap-area-editor-build/ModuleCache.noindex/IOKit-3JC42EPIWN0949A8FA3940EGR.pcm

SwiftExplicitDependencyGeneratePcm arm64 /tmp/td-tap-area-editor-build/ModuleCache.noindex/CoreGraphics-7CTANXQ1KVS0F9JKER05SVCF0.pcm

SwiftExplicitDependencyGeneratePcm arm64 /tmp/td-tap-area-editor-build/ModuleCache.noindex/DiskArbitration-5PY67LKP7R757UX2CWWVFHZ8V.pcm

SwiftExplicitDependencyGeneratePcm arm64 /tmp/td-tap-area-editor-build/ModuleCache.noindex/CoreServices-99HFIJWLI30LZ8UL5APQUF2BD.pcm

SwiftExplicitDependencyGeneratePcm arm64 /tmp/td-tap-area-editor-build/ModuleCache.noindex/CoreText-4OM1QHX870M89HQEOZUY0D2FN.pcm

SwiftExplicitDependencyGeneratePcm arm64 /tmp/td-tap-area-editor-build/ModuleCache.noindex/ImageIO-EHFL0YVIXMUP0U1CEUER458O5.pcm

SwiftExplicitDependencyGeneratePcm arm64 /tmp/td-tap-area-editor-build/ModuleCache.noindex/Foundation-I9TLGIOWNUVUZIDLW9DA5K6H.pcm

SwiftExplicitDependencyGeneratePcm arm64 /tmp/td-tap-area-editor-build/ModuleCache.noindex/UniformTypeIdentifiers-7G6DNBEBOR29SUFG5WBVAZ34Q.pcm

SwiftExplicitDependencyGeneratePcm arm64 /tmp/td-tap-area-editor-build/ModuleCache.noindex/DataDetection-6B1PLUZI7BGNKB0B1TD5N7PQ5.pcm

SwiftExplicitDependencyGeneratePcm arm64 /tmp/td-tap-area-editor-build/ModuleCache.noindex/ApplicationServices-7KOJLRPB1XHIYFK6EKHVO0AW1.pcm

SwiftExplicitDependencyGeneratePcm arm64 /tmp/td-tap-area-editor-build/ModuleCache.noindex/CoreData-9Q70AHVUBL1TXOW465LNMLP4P.pcm

SwiftExplicitDependencyGeneratePcm arm64 /tmp/td-tap-area-editor-build/ModuleCache.noindex/CoreHaptics-529RDCV8TBC3GOF00REU8DIU0.pcm

SwiftExplicitDependencyGeneratePcm arm64 /tmp/td-tap-area-editor-build/ModuleCache.noindex/OSLog-5H8MD1U3841OWXIPFV9K35XZK.pcm

SwiftExplicitDependencyGeneratePcm arm64 /tmp/td-tap-area-editor-build/ModuleCache.noindex/Symbols-3VB7GYY34ECMFDK1TFVH0XIAS.pcm

SwiftExplicitDependencyGeneratePcm arm64 /tmp/td-tap-area-editor-build/ModuleCache.noindex/Accessibility-81F5GYNA77UYKL764895DF2SD.pcm

SwiftExplicitDependencyGeneratePcm arm64 /tmp/td-tap-area-editor-build/ModuleCache.noindex/ModelIO-4O8H4REUIUTHIDEWJPTN448Y9.pcm

SwiftExplicitDependencyGeneratePcm arm64 /tmp/td-tap-area-editor-build/ModuleCache.noindex/IOSurface-9WYOD8FRGX8LX4QP2VHB6N2S7.pcm

SwiftExplicitDependencyGeneratePcm arm64 /tmp/td-tap-area-editor-build/ModuleCache.noindex/CoreTransferable-123WFJME02OME7GW1MGZLIZZT.pcm

SwiftExplicitDependencyGeneratePcm arm64 /tmp/td-tap-area-editor-build/ModuleCache.noindex/Metal-44SO6MZ5DN9SQ8KCD0Q53Q9XZ.pcm

SwiftExplicitDependencyGeneratePcm arm64 /tmp/td-tap-area-editor-build/ModuleCache.noindex/CoreVideo-65CX1QSL2FGBWEN9PPB6Q5NRJ.pcm

SwiftExplicitDependencyGeneratePcm arm64 /tmp/td-tap-area-editor-build/ModuleCache.noindex/CoreImage-270IJM95Z083PLJY831DB3JG0.pcm

SwiftExplicitDependencyGeneratePcm arm64 /tmp/td-tap-area-editor-build/ModuleCache.noindex/QuartzCore-C7DQ5KIX0GWKHR41B6MQLFXW1.pcm

SwiftExplicitDependencyGeneratePcm arm64 /tmp/td-tap-area-editor-build/ModuleCache.noindex/SwiftUICore-7LOA85MV356TIJ0R8KRGOKG4H.pcm

SwiftExplicitDependencyGeneratePcm arm64 /tmp/td-tap-area-editor-build/ModuleCache.noindex/AppKit-D3VVPISMZ2F8N50KUGBZ2LT3X.pcm

SwiftExplicitDependencyGeneratePcm arm64 /tmp/td-tap-area-editor-build/ModuleCache.noindex/SwiftUI-BU4ATMY6TRWR9R8C0TKFIASPH.pcm

SwiftExplicitDependencyGeneratePcm arm64 /tmp/td-tap-area-editor-build/ModuleCache.noindex/Cocoa-5TTVPG4EQI5EF4NTMUM1LSXBT.pcm

SwiftExplicitDependencyGeneratePcm arm64 /tmp/td-tap-area-editor-build/ModuleCache.noindex/GLKit-6FALWTS0REZCE1SN61KAD8Q2B.pcm

SwiftExplicitDependencyGeneratePcm arm64 /tmp/td-tap-area-editor-build/ModuleCache.noindex/SpriteKit-EWEKKB55EIM27JX03CPCY0QZR.pcm

SwiftEmitModule normal arm64 Emitting\ module\ for\ LevelEditor (in target 'LevelEditor' from project 'InDefenseOfHistory')

EmitSwiftModule normal arm64 (in target 'LevelEditor' from project 'InDefenseOfHistory')
    cd /Users/john/projects/td/in-defense-of-history
    

SwiftCompile normal arm64 Compiling\ EnemyTypeDAO.swift,\ HeroDAO.swift,\ BrushInputView.swift,\ BrushStroke.swift,\ EditorCanvas.swift,\ EditorContent.swift,\ EditorLayers.swift,\ EditorView.swift,\ GeoJSONExport.swift,\ GeoJSONFile.swift /Users/john/projects/td/in-defense-of-history/Engine/Persistence/Data\ Access\ Objects/EnemyTypeDAO.swift /Users/john/projects/td/in-defense-of-history/Engine/Persistence/Data\ Access\ Objects/HeroDAO.swift /Users/john/projects/td/in-defense-of-history/LevelEditor/BrushInputView.swift /Users/john/projects/td/in-defense-of-history/LevelEditor/BrushStroke.swift /Users/john/projects/td/in-defense-of-history/LevelEditor/EditorCanvas.swift /Users/john/projects/td/in-defense-of-history/LevelEditor/EditorContent.swift /Users/john/projects/td/in-defense-of-history/LevelEditor/EditorLayers.swift /Users/john/projects/td/in-defense-of-history/LevelEditor/EditorView.swift /Users/john/projects/td/in-defense-of-history/LevelEditor/GeoJSONExport.swift /Users/john/projects/td/in-defense-of-history/LevelEditor/GeoJSONFile.swift (in target 'LevelEditor' from project 'InDefenseOfHistory')
SwiftCompile normal arm64 /Users/john/projects/td/in-defense-of-history/Engine/Persistence/Data\ Access\ Objects/EnemyTypeDAO.swift (in target 'LevelEditor' from project 'InDefenseOfHistory')
    cd /Users/john/projects/td/in-defense-of-history
    

SwiftCompile normal arm64 /Users/john/projects/td/in-defense-of-history/Engine/Persistence/Data\ Access\ Objects/HeroDAO.swift (in target 'LevelEditor' from project 'InDefenseOfHistory')
    cd /Users/john/projects/td/in-defense-of-history
    

SwiftCompile normal arm64 /Users/john/projects/td/in-defense-of-history/LevelEditor/BrushInputView.swift (in target 'LevelEditor' from project 'InDefenseOfHistory')
    cd /Users/john/projects/td/in-defense-of-history
    

SwiftCompile normal arm64 /Users/john/projects/td/in-defense-of-history/LevelEditor/BrushStroke.swift (in target 'LevelEditor' from project 'InDefenseOfHistory')
    cd /Users/john/projects/td/in-defense-of-history
    

SwiftCompile normal arm64 /Users/john/projects/td/in-defense-of-history/LevelEditor/EditorCanvas.swift (in target 'LevelEditor' from project 'InDefenseOfHistory')
    cd /Users/john/projects/td/in-defense-of-history
    

SwiftCompile normal arm64 /Users/john/projects/td/in-defense-of-history/LevelEditor/EditorContent.swift (in target 'LevelEditor' from project 'InDefenseOfHistory')
    cd /Users/john/projects/td/in-defense-of-history
    

SwiftCompile normal arm64 /Users/john/projects/td/in-defense-of-history/LevelEditor/EditorLayers.swift (in target 'LevelEditor' from project 'InDefenseOfHistory')
    cd /Users/john/projects/td/in-defense-of-history
    

SwiftCompile normal arm64 /Users/john/projects/td/in-defense-of-history/LevelEditor/EditorView.swift (in target 'LevelEditor' from project 'InDefenseOfHistory')
    cd /Users/john/projects/td/in-defense-of-history
    

SwiftCompile normal arm64 /Users/john/projects/td/in-defense-of-history/LevelEditor/GeoJSONExport.swift (in target 'LevelEditor' from project 'InDefenseOfHistory')
    cd /Users/john/projects/td/in-defense-of-history
    

SwiftCompile normal arm64 /Users/john/projects/td/in-defense-of-history/LevelEditor/GeoJSONFile.swift (in target 'LevelEditor' from project 'InDefenseOfHistory')
    cd /Users/john/projects/td/in-defense-of-history
    

SwiftCompile normal arm64 Compiling\ WaveDAO.swift,\ Db.swift,\ DbError.swift,\ HeroSelectionStore.swift,\ Repositories.swift,\ SeedContent.swift,\ SQLite.swift,\ SQLiteError.swift,\ FileUtil.swift,\ GeneratedAssetSymbols.swift /Users/john/projects/td/in-defense-of-history/Engine/Persistence/Data\ Access\ Objects/WaveDAO.swift /Users/john/projects/td/in-defense-of-history/Engine/Persistence/Db.swift /Users/john/projects/td/in-defense-of-history/Engine/Persistence/DbError.swift /Users/john/projects/td/in-defense-of-history/Engine/Persistence/HeroSelectionStore.swift /Users/john/projects/td/in-defense-of-history/Engine/Persistence/Repositories.swift /Users/john/projects/td/in-defense-of-history/Engine/Persistence/SeedContent.swift /Users/john/projects/td/in-defense-of-history/Engine/Persistence/SQLite.swift /Users/john/projects/td/in-defense-of-history/Engine/Persistence/SQLiteError.swift /Users/john/projects/td/in-defense-of-history/Engine/Utilities/FileUtil.swift /tmp/td-tap-area-editor-build/Build/Intermediates.noindex/InDefenseOfHistory.build/Debug/LevelEditor.build/DerivedSources/GeneratedAssetSymbols.swift (in target 'LevelEditor' from project 'InDefenseOfHistory')

SwiftCompile normal arm64 /Users/john/projects/td/in-defense-of-history/Engine/Persistence/Data\ Access\ Objects/WaveDAO.swift (in target 'LevelEditor' from project 'InDefenseOfHistory')
    cd /Users/john/projects/td/in-defense-of-history
    

SwiftCompile normal arm64 /Users/john/projects/td/in-defense-of-history/Engine/Persistence/Db.swift (in target 'LevelEditor' from project 'InDefenseOfHistory')
    cd /Users/john/projects/td/in-defense-of-history
    

SwiftCompile normal arm64 /Users/john/projects/td/in-defense-of-history/Engine/Persistence/DbError.swift (in target 'LevelEditor' from project 'InDefenseOfHistory')
    cd /Users/john/projects/td/in-defense-of-history
    

SwiftCompile normal arm64 /Users/john/projects/td/in-defense-of-history/Engine/Persistence/HeroSelectionStore.swift (in target 'LevelEditor' from project 'InDefenseOfHistory')
    cd /Users/john/projects/td/in-defense-of-history
    

SwiftCompile normal arm64 /Users/john/projects/td/in-defense-of-history/Engine/Persistence/Repositories.swift (in target 'LevelEditor' from project 'InDefenseOfHistory')
    cd /Users/john/projects/td/in-defense-of-history
    

SwiftCompile normal arm64 /Users/john/projects/td/in-defense-of-history/Engine/Persistence/SeedContent.swift (in target 'LevelEditor' from project 'InDefenseOfHistory')
    cd /Users/john/projects/td/in-defense-of-history
    

SwiftCompile normal arm64 /Users/john/projects/td/in-defense-of-history/Engine/Persistence/SQLite.swift (in target 'LevelEditor' from project 'InDefenseOfHistory')
    cd /Users/john/projects/td/in-defense-of-history
    

SwiftCompile normal arm64 /Users/john/projects/td/in-defense-of-history/Engine/Persistence/SQLiteError.swift (in target 'LevelEditor' from project 'InDefenseOfHistory')
    cd /Users/john/projects/td/in-defense-of-history
    

SwiftCompile normal arm64 /Users/john/projects/td/in-defense-of-history/Engine/Utilities/FileUtil.swift (in target 'LevelEditor' from project 'InDefenseOfHistory')
    cd /Users/john/projects/td/in-defense-of-history
    

SwiftCompile normal arm64 /tmp/td-tap-area-editor-build/Build/Intermediates.noindex/InDefenseOfHistory.build/Debug/LevelEditor.build/DerivedSources/GeneratedAssetSymbols.swift (in target 'LevelEditor' from project 'InDefenseOfHistory')
    cd /Users/john/projects/td/in-defense-of-history
    

SwiftCompile normal arm64 Compiling\ MeleeFormation.swift,\ MilitiaAI.swift,\ Outcome.swift,\ Path.swift,\ ReinforcementConfig.swift,\ ReinforcementSchedule.swift,\ Report.swift,\ Simulation.swift,\ SpawnEntry.swift,\ Stats.swift /Users/john/projects/td/in-defense-of-history/Engine/Models/MeleeFormation.swift /Users/john/projects/td/in-defense-of-history/Engine/Models/MilitiaAI.swift /Users/john/projects/td/in-defense-of-history/Engine/Models/Outcome.swift /Users/john/projects/td/in-defense-of-history/Engine/Models/Path.swift /Users/john/projects/td/in-defense-of-history/Engine/Models/ReinforcementConfig.swift /Users/john/projects/td/in-defense-of-history/Engine/Models/ReinforcementSchedule.swift /Users/john/projects/td/in-defense-of-history/Engine/Models/Report.swift /Users/john/projects/td/in-defense-of-history/Engine/Models/Simulation.swift /Users/john/projects/td/in-defense-of-history/Engine/Models/SpawnEntry.swift /Users/john/projects/td/in-defense-of-history/Engine/Models/Stats.swift (in target 'LevelEditor' from project 'InDefenseOfHistory')

SwiftCompile normal arm64 /Users/john/projects/td/in-defense-of-history/Engine/Models/MeleeFormation.swift (in target 'LevelEditor' from project 'InDefenseOfHistory')
    cd /Users/john/projects/td/in-defense-of-history
    

SwiftCompile normal arm64 /Users/john/projects/td/in-defense-of-history/Engine/Models/MilitiaAI.swift (in target 'LevelEditor' from project 'InDefenseOfHistory')
    cd /Users/john/projects/td/in-defense-of-history
    

SwiftCompile normal arm64 /Users/john/projects/td/in-defense-of-history/Engine/Models/Outcome.swift (in target 'LevelEditor' from project 'InDefenseOfHistory')
    cd /Users/john/projects/td/in-defense-of-history
    

SwiftCompile normal arm64 /Users/john/projects/td/in-defense-of-history/Engine/Models/Path.swift (in target 'LevelEditor' from project 'InDefenseOfHistory')
    cd /Users/john/projects/td/in-defense-of-history
    

SwiftCompile normal arm64 /Users/john/projects/td/in-defense-of-history/Engine/Models/ReinforcementConfig.swift (in target 'LevelEditor' from project 'InDefenseOfHistory')
    cd /Users/john/projects/td/in-defense-of-history
    

SwiftCompile normal arm64 /Users/john/projects/td/in-defense-of-history/Engine/Models/ReinforcementSchedule.swift (in target 'LevelEditor' from project 'InDefenseOfHistory')
    cd /Users/john/projects/td/in-defense-of-history
    

SwiftCompile normal arm64 /Users/john/projects/td/in-defense-of-history/Engine/Models/Report.swift (in target 'LevelEditor' from project 'InDefenseOfHistory')
    cd /Users/john/projects/td/in-defense-of-history
    

SwiftCompile normal arm64 /Users/john/projects/td/in-defense-of-history/Engine/Models/Simulation.swift (in target 'LevelEditor' from project 'InDefenseOfHistory')
    cd /Users/john/projects/td/in-defense-of-history
    

SwiftCompile normal arm64 /Users/john/projects/td/in-defense-of-history/Engine/Models/SpawnEntry.swift (in target 'LevelEditor' from project 'InDefenseOfHistory')
    cd /Users/john/projects/td/in-defense-of-history
    

SwiftCompile normal arm64 /Users/john/projects/td/in-defense-of-history/Engine/Models/Stats.swift (in target 'LevelEditor' from project 'InDefenseOfHistory')
    cd /Users/john/projects/td/in-defense-of-history
    

SwiftCompile normal arm64 Compiling\ PlaytestCanvas.swift,\ PlaytestView.swift,\ SimSession.swift,\ SwiftExport.swift,\ TowerSlotImage.swift,\ HudLayoutDAO.swift,\ LevelGeoJSONDAO.swift,\ LevelHeroDAO.swift,\ LevelInfoDAO.swift,\ MeleeUnitDAO.swift /Users/john/projects/td/in-defense-of-history/LevelEditor/PlaytestCanvas.swift /Users/john/projects/td/in-defense-of-history/LevelEditor/PlaytestView.swift /Users/john/projects/td/in-defense-of-history/LevelEditor/SimSession.swift /Users/john/projects/td/in-defense-of-history/LevelEditor/SwiftExport.swift /Users/john/projects/td/in-defense-of-history/LevelEditor/TowerSlotImage.swift /Users/john/projects/td/in-defense-of-history/Engine/Persistence/Data\ Access\ Objects/HudLayoutDAO.swift /Users/john/projects/td/in-defense-of-history/Engine/Persistence/Data\ Access\ Objects/LevelGeoJSONDAO.swift /Users/john/projects/td/in-defense-of-history/Engine/Persistence/Data\ Access\ Objects/LevelHeroDAO.swift /Users/john/projects/td/in-defense-of-history/Engine/Persistence/Data\ Access\ Objects/LevelInfoDAO.swift /Users/john/projects/td/in-defense-of-history/Engine/Persistence/Data\ Access\ Objects/MeleeUnitDAO.swift (in target 'LevelEditor' from project 'InDefenseOfHistory')

SwiftCompile normal arm64 /Users/john/projects/td/in-defense-of-history/LevelEditor/PlaytestCanvas.swift (in target 'LevelEditor' from project 'InDefenseOfHistory')
    cd /Users/john/projects/td/in-defense-of-history
    

SwiftCompile normal arm64 /Users/john/projects/td/in-defense-of-history/LevelEditor/PlaytestView.swift (in target 'LevelEditor' from project 'InDefenseOfHistory')
    cd /Users/john/projects/td/in-defense-of-history
    

SwiftCompile normal arm64 /Users/john/projects/td/in-defense-of-history/LevelEditor/SimSession.swift (in target 'LevelEditor' from project 'InDefenseOfHistory')
    cd /Users/john/projects/td/in-defense-of-history
    

SwiftCompile normal arm64 /Users/john/projects/td/in-defense-of-history/LevelEditor/SwiftExport.swift (in target 'LevelEditor' from project 'InDefenseOfHistory')
    cd /Users/john/projects/td/in-defense-of-history
    

SwiftCompile normal arm64 /Users/john/projects/td/in-defense-of-history/LevelEditor/TowerSlotImage.swift (in target 'LevelEditor' from project 'InDefenseOfHistory')
    cd /Users/john/projects/td/in-defense-of-history
    

SwiftCompile normal arm64 /Users/john/projects/td/in-defense-of-history/Engine/Persistence/Data\ Access\ Objects/HudLayoutDAO.swift (in target 'LevelEditor' from project 'InDefenseOfHistory')
    cd /Users/john/projects/td/in-defense-of-history
    

SwiftCompile normal arm64 /Users/john/projects/td/in-defense-of-history/Engine/Persistence/Data\ Access\ Objects/LevelGeoJSONDAO.swift (in target 'LevelEditor' from project 'InDefenseOfHistory')
    cd /Users/john/projects/td/in-defense-of-history
    

SwiftCompile normal arm64 /Users/john/projects/td/in-defense-of-history/Engine/Persistence/Data\ Access\ Objects/LevelHeroDAO.swift (in target 'LevelEditor' from project 'InDefenseOfHistory')
    cd /Users/john/projects/td/in-defense-of-history
    

SwiftCompile normal arm64 /Users/john/projects/td/in-defense-of-history/Engine/Persistence/Data\ Access\ Objects/LevelInfoDAO.swift (in target 'LevelEditor' from project 'InDefenseOfHistory')
    cd /Users/john/projects/td/in-defense-of-history
    

SwiftCompile normal arm64 /Users/john/projects/td/in-defense-of-history/Engine/Persistence/Data\ Access\ Objects/MeleeUnitDAO.swift (in target 'LevelEditor' from project 'InDefenseOfHistory')
    cd /Users/john/projects/td/in-defense-of-history
    

SwiftCompile normal arm64 Compiling\ PathDAO.swift,\ ReinforcementConfigDAO.swift,\ SimBoundsDAO.swift,\ SimEnemyTypeDAO.swift,\ SimMeleeUnitDAO.swift,\ SimulatorRunDAO.swift,\ TowerSlotDAO.swift,\ TowerTypeDAO.swift,\ TowerUnlockDAO.swift,\ VirtualCanvasDAO.swift /Users/john/projects/td/in-defense-of-history/Engine/Persistence/Data\ Access\ Objects/PathDAO.swift /Users/john/projects/td/in-defense-of-history/Engine/Persistence/Data\ Access\ Objects/ReinforcementConfigDAO.swift /Users/john/projects/td/in-defense-of-history/Engine/Persistence/Data\ Access\ Objects/SimBoundsDAO.swift /Users/john/projects/td/in-defense-of-history/Engine/Persistence/Data\ Access\ Objects/SimEnemyTypeDAO.swift /Users/john/projects/td/in-defense-of-history/Engine/Persistence/Data\ Access\ Objects/SimMeleeUnitDAO.swift /Users/john/projects/td/in-defense-of-history/Engine/Persistence/Data\ Access\ Objects/SimulatorRunDAO.swift /Users/john/projects/td/in-defense-of-history/Engine/Persistence/Data\ Access\ Objects/TowerSlotDAO.swift /Users/john/projects/td/in-defense-of-history/Engine/Persistence/Data\ Access\ Objects/TowerTypeDAO.swift /Users/john/projects/td/in-defense-of-history/Engine/Persistence/Data\ Access\ Objects/TowerUnlockDAO.swift /Users/john/projects/td/in-defense-of-history/Engine/Persistence/Data\ Access\ Objects/VirtualCanvasDAO.swift (in target 'LevelEditor' from project 'InDefenseOfHistory')

SwiftCompile normal arm64 /Users/john/projects/td/in-defense-of-history/Engine/Persistence/Data\ Access\ Objects/PathDAO.swift (in target 'LevelEditor' from project 'InDefenseOfHistory')
    cd /Users/john/projects/td/in-defense-of-history
    

SwiftCompile normal arm64 /Users/john/projects/td/in-defense-of-history/Engine/Persistence/Data\ Access\ Objects/ReinforcementConfigDAO.swift (in target 'LevelEditor' from project 'InDefenseOfHistory')
    cd /Users/john/projects/td/in-defense-of-history
    

SwiftCompile normal arm64 /Users/john/projects/td/in-defense-of-history/Engine/Persistence/Data\ Access\ Objects/SimBoundsDAO.swift (in target 'LevelEditor' from project 'InDefenseOfHistory')
    cd /Users/john/projects/td/in-defense-of-history
    

SwiftCompile normal arm64 /Users/john/projects/td/in-defense-of-history/Engine/Persistence/Data\ Access\ Objects/SimEnemyTypeDAO.swift (in target 'LevelEditor' from project 'InDefenseOfHistory')
    cd /Users/john/projects/td/in-defense-of-history
    

SwiftCompile normal arm64 /Users/john/projects/td/in-defense-of-history/Engine/Persistence/Data\ Access\ Objects/SimMeleeUnitDAO.swift (in target 'LevelEditor' from project 'InDefenseOfHistory')
    cd /Users/john/projects/td/in-defense-of-history
    

SwiftCompile normal arm64 /Users/john/projects/td/in-defense-of-history/Engine/Persistence/Data\ Access\ Objects/SimulatorRunDAO.swift (in target 'LevelEditor' from project 'InDefenseOfHistory')
    cd /Users/john/projects/td/in-defense-of-history
    

SwiftCompile normal arm64 /Users/john/projects/td/in-defense-of-history/Engine/Persistence/Data\ Access\ Objects/TowerSlotDAO.swift (in target 'LevelEditor' from project 'InDefenseOfHistory')
    cd /Users/john/projects/td/in-defense-of-history
    

SwiftCompile normal arm64 /Users/john/projects/td/in-defense-of-history/Engine/Persistence/Data\ Access\ Objects/TowerTypeDAO.swift (in target 'LevelEditor' from project 'InDefenseOfHistory')
    cd /Users/john/projects/td/in-defense-of-history
    

SwiftCompile normal arm64 /Users/john/projects/td/in-defense-of-history/Engine/Persistence/Data\ Access\ Objects/TowerUnlockDAO.swift (in target 'LevelEditor' from project 'InDefenseOfHistory')
    cd /Users/john/projects/td/in-defense-of-history
    

SwiftCompile normal arm64 /Users/john/projects/td/in-defense-of-history/Engine/Persistence/Data\ Access\ Objects/VirtualCanvasDAO.swift (in target 'LevelEditor' from project 'InDefenseOfHistory')
    cd /Users/john/projects/td/in-defense-of-history
    

SwiftCompile normal arm64 Compiling\ Tower.swift,\ TowerKind.swift,\ TowerSlot.swift,\ Traits.swift,\ UnitFacing.swift,\ Wave.swift,\ WaveStartSchedule.swift,\ BaseDAO.swift,\ CampaignDAO.swift,\ DifficultyDAO.swift /Users/john/projects/td/in-defense-of-history/Engine/Models/Tower.swift /Users/john/projects/td/in-defense-of-history/Engine/Models/TowerKind.swift /Users/john/projects/td/in-defense-of-history/Engine/Models/TowerSlot.swift /Users/john/projects/td/in-defense-of-history/Engine/Models/Traits.swift /Users/john/projects/td/in-defense-of-history/Engine/Models/UnitFacing.swift /Users/john/projects/td/in-defense-of-history/Engine/Models/Wave.swift /Users/john/projects/td/in-defense-of-history/Engine/Models/WaveStartSchedule.swift /Users/john/projects/td/in-defense-of-history/Engine/Persistence/Data\ Access\ Objects/BaseDAO.swift /Users/john/projects/td/in-defense-of-history/Engine/Persistence/Data\ Access\ Objects/CampaignDAO.swift /Users/john/projects/td/in-defense-of-history/Engine/Persistence/Data\ Access\ Objects/DifficultyDAO.swift (in target 'LevelEditor' from project 'InDefenseOfHistory')

SwiftCompile normal arm64 /Users/john/projects/td/in-defense-of-history/Engine/Models/Tower.swift (in target 'LevelEditor' from project 'InDefenseOfHistory')
    cd /Users/john/projects/td/in-defense-of-history
    

SwiftCompile normal arm64 /Users/john/projects/td/in-defense-of-history/Engine/Models/TowerKind.swift (in target 'LevelEditor' from project 'InDefenseOfHistory')
    cd /Users/john/projects/td/in-defense-of-history
    

SwiftCompile normal arm64 /Users/john/projects/td/in-defense-of-history/Engine/Models/TowerSlot.swift (in target 'LevelEditor' from project 'InDefenseOfHistory')
    cd /Users/john/projects/td/in-defense-of-history
    

SwiftCompile normal arm64 /Users/john/projects/td/in-defense-of-history/Engine/Models/Traits.swift (in target 'LevelEditor' from project 'InDefenseOfHistory')
    cd /Users/john/projects/td/in-defense-of-history
    

SwiftCompile normal arm64 /Users/john/projects/td/in-defense-of-history/Engine/Models/UnitFacing.swift (in target 'LevelEditor' from project 'InDefenseOfHistory')
    cd /Users/john/projects/td/in-defense-of-history
    

SwiftCompile normal arm64 /Users/john/projects/td/in-defense-of-history/Engine/Models/Wave.swift (in target 'LevelEditor' from project 'InDefenseOfHistory')
    cd /Users/john/projects/td/in-defense-of-history
    

SwiftCompile normal arm64 /Users/john/projects/td/in-defense-of-history/Engine/Models/WaveStartSchedule.swift (in target 'LevelEditor' from project 'InDefenseOfHistory')
    cd /Users/john/projects/td/in-defense-of-history
    

SwiftCompile normal arm64 /Users/john/projects/td/in-defense-of-history/Engine/Persistence/Data\ Access\ Objects/BaseDAO.swift (in target 'LevelEditor' from project 'InDefenseOfHistory')
    cd /Users/john/projects/td/in-defense-of-history
    

SwiftCompile normal arm64 /Users/john/projects/td/in-defense-of-history/Engine/Persistence/Data\ Access\ Objects/CampaignDAO.swift (in target 'LevelEditor' from project 'InDefenseOfHistory')
    cd /Users/john/projects/td/in-defense-of-history
    

SwiftCompile normal arm64 /Users/john/projects/td/in-defense-of-history/Engine/Persistence/Data\ Access\ Objects/DifficultyDAO.swift (in target 'LevelEditor' from project 'InDefenseOfHistory')
    cd /Users/john/projects/td/in-defense-of-history
    

SwiftCompile normal arm64 Compiling\ EnemyEscapeHapticPolicy.swift,\ EnemyType.swift,\ Engine.swift,\ GameplayHapticPattern.swift,\ HapticAuditionSample.swift,\ Hero.swift,\ HeroSelection.swift,\ LevelHero.swift,\ LevelHeroConfiguration.swift,\ LevelInfo.swift /Users/john/projects/td/in-defense-of-history/Engine/Models/EnemyEscapeHapticPolicy.swift /Users/john/projects/td/in-defense-of-history/Engine/Models/EnemyType.swift /Users/john/projects/td/in-defense-of-history/Engine/Models/Engine.swift /Users/john/projects/td/in-defense-of-history/Engine/Models/GameplayHapticPattern.swift /Users/john/projects/td/in-defense-of-history/Engine/Models/HapticAuditionSample.swift /Users/john/projects/td/in-defense-of-history/Engine/Models/Hero.swift /Users/john/projects/td/in-defense-of-history/Engine/Models/HeroSelection.swift /Users/john/projects/td/in-defense-of-history/Engine/Models/LevelHero.swift /Users/john/projects/td/in-defense-of-history/Engine/Models/LevelHeroConfiguration.swift /Users/john/projects/td/in-defense-of-history/Engine/Models/LevelInfo.swift (in target 'LevelEditor' from project 'InDefenseOfHistory')

SwiftCompile normal arm64 /Users/john/projects/td/in-defense-of-history/Engine/Models/EnemyEscapeHapticPolicy.swift (in target 'LevelEditor' from project 'InDefenseOfHistory')
    cd /Users/john/projects/td/in-defense-of-history
    

SwiftCompile normal arm64 /Users/john/projects/td/in-defense-of-history/Engine/Models/EnemyType.swift (in target 'LevelEditor' from project 'InDefenseOfHistory')
    cd /Users/john/projects/td/in-defense-of-history
    

SwiftCompile normal arm64 /Users/john/projects/td/in-defense-of-history/Engine/Models/Engine.swift (in target 'LevelEditor' from project 'InDefenseOfHistory')
    cd /Users/john/projects/td/in-defense-of-history
    

SwiftCompile normal arm64 /Users/john/projects/td/in-defense-of-history/Engine/Models/GameplayHapticPattern.swift (in target 'LevelEditor' from project 'InDefenseOfHistory')
    cd /Users/john/projects/td/in-defense-of-history
    

SwiftCompile normal arm64 /Users/john/projects/td/in-defense-of-history/Engine/Models/HapticAuditionSample.swift (in target 'LevelEditor' from project 'InDefenseOfHistory')
    cd /Users/john/projects/td/in-defense-of-history
    

SwiftCompile normal arm64 /Users/john/projects/td/in-defense-of-history/Engine/Models/Hero.swift (in target 'LevelEditor' from project 'InDefenseOfHistory')
    cd /Users/john/projects/td/in-defense-of-history
    

SwiftCompile normal arm64 /Users/john/projects/td/in-defense-of-history/Engine/Models/HeroSelection.swift (in target 'LevelEditor' from project 'InDefenseOfHistory')
    cd /Users/john/projects/td/in-defense-of-history
    

SwiftCompile normal arm64 /Users/john/projects/td/in-defense-of-history/Engine/Models/LevelHero.swift (in target 'LevelEditor' from project 'InDefenseOfHistory')
    cd /Users/john/projects/td/in-defense-of-history
    

SwiftCompile normal arm64 /Users/john/projects/td/in-defense-of-history/Engine/Models/LevelHeroConfiguration.swift (in target 'LevelEditor' from project 'InDefenseOfHistory')
    cd /Users/john/projects/td/in-defense-of-history
    

SwiftCompile normal arm64 /Users/john/projects/td/in-defense-of-history/Engine/Models/LevelInfo.swift (in target 'LevelEditor' from project 'InDefenseOfHistory')
    cd /Users/john/projects/td/in-defense-of-history
    

SwiftCompile normal arm64 Compiling\ DesignRoster.swift,\ LevelBlueprint.swift,\ VirtualCanvas.swift,\ CallWaveButtonLayout.swift,\ HeroBarLayout.swift,\ HeroPlacementOcclusion.swift,\ HeroSpriteProfile.swift,\ HeroStartingPositionManager.swift,\ HudElementLayouts.swift,\ HudLayoutConfig.swift,\ HudPlacementSolver.swift /Users/john/projects/td/in-defense-of-history/Engine/Design/DesignRoster.swift /Users/john/projects/td/in-defense-of-history/Engine/Design/LevelBlueprint.swift /Users/john/projects/td/in-defense-of-history/Engine/Design/VirtualCanvas.swift /Users/john/projects/td/in-defense-of-history/Engine/Layout/CallWaveButtonLayout.swift /Users/john/projects/td/in-defense-of-history/Engine/Layout/HeroBarLayout.swift /Users/john/projects/td/in-defense-of-history/Engine/Layout/HeroPlacementOcclusion.swift /Users/john/projects/td/in-defense-of-history/Engine/Layout/HeroSpriteProfile.swift /Users/john/projects/td/in-defense-of-history/Engine/Layout/HeroStartingPositionManager.swift /Users/john/projects/td/in-defense-of-history/Engine/Layout/HudElementLayouts.swift /Users/john/projects/td/in-defense-of-history/Engine/Layout/HudLayoutConfig.swift /Users/john/projects/td/in-defense-of-history/Engine/Layout/HudPlacementSolver.swift (in target 'LevelEditor' from project 'InDefenseOfHistory')

SwiftCompile normal arm64 /Users/john/projects/td/in-defense-of-history/Engine/Design/DesignRoster.swift (in target 'LevelEditor' from project 'InDefenseOfHistory')
    cd /Users/john/projects/td/in-defense-of-history
    

SwiftCompile normal arm64 /Users/john/projects/td/in-defense-of-history/Engine/Design/LevelBlueprint.swift (in target 'LevelEditor' from project 'InDefenseOfHistory')
    cd /Users/john/projects/td/in-defense-of-history
    

SwiftCompile normal arm64 /Users/john/projects/td/in-defense-of-history/Engine/Design/VirtualCanvas.swift (in target 'LevelEditor' from project 'InDefenseOfHistory')
    cd /Users/john/projects/td/in-defense-of-history
    

SwiftCompile normal arm64 /Users/john/projects/td/in-defense-of-history/Engine/Layout/CallWaveButtonLayout.swift (in target 'LevelEditor' from project 'InDefenseOfHistory')
    cd /Users/john/projects/td/in-defense-of-history
    

SwiftCompile normal arm64 /Users/john/projects/td/in-defense-of-history/Engine/Layout/HeroBarLayout.swift (in target 'LevelEditor' from project 'InDefenseOfHistory')
    cd /Users/john/projects/td/in-defense-of-history
    

SwiftCompile normal arm64 /Users/john/projects/td/in-defense-of-history/Engine/Layout/HeroPlacementOcclusion.swift (in target 'LevelEditor' from project 'InDefenseOfHistory')
    cd /Users/john/projects/td/in-defense-of-history
    

SwiftCompile normal arm64 /Users/john/projects/td/in-defense-of-history/Engine/Layout/HeroSpriteProfile.swift (in target 'LevelEditor' from project 'InDefenseOfHistory')
    cd /Users/john/projects/td/in-defense-of-history
    

SwiftCompile normal arm64 /Users/john/projects/td/in-defense-of-history/Engine/Layout/HeroStartingPositionManager.swift (in target 'LevelEditor' from project 'InDefenseOfHistory')
    cd /Users/john/projects/td/in-defense-of-history
    

SwiftCompile normal arm64 /Users/john/projects/td/in-defense-of-history/Engine/Layout/HudElementLayouts.swift (in target 'LevelEditor' from project 'InDefenseOfHistory')
    cd /Users/john/projects/td/in-defense-of-history
    

SwiftCompile normal arm64 /Users/john/projects/td/in-defense-of-history/Engine/Layout/HudLayoutConfig.swift (in target 'LevelEditor' from project 'InDefenseOfHistory')
    cd /Users/john/projects/td/in-defense-of-history
    

SwiftCompile normal arm64 /Users/john/projects/td/in-defense-of-history/Engine/Layout/HudPlacementSolver.swift (in target 'LevelEditor' from project 'InDefenseOfHistory')
    cd /Users/john/projects/td/in-defense-of-history
    

SwiftCompile normal arm64 Compiling\ GeoJSONImport.swift,\ InspectorView.swift,\ LevelEditorApp.swift,\ LevelGeoJSON.swift,\ MapDocument.swift,\ NativeMapFile.swift,\ Palette.swift,\ PathArtist.swift,\ PathFlattening.swift,\ PlatformSupport.swift /Users/john/projects/td/in-defense-of-history/LevelEditor/GeoJSONImport.swift /Users/john/projects/td/in-defense-of-history/LevelEditor/InspectorView.swift /Users/john/projects/td/in-defense-of-history/LevelEditor/LevelEditorApp.swift /Users/john/projects/td/in-defense-of-history/LevelEditor/LevelGeoJSON.swift /Users/john/projects/td/in-defense-of-history/LevelEditor/MapDocument.swift /Users/john/projects/td/in-defense-of-history/LevelEditor/NativeMapFile.swift /Users/john/projects/td/in-defense-of-history/LevelEditor/Palette.swift /Users/john/projects/td/in-defense-of-history/LevelEditor/PathArtist.swift /Users/john/projects/td/in-defense-of-history/LevelEditor/PathFlattening.swift /Users/john/projects/td/in-defense-of-history/LevelEditor/PlatformSupport.swift (in target 'LevelEditor' from project 'InDefenseOfHistory')

SwiftCompile normal arm64 /Users/john/projects/td/in-defense-of-history/LevelEditor/GeoJSONImport.swift (in target 'LevelEditor' from project 'InDefenseOfHistory')
    cd /Users/john/projects/td/in-defense-of-history
    

SwiftCompile normal arm64 /Users/john/projects/td/in-defense-of-history/LevelEditor/InspectorView.swift (in target 'LevelEditor' from project 'InDefenseOfHistory')
    cd /Users/john/projects/td/in-defense-of-history
    

SwiftCompile normal arm64 /Users/john/projects/td/in-defense-of-history/LevelEditor/LevelEditorApp.swift (in target 'LevelEditor' from project 'InDefenseOfHistory')
    cd /Users/john/projects/td/in-defense-of-history
    

SwiftCompile normal arm64 /Users/john/projects/td/in-defense-of-history/LevelEditor/LevelGeoJSON.swift (in target 'LevelEditor' from project 'InDefenseOfHistory')
    cd /Users/john/projects/td/in-defense-of-history
    

SwiftCompile normal arm64 /Users/john/projects/td/in-defense-of-history/LevelEditor/MapDocument.swift (in target 'LevelEditor' from project 'InDefenseOfHistory')
    cd /Users/john/projects/td/in-defense-of-history
    

SwiftCompile normal arm64 /Users/john/projects/td/in-defense-of-history/LevelEditor/NativeMapFile.swift (in target 'LevelEditor' from project 'InDefenseOfHistory')
    cd /Users/john/projects/td/in-defense-of-history
    

SwiftCompile normal arm64 /Users/john/projects/td/in-defense-of-history/LevelEditor/Palette.swift (in target 'LevelEditor' from project 'InDefenseOfHistory')
    cd /Users/john/projects/td/in-defense-of-history
    

SwiftCompile normal arm64 /Users/john/projects/td/in-defense-of-history/LevelEditor/PathArtist.swift (in target 'LevelEditor' from project 'InDefenseOfHistory')
    cd /Users/john/projects/td/in-defense-of-history
    

SwiftCompile normal arm64 /Users/john/projects/td/in-defense-of-history/LevelEditor/PathFlattening.swift (in target 'LevelEditor' from project 'InDefenseOfHistory')
    cd /Users/john/projects/td/in-defense-of-history
    

SwiftCompile normal arm64 /Users/john/projects/td/in-defense-of-history/LevelEditor/PlatformSupport.swift (in target 'LevelEditor' from project 'InDefenseOfHistory')
    cd /Users/john/projects/td/in-defense-of-history
    

SwiftCompile normal arm64 Compiling\ HudSizing.swift,\ LevelViewport.swift,\ MapSpriteSizing.swift,\ MasterControlsLayout.swift,\ MenuContentLayout.swift,\ PresentationStack.swift,\ RuntimeCanvasView.swift,\ ScreenCanvas.swift,\ StackLayout.swift,\ TowerMenuLayout.swift,\ TowerRangeOverlay.swift /Users/john/projects/td/in-defense-of-history/Engine/Layout/HudSizing.swift /Users/john/projects/td/in-defense-of-history/Engine/Layout/LevelViewport.swift /Users/john/projects/td/in-defense-of-history/Engine/Layout/MapSpriteSizing.swift /Users/john/projects/td/in-defense-of-history/Engine/Layout/MasterControlsLayout.swift /Users/john/projects/td/in-defense-of-history/Engine/Layout/MenuContentLayout.swift /Users/john/projects/td/in-defense-of-history/Engine/Layout/PresentationStack.swift /Users/john/projects/td/in-defense-of-history/Engine/Layout/RuntimeCanvasView.swift /Users/john/projects/td/in-defense-of-history/Engine/Layout/ScreenCanvas.swift /Users/john/projects/td/in-defense-of-history/Engine/Layout/StackLayout.swift /Users/john/projects/td/in-defense-of-history/Engine/Layout/TowerMenuLayout.swift /Users/john/projects/td/in-defense-of-history/Engine/Layout/TowerRangeOverlay.swift (in target 'LevelEditor' from project 'InDefenseOfHistory')

SwiftCompile normal arm64 /Users/john/projects/td/in-defense-of-history/Engine/Layout/HudSizing.swift (in target 'LevelEditor' from project 'InDefenseOfHistory')
    cd /Users/john/projects/td/in-defense-of-history
    

SwiftCompile normal arm64 /Users/john/projects/td/in-defense-of-history/Engine/Layout/LevelViewport.swift (in target 'LevelEditor' from project 'InDefenseOfHistory')
    cd /Users/john/projects/td/in-defense-of-history
    

SwiftCompile normal arm64 /Users/john/projects/td/in-defense-of-history/Engine/Layout/MapSpriteSizing.swift (in target 'LevelEditor' from project 'InDefenseOfHistory')
    cd /Users/john/projects/td/in-defense-of-history
    

SwiftCompile normal arm64 /Users/john/projects/td/in-defense-of-history/Engine/Layout/MasterControlsLayout.swift (in target 'LevelEditor' from project 'InDefenseOfHistory')
    cd /Users/john/projects/td/in-defense-of-history
    

SwiftCompile normal arm64 /Users/john/projects/td/in-defense-of-history/Engine/Layout/MenuContentLayout.swift (in target 'LevelEditor' from project 'InDefenseOfHistory')
    cd /Users/john/projects/td/in-defense-of-history
    

SwiftCompile normal arm64 /Users/john/projects/td/in-defense-of-history/Engine/Layout/PresentationStack.swift (in target 'LevelEditor' from project 'InDefenseOfHistory')
    cd /Users/john/projects/td/in-defense-of-history
    

SwiftCompile normal arm64 /Users/john/projects/td/in-defense-of-history/Engine/Layout/RuntimeCanvasView.swift (in target 'LevelEditor' from project 'InDefenseOfHistory')
    cd /Users/john/projects/td/in-defense-of-history
    

SwiftCompile normal arm64 /Users/john/projects/td/in-defense-of-history/Engine/Layout/ScreenCanvas.swift (in target 'LevelEditor' from project 'InDefenseOfHistory')
    cd /Users/john/projects/td/in-defense-of-history
    

SwiftCompile normal arm64 /Users/john/projects/td/in-defense-of-history/Engine/Layout/StackLayout.swift (in target 'LevelEditor' from project 'InDefenseOfHistory')
    cd /Users/john/projects/td/in-defense-of-history
    

SwiftCompile normal arm64 /Users/john/projects/td/in-defense-of-history/Engine/Layout/TowerMenuLayout.swift (in target 'LevelEditor' from project 'InDefenseOfHistory')
    cd /Users/john/projects/td/in-defense-of-history
    

SwiftCompile normal arm64 /Users/john/projects/td/in-defense-of-history/Engine/Layout/TowerRangeOverlay.swift (in target 'LevelEditor' from project 'InDefenseOfHistory')
    cd /Users/john/projects/td/in-defense-of-history
    

SwiftCompile normal arm64 Compiling\ TargetCommand.swift,\ Constants.swift,\ Enums.swift,\ GameError.swift,\ GameIdentity.swift,\ RuntimeCanvas.swift,\ Store.swift,\ Timer.swift,\ HapticAuditionPlayer.swift,\ Blueprints.swift,\ DesignArsenal.swift /Users/john/projects/td/in-defense-of-history/Engine/Combat/TargetCommand.swift /Users/john/projects/td/in-defense-of-history/Engine/Core/Constants.swift /Users/john/projects/td/in-defense-of-history/Engine/Core/Enums.swift /Users/john/projects/td/in-defense-of-history/Engine/Core/GameError.swift /Users/john/projects/td/in-defense-of-history/Engine/Core/GameIdentity.swift /Users/john/projects/td/in-defense-of-history/Engine/Core/RuntimeCanvas.swift /Users/john/projects/td/in-defense-of-history/Engine/Core/Store.swift /Users/john/projects/td/in-defense-of-history/Engine/Core/Timer.swift /Users/john/projects/td/in-defense-of-history/Engine/Debug/HapticAuditionPlayer.swift /Users/john/projects/td/in-defense-of-history/Engine/Design/Blueprints.swift /Users/john/projects/td/in-defense-of-history/Engine/Design/DesignArsenal.swift (in target 'LevelEditor' from project 'InDefenseOfHistory')

SwiftCompile normal arm64 /Users/john/projects/td/in-defense-of-history/Engine/Combat/TargetCommand.swift (in target 'LevelEditor' from project 'InDefenseOfHistory')
    cd /Users/john/projects/td/in-defense-of-history
    

SwiftCompile normal arm64 /Users/john/projects/td/in-defense-of-history/Engine/Core/Constants.swift (in target 'LevelEditor' from project 'InDefenseOfHistory')
    cd /Users/john/projects/td/in-defense-of-history
    

SwiftCompile normal arm64 /Users/john/projects/td/in-defense-of-history/Engine/Core/Enums.swift (in target 'LevelEditor' from project 'InDefenseOfHistory')
    cd /Users/john/projects/td/in-defense-of-history
    

SwiftCompile normal arm64 /Users/john/projects/td/in-defense-of-history/Engine/Core/GameError.swift (in target 'LevelEditor' from project 'InDefenseOfHistory')
    cd /Users/john/projects/td/in-defense-of-history
    

SwiftCompile normal arm64 /Users/john/projects/td/in-defense-of-history/Engine/Core/GameIdentity.swift (in target 'LevelEditor' from project 'InDefenseOfHistory')
    cd /Users/john/projects/td/in-defense-of-history
    

SwiftCompile normal arm64 /Users/john/projects/td/in-defense-of-history/Engine/Core/RuntimeCanvas.swift (in target 'LevelEditor' from project 'InDefenseOfHistory')
    cd /Users/john/projects/td/in-defense-of-history
    

SwiftCompile normal arm64 /Users/john/projects/td/in-defense-of-history/Engine/Core/Store.swift (in target 'LevelEditor' from project 'InDefenseOfHistory')
    cd /Users/john/projects/td/in-defense-of-history
    

SwiftCompile normal arm64 /Users/john/projects/td/in-defense-of-history/Engine/Core/Timer.swift (in target 'LevelEditor' from project 'InDefenseOfHistory')
    cd /Users/john/projects/td/in-defense-of-history
    

SwiftCompile normal arm64 /Users/john/projects/td/in-defense-of-history/Engine/Debug/HapticAuditionPlayer.swift (in target 'LevelEditor' from project 'InDefenseOfHistory')
    cd /Users/john/projects/td/in-defense-of-history
    

SwiftCompile normal arm64 /Users/john/projects/td/in-defense-of-history/Engine/Design/Blueprints.swift (in target 'LevelEditor' from project 'InDefenseOfHistory')
    cd /Users/john/projects/td/in-defense-of-history
    

SwiftCompile normal arm64 /Users/john/projects/td/in-defense-of-history/Engine/Design/DesignArsenal.swift (in target 'LevelEditor' from project 'InDefenseOfHistory')
    cd /Users/john/projects/td/in-defense-of-history
    

SwiftCompile normal arm64 Compiling\ LogCategory.swift,\ LogUtility.swift,\ CallWaveButtonPosition.swift,\ Campaign.swift,\ CampaignLevel.swift,\ CommanderPolicy.swift,\ ContentCatalog.swift,\ Core.swift,\ Difficulty.swift,\ Enemy.swift /Users/john/projects/td/in-defense-of-history/Engine/Logging/LogCategory.swift /Users/john/projects/td/in-defense-of-history/Engine/Logging/LogUtility.swift /Users/john/projects/td/in-defense-of-history/Engine/Models/CallWaveButtonPosition.swift /Users/john/projects/td/in-defense-of-history/Engine/Models/Campaign.swift /Users/john/projects/td/in-defense-of-history/Engine/Models/CampaignLevel.swift /Users/john/projects/td/in-defense-of-history/Engine/Models/CommanderPolicy.swift /Users/john/projects/td/in-defense-of-history/Engine/Models/ContentCatalog.swift /Users/john/projects/td/in-defense-of-history/Engine/Models/Core.swift /Users/john/projects/td/in-defense-of-history/Engine/Models/Difficulty.swift /Users/john/projects/td/in-defense-of-history/Engine/Models/Enemy.swift (in target 'LevelEditor' from project 'InDefenseOfHistory')

SwiftCompile normal arm64 /Users/john/projects/td/in-defense-of-history/Engine/Logging/LogCategory.swift (in target 'LevelEditor' from project 'InDefenseOfHistory')
    cd /Users/john/projects/td/in-defense-of-history
    

SwiftCompile normal arm64 /Users/john/projects/td/in-defense-of-history/Engine/Logging/LogUtility.swift (in target 'LevelEditor' from project 'InDefenseOfHistory')
    cd /Users/john/projects/td/in-defense-of-history
    

SwiftCompile normal arm64 /Users/john/projects/td/in-defense-of-history/Engine/Models/CallWaveButtonPosition.swift (in target 'LevelEditor' from project 'InDefenseOfHistory')
    cd /Users/john/projects/td/in-defense-of-history
    

SwiftCompile normal arm64 /Users/john/projects/td/in-defense-of-history/Engine/Models/Campaign.swift (in target 'LevelEditor' from project 'InDefenseOfHistory')
    cd /Users/john/projects/td/in-defense-of-history
    

SwiftCompile normal arm64 /Users/john/projects/td/in-defense-of-history/Engine/Models/CampaignLevel.swift (in target 'LevelEditor' from project 'InDefenseOfHistory')
    cd /Users/john/projects/td/in-defense-of-history
    

SwiftCompile normal arm64 /Users/john/projects/td/in-defense-of-history/Engine/Models/CommanderPolicy.swift (in target 'LevelEditor' from project 'InDefenseOfHistory')
    cd /Users/john/projects/td/in-defense-of-history
    

SwiftCompile normal arm64 /Users/john/projects/td/in-defense-of-history/Engine/Models/ContentCatalog.swift (in target 'LevelEditor' from project 'InDefenseOfHistory')
    cd /Users/john/projects/td/in-defense-of-history
    

SwiftCompile normal arm64 /Users/john/projects/td/in-defense-of-history/Engine/Models/Core.swift (in target 'LevelEditor' from project 'InDefenseOfHistory')
    cd /Users/john/projects/td/in-defense-of-history
    

SwiftCompile normal arm64 /Users/john/projects/td/in-defense-of-history/Engine/Models/Difficulty.swift (in target 'LevelEditor' from project 'InDefenseOfHistory')
    cd /Users/john/projects/td/in-defense-of-history
    

SwiftCompile normal arm64 /Users/john/projects/td/in-defense-of-history/Engine/Models/Enemy.swift (in target 'LevelEditor' from project 'InDefenseOfHistory')
    cd /Users/john/projects/td/in-defense-of-history
    

SwiftDriverJobDiscovery normal arm64 Emitting module for LevelEditor (in target 'LevelEditor' from project 'InDefenseOfHistory')

SwiftDriver\ Compilation\ Requirements LevelEditor normal arm64 com.apple.xcode.tools.swift.compiler (in target 'LevelEditor' from project 'InDefenseOfHistory')
    cd /Users/john/projects/td/in-defense-of-history
    builtin-Swift-Compilation-Requirements -- /Applications/Xcode.app/Contents/Developer/Toolchains/XcodeDefault.xctoolchain/usr/bin/swiftc -module-name LevelEditor -Onone @/tmp/td-tap-area-editor-build/Build/Intermediates.noindex/InDefenseOfHistory.build/Debug/LevelEditor.build/Objects-normal/arm64/LevelEditor.SwiftFileList -DDEBUG -enable-bare-slash-regex -enable-upcoming-feature DisableOutwardActorInference -enable-upcoming-feature InferSendableFromCaptures -enable-upcoming-feature GlobalActorIsolatedTypesUsability -enable-upcoming-feature MemberImportVisibility -enable-upcoming-feature InferIsolatedConformances -enable-upcoming-feature NonisolatedNonsendingByDefault -enable-experimental-feature DebugDescriptionMacro -sdk /Applications/Xcode.app/Contents/Developer/Platforms/MacOSX.platform/Developer/SDKs/MacOSX26.5.sdk -target arm64-apple-macos26.5 -g -module-cache-path /tmp/td-tap-area-editor-build/ModuleCache.noindex -Xfrontend -serialize-debugging-options -enable-testing -index-store-path /tmp/td-tap-area-editor-build/Index.noindex/DataStore -Xcc -D_LIBCPP_HARDENING_MODE\=_LIBCPP_HARDENING_MODE_DEBUG -swift-version 5 -I /tmp/td-tap-area-editor-build/Build/Products/Debug -F /tmp/td-tap-area-editor-build/Build/Products/Debug -emit-localized-strings -emit-localized-strings-path /tmp/td-tap-area-editor-build/Build/Intermediates.noindex/InDefenseOfHistory.build/Debug/LevelEditor.build/Objects-normal/arm64 -c -j12 -enable-batch-mode -incremental -Xcc -ivfsstatcache -Xcc /tmp/td-tap-area-editor-build/SDKStatCaches.noindex/macosx26.5-25F70-688ef53f1462e2c8f657fdc38a81448fe082c4a02f00227109f4ed75e425c832.sdkstatcache -output-file-map /tmp/td-tap-area-editor-build/Build/Intermediates.noindex/InDefenseOfHistory.build/Debug/LevelEditor.build/Objects-normal/arm64/LevelEditor-OutputFileMap.json -use-frontend-parseable-output -save-temps -no-color-diagnostics -explicit-module-build -module-cache-path /tmp/td-tap-area-editor-build/Build/Intermediates.noindex/SwiftExplicitPrecompiledModules -clang-scanner-module-cache-path /tmp/td-tap-area-editor-build/ModuleCache.noindex -sdk-module-cache-path /tmp/td-tap-area-editor-build/ModuleCache.noindex -serialize-diagnostics -emit-dependencies -emit-module -emit-module-path /tmp/td-tap-area-editor-build/Build/Intermediates.noindex/InDefenseOfHistory.build/Debug/LevelEditor.build/Objects-normal/arm64/LevelEditor.swiftmodule -validate-clang-modules-once -clang-build-session-file /tmp/td-tap-area-editor-build/ModuleCache.noindex/Session.modulevalidation -Xcc -I/tmp/td-tap-area-editor-build/Build/Intermediates.noindex/InDefenseOfHistory.build/Debug/LevelEditor.build/swift-overrides.hmap -emit-const-values -Xfrontend -const-gather-protocols-file -Xfrontend /tmp/td-tap-area-editor-build/Build/Intermediates.noindex/InDefenseOfHistory.build/Debug/LevelEditor.build/Objects-normal/arm64/LevelEditor_const_extract_protocols.json -Xcc -iquote -Xcc /tmp/td-tap-area-editor-build/Build/Intermediates.noindex/InDefenseOfHistory.build/Debug/LevelEditor.build/LevelEditor-generated-files.hmap -Xcc -I/tmp/td-tap-area-editor-build/Build/Intermediates.noindex/InDefenseOfHistory.build/Debug/LevelEditor.build/LevelEditor-own-target-headers.hmap -Xcc -I/tmp/td-tap-area-editor-build/Build/Intermediates.noindex/InDefenseOfHistory.build/Debug/LevelEditor.build/LevelEditor-all-target-headers.hmap -Xcc -iquote -Xcc /tmp/td-tap-area-editor-build/Build/Intermediates.noindex/InDefenseOfHistory.build/Debug/LevelEditor.build/LevelEditor-project-headers.hmap -Xcc -I/tmp/td-tap-area-editor-build/Build/Products/Debug/include -Xcc -I/tmp/td-tap-area-editor-build/Build/Intermediates.noindex/InDefenseOfHistory.build/Debug/LevelEditor.build/DerivedSources-normal/arm64 -Xcc -I/tmp/td-tap-area-editor-build/Build/Intermediates.noindex/InDefenseOfHistory.build/Debug/LevelEditor.build/DerivedSources/arm64 -Xcc -I/tmp/td-tap-area-editor-build/Build/Intermediates.noindex/InDefenseOfHistory.build/Debug/LevelEditor.build/DerivedSources -Xcc -DDEBUG\=1 -emit-objc-header -emit-objc-header-path /tmp/td-tap-area-editor-build/Build/Intermediates.noindex/InDefenseOfHistory.build/Debug/LevelEditor.build/Objects-normal/arm64/LevelEditor-Swift.h -working-directory /Users/john/projects/td/in-defense-of-history -experimental-emit-module-separately -disable-cmo

SwiftDriverJobDiscovery normal arm64 Compiling MeleeFormation.swift, MilitiaAI.swift, Outcome.swift, Path.swift, ReinforcementConfig.swift, ReinforcementSchedule.swift, Report.swift, Simulation.swift, SpawnEntry.swift, Stats.swift (in target 'LevelEditor' from project 'InDefenseOfHistory')

SwiftDriverJobDiscovery normal arm64 Compiling EnemyEscapeHapticPolicy.swift, EnemyType.swift, Engine.swift, GameplayHapticPattern.swift, HapticAuditionSample.swift, Hero.swift, HeroSelection.swift, LevelHero.swift, LevelHeroConfiguration.swift, LevelInfo.swift (in target 'LevelEditor' from project 'InDefenseOfHistory')

SwiftDriverJobDiscovery normal arm64 Compiling Tower.swift, TowerKind.swift, TowerSlot.swift, Traits.swift, UnitFacing.swift, Wave.swift, WaveStartSchedule.swift, BaseDAO.swift, CampaignDAO.swift, DifficultyDAO.swift (in target 'LevelEditor' from project 'InDefenseOfHistory')

SwiftDriverJobDiscovery normal arm64 Compiling DesignRoster.swift, LevelBlueprint.swift, VirtualCanvas.swift, CallWaveButtonLayout.swift, HeroBarLayout.swift, HeroPlacementOcclusion.swift, HeroSpriteProfile.swift, HeroStartingPositionManager.swift, HudElementLayouts.swift, HudLayoutConfig.swift, HudPlacementSolver.swift (in target 'LevelEditor' from project 'InDefenseOfHistory')

SwiftMergeGeneratedHeaders /tmp/td-tap-area-editor-build/Build/Intermediates.noindex/InDefenseOfHistory.build/Debug/LevelEditor.build/DerivedSources/LevelEditor-Swift.h /tmp/td-tap-area-editor-build/Build/Intermediates.noindex/InDefenseOfHistory.build/Debug/LevelEditor.build/Objects-normal/arm64/LevelEditor-Swift.h (in target 'LevelEditor' from project 'InDefenseOfHistory')
    cd /Users/john/projects/td/in-defense-of-history
    builtin-swiftHeaderTool -arch arm64 /tmp/td-tap-area-editor-build/Build/Intermediates.noindex/InDefenseOfHistory.build/Debug/LevelEditor.build/Objects-normal/arm64/LevelEditor-Swift.h -o /tmp/td-tap-area-editor-build/Build/Intermediates.noindex/InDefenseOfHistory.build/Debug/LevelEditor.build/DerivedSources/LevelEditor-Swift.h

SwiftDriverJobDiscovery normal arm64 Compiling PathDAO.swift, ReinforcementConfigDAO.swift, SimBoundsDAO.swift, SimEnemyTypeDAO.swift, SimMeleeUnitDAO.swift, SimulatorRunDAO.swift, TowerSlotDAO.swift, TowerTypeDAO.swift, TowerUnlockDAO.swift, VirtualCanvasDAO.swift (in target 'LevelEditor' from project 'InDefenseOfHistory')

Copy /tmp/td-tap-area-editor-build/Build/Products/Debug/LevelEditor.swiftmodule/arm64-apple-macos.abi.json /tmp/td-tap-area-editor-build/Build/Intermediates.noindex/InDefenseOfHistory.build/Debug/LevelEditor.build/Objects-normal/arm64/LevelEditor.abi.json (in target 'LevelEditor' from project 'InDefenseOfHistory')
    cd /Users/john/projects/td/in-defense-of-history
    builtin-copy -exclude .DS_Store -exclude CVS -exclude .svn -exclude .git -exclude .hg -resolve-src-symlinks -rename /tmp/td-tap-area-editor-build/Build/Intermediates.noindex/InDefenseOfHistory.build/Debug/LevelEditor.build/Objects-normal/arm64/LevelEditor.abi.json /tmp/td-tap-area-editor-build/Build/Products/Debug/LevelEditor.swiftmodule/arm64-apple-macos.abi.json

Copy /tmp/td-tap-area-editor-build/Build/Products/Debug/LevelEditor.swiftmodule/arm64-apple-macos.swiftmodule /tmp/td-tap-area-editor-build/Build/Intermediates.noindex/InDefenseOfHistory.build/Debug/LevelEditor.build/Objects-normal/arm64/LevelEditor.swiftmodule (in target 'LevelEditor' from project 'InDefenseOfHistory')
    cd /Users/john/projects/td/in-defense-of-history
    builtin-copy -exclude .DS_Store -exclude CVS -exclude .svn -exclude .git -exclude .hg -resolve-src-symlinks -rename /tmp/td-tap-area-editor-build/Build/Intermediates.noindex/InDefenseOfHistory.build/Debug/LevelEditor.build/Objects-normal/arm64/LevelEditor.swiftmodule /tmp/td-tap-area-editor-build/Build/Products/Debug/LevelEditor.swiftmodule/arm64-apple-macos.swiftmodule

Copy /tmp/td-tap-area-editor-build/Build/Products/Debug/LevelEditor.swiftmodule/arm64-apple-macos.swiftdoc /tmp/td-tap-area-editor-build/Build/Intermediates.noindex/InDefenseOfHistory.build/Debug/LevelEditor.build/Objects-normal/arm64/LevelEditor.swiftdoc (in target 'LevelEditor' from project 'InDefenseOfHistory')
    cd /Users/john/projects/td/in-defense-of-history
    builtin-copy -exclude .DS_Store -exclude CVS -exclude .svn -exclude .git -exclude .hg -resolve-src-symlinks -rename /tmp/td-tap-area-editor-build/Build/Intermediates.noindex/InDefenseOfHistory.build/Debug/LevelEditor.build/Objects-normal/arm64/LevelEditor.swiftdoc /tmp/td-tap-area-editor-build/Build/Products/Debug/LevelEditor.swiftmodule/arm64-apple-macos.swiftdoc

Copy /tmp/td-tap-area-editor-build/Build/Products/Debug/LevelEditor.swiftmodule/Project/arm64-apple-macos.swiftsourceinfo /tmp/td-tap-area-editor-build/Build/Intermediates.noindex/InDefenseOfHistory.build/Debug/LevelEditor.build/Objects-normal/arm64/LevelEditor.swiftsourceinfo (in target 'LevelEditor' from project 'InDefenseOfHistory')
    cd /Users/john/projects/td/in-defense-of-history
    builtin-copy -exclude .DS_Store -exclude CVS -exclude .svn -exclude .git -exclude .hg -resolve-src-symlinks -rename /tmp/td-tap-area-editor-build/Build/Intermediates.noindex/InDefenseOfHistory.build/Debug/LevelEditor.build/Objects-normal/arm64/LevelEditor.swiftsourceinfo /tmp/td-tap-area-editor-build/Build/Products/Debug/LevelEditor.swiftmodule/Project/arm64-apple-macos.swiftsourceinfo

SwiftDriverJobDiscovery normal arm64 Compiling LogCategory.swift, LogUtility.swift, CallWaveButtonPosition.swift, Campaign.swift, CampaignLevel.swift, CommanderPolicy.swift, ContentCatalog.swift, Core.swift, Difficulty.swift, Enemy.swift (in target 'LevelEditor' from project 'InDefenseOfHistory')

SwiftDriverJobDiscovery normal arm64 Compiling TargetCommand.swift, Constants.swift, Enums.swift, GameError.swift, GameIdentity.swift, RuntimeCanvas.swift, Store.swift, Timer.swift, HapticAuditionPlayer.swift, Blueprints.swift, DesignArsenal.swift (in target 'LevelEditor' from project 'InDefenseOfHistory')

SwiftDriverJobDiscovery normal arm64 Compiling HudSizing.swift, LevelViewport.swift, MapSpriteSizing.swift, MasterControlsLayout.swift, MenuContentLayout.swift, PresentationStack.swift, RuntimeCanvasView.swift, ScreenCanvas.swift, StackLayout.swift, TowerMenuLayout.swift, TowerRangeOverlay.swift (in target 'LevelEditor' from project 'InDefenseOfHistory')

SwiftDriverJobDiscovery normal arm64 Compiling PlaytestCanvas.swift, PlaytestView.swift, SimSession.swift, SwiftExport.swift, TowerSlotImage.swift, HudLayoutDAO.swift, LevelGeoJSONDAO.swift, LevelHeroDAO.swift, LevelInfoDAO.swift, MeleeUnitDAO.swift (in target 'LevelEditor' from project 'InDefenseOfHistory')

SwiftDriverJobDiscovery normal arm64 Compiling WaveDAO.swift, Db.swift, DbError.swift, HeroSelectionStore.swift, Repositories.swift, SeedContent.swift, SQLite.swift, SQLiteError.swift, FileUtil.swift, GeneratedAssetSymbols.swift (in target 'LevelEditor' from project 'InDefenseOfHistory')

SwiftDriverJobDiscovery normal arm64 Compiling GeoJSONImport.swift, InspectorView.swift, LevelEditorApp.swift, LevelGeoJSON.swift, MapDocument.swift, NativeMapFile.swift, Palette.swift, PathArtist.swift, PathFlattening.swift, PlatformSupport.swift (in target 'LevelEditor' from project 'InDefenseOfHistory')

SwiftDriverJobDiscovery normal arm64 Compiling EnemyTypeDAO.swift, HeroDAO.swift, BrushInputView.swift, BrushStroke.swift, EditorCanvas.swift, EditorContent.swift, EditorLayers.swift, EditorView.swift, GeoJSONExport.swift, GeoJSONFile.swift (in target 'LevelEditor' from project 'InDefenseOfHistory')

SwiftDriver\ Compilation LevelEditor normal arm64 com.apple.xcode.tools.swift.compiler (in target 'LevelEditor' from project 'InDefenseOfHistory')
    cd /Users/john/projects/td/in-defense-of-history
    builtin-Swift-Compilation -- /Applications/Xcode.app/Contents/Developer/Toolchains/XcodeDefault.xctoolchain/usr/bin/swiftc -module-name LevelEditor -Onone @/tmp/td-tap-area-editor-build/Build/Intermediates.noindex/InDefenseOfHistory.build/Debug/LevelEditor.build/Objects-normal/arm64/LevelEditor.SwiftFileList -DDEBUG -enable-bare-slash-regex -enable-upcoming-feature DisableOutwardActorInference -enable-upcoming-feature InferSendableFromCaptures -enable-upcoming-feature GlobalActorIsolatedTypesUsability -enable-upcoming-feature MemberImportVisibility -enable-upcoming-feature InferIsolatedConformances -enable-upcoming-feature NonisolatedNonsendingByDefault -enable-experimental-feature DebugDescriptionMacro -sdk /Applications/Xcode.app/Contents/Developer/Platforms/MacOSX.platform/Developer/SDKs/MacOSX26.5.sdk -target arm64-apple-macos26.5 -g -module-cache-path /tmp/td-tap-area-editor-build/ModuleCache.noindex -Xfrontend -serialize-debugging-options -enable-testing -index-store-path /tmp/td-tap-area-editor-build/Index.noindex/DataStore -Xcc -D_LIBCPP_HARDENING_MODE\=_LIBCPP_HARDENING_MODE_DEBUG -swift-version 5 -I /tmp/td-tap-area-editor-build/Build/Products/Debug -F /tmp/td-tap-area-editor-build/Build/Products/Debug -emit-localized-strings -emit-localized-strings-path /tmp/td-tap-area-editor-build/Build/Intermediates.noindex/InDefenseOfHistory.build/Debug/LevelEditor.build/Objects-normal/arm64 -c -j12 -enable-batch-mode -incremental -Xcc -ivfsstatcache -Xcc /tmp/td-tap-area-editor-build/SDKStatCaches.noindex/macosx26.5-25F70-688ef53f1462e2c8f657fdc38a81448fe082c4a02f00227109f4ed75e425c832.sdkstatcache -output-file-map /tmp/td-tap-area-editor-build/Build/Intermediates.noindex/InDefenseOfHistory.build/Debug/LevelEditor.build/Objects-normal/arm64/LevelEditor-OutputFileMap.json -use-frontend-parseable-output -save-temps -no-color-diagnostics -explicit-module-build -module-cache-path /tmp/td-tap-area-editor-build/Build/Intermediates.noindex/SwiftExplicitPrecompiledModules -clang-scanner-module-cache-path /tmp/td-tap-area-editor-build/ModuleCache.noindex -sdk-module-cache-path /tmp/td-tap-area-editor-build/ModuleCache.noindex -serialize-diagnostics -emit-dependencies -emit-module -emit-module-path /tmp/td-tap-area-editor-build/Build/Intermediates.noindex/InDefenseOfHistory.build/Debug/LevelEditor.build/Objects-normal/arm64/LevelEditor.swiftmodule -validate-clang-modules-once -clang-build-session-file /tmp/td-tap-area-editor-build/ModuleCache.noindex/Session.modulevalidation -Xcc -I/tmp/td-tap-area-editor-build/Build/Intermediates.noindex/InDefenseOfHistory.build/Debug/LevelEditor.build/swift-overrides.hmap -emit-const-values -Xfrontend -const-gather-protocols-file -Xfrontend /tmp/td-tap-area-editor-build/Build/Intermediates.noindex/InDefenseOfHistory.build/Debug/LevelEditor.build/Objects-normal/arm64/LevelEditor_const_extract_protocols.json -Xcc -iquote -Xcc /tmp/td-tap-area-editor-build/Build/Intermediates.noindex/InDefenseOfHistory.build/Debug/LevelEditor.build/LevelEditor-generated-files.hmap -Xcc -I/tmp/td-tap-area-editor-build/Build/Intermediates.noindex/InDefenseOfHistory.build/Debug/LevelEditor.build/LevelEditor-own-target-headers.hmap -Xcc -I/tmp/td-tap-area-editor-build/Build/Intermediates.noindex/InDefenseOfHistory.build/Debug/LevelEditor.build/LevelEditor-all-target-headers.hmap -Xcc -iquote -Xcc /tmp/td-tap-area-editor-build/Build/Intermediates.noindex/InDefenseOfHistory.build/Debug/LevelEditor.build/LevelEditor-project-headers.hmap -Xcc -I/tmp/td-tap-area-editor-build/Build/Products/Debug/include -Xcc -I/tmp/td-tap-area-editor-build/Build/Intermediates.noindex/InDefenseOfHistory.build/Debug/LevelEditor.build/DerivedSources-normal/arm64 -Xcc -I/tmp/td-tap-area-editor-build/Build/Intermediates.noindex/InDefenseOfHistory.build/Debug/LevelEditor.build/DerivedSources/arm64 -Xcc -I/tmp/td-tap-area-editor-build/Build/Intermediates.noindex/InDefenseOfHistory.build/Debug/LevelEditor.build/DerivedSources -Xcc -DDEBUG\=1 -emit-objc-header -emit-objc-header-path /tmp/td-tap-area-editor-build/Build/Intermediates.noindex/InDefenseOfHistory.build/Debug/LevelEditor.build/Objects-normal/arm64/LevelEditor-Swift.h -working-directory /Users/john/projects/td/in-defense-of-history -experimental-emit-module-separately -disable-cmo

Ld /tmp/td-tap-area-editor-build/Build/Products/Debug/LevelEditor.app/Contents/MacOS/LevelEditor.debug.dylib normal (in target 'LevelEditor' from project 'InDefenseOfHistory')
    cd /Users/john/projects/td/in-defense-of-history
    /Applications/Xcode.app/Contents/Developer/Toolchains/XcodeDefault.xctoolchain/usr/bin/clang -Xlinker -reproducible -target arm64-apple-macos26.5 -dynamiclib -isysroot /Applications/Xcode.app/Contents/Developer/Platforms/MacOSX.platform/Developer/SDKs/MacOSX26.5.sdk -O0 -L/tmp/td-tap-area-editor-build/Build/Intermediates.noindex/EagerLinkingTBDs/Debug -L/tmp/td-tap-area-editor-build/Build/Products/Debug -F/tmp/td-tap-area-editor-build/Build/Intermediates.noindex/EagerLinkingTBDs/Debug -F/tmp/td-tap-area-editor-build/Build/Products/Debug -filelist /tmp/td-tap-area-editor-build/Build/Intermediates.noindex/InDefenseOfHistory.build/Debug/LevelEditor.build/Objects-normal/arm64/LevelEditor.LinkFileList -install_name @rpath/LevelEditor.debug.dylib -Xlinker -rpath -Xlinker @executable_path/../Frameworks -Xlinker -object_path_lto -Xlinker /tmp/td-tap-area-editor-build/Build/Intermediates.noindex/InDefenseOfHistory.build/Debug/LevelEditor.build/Objects-normal/arm64/LevelEditor_lto.o -rdynamic -Xlinker -no_deduplicate -Xlinker -dependency_info -Xlinker /tmp/td-tap-area-editor-build/Build/Intermediates.noindex/InDefenseOfHistory.build/Debug/LevelEditor.build/Objects-normal/arm64/LevelEditor_dependency_info.dat -fobjc-link-runtime -L/Applications/Xcode.app/Contents/Developer/Toolchains/XcodeDefault.xctoolchain/usr/lib/swift/macosx -L/usr/lib/swift -Xlinker -add_ast_path -Xlinker /tmp/td-tap-area-editor-build/Build/Intermediates.noindex/InDefenseOfHistory.build/Debug/LevelEditor.build/Objects-normal/arm64/LevelEditor.swiftmodule @/tmp/td-tap-area-editor-build/Build/Intermediates.noindex/InDefenseOfHistory.build/Debug/LevelEditor.build/Objects-normal/arm64/LevelEditor-linker-args.resp -Xlinker -alias -Xlinker _main -Xlinker ___debug_main_executable_dylib_entry_point -Xlinker -no_adhoc_codesign -o /tmp/td-tap-area-editor-build/Build/Products/Debug/LevelEditor.app/Contents/MacOS/LevelEditor.debug.dylib

ConstructStubExecutorLinkFileList /tmp/td-tap-area-editor-build/Build/Intermediates.noindex/InDefenseOfHistory.build/Debug/LevelEditor.build/LevelEditor-ExecutorLinkFileList-normal-arm64.txt (in target 'LevelEditor' from project 'InDefenseOfHistory')
    cd /Users/john/projects/td/in-defense-of-history
    construct-stub-executor-link-file-list /tmp/td-tap-area-editor-build/Build/Products/Debug/LevelEditor.app/Contents/MacOS/LevelEditor.debug.dylib /Applications/Xcode.app/Contents/Developer/Platforms/MacOSX.platform/Developer/usr/lib/libPreviewsJITStubExecutor_no_swift_entry_point.a /Applications/Xcode.app/Contents/Developer/Platforms/MacOSX.platform/Developer/usr/lib/libPreviewsJITStubExecutor.a --output /tmp/td-tap-area-editor-build/Build/Intermediates.noindex/InDefenseOfHistory.build/Debug/LevelEditor.build/LevelEditor-ExecutorLinkFileList-normal-arm64.txt
note: Using stub executor library with Swift entry point. (in target 'LevelEditor' from project 'InDefenseOfHistory')

Ld /tmp/td-tap-area-editor-build/Build/Products/Debug/LevelEditor.app/Contents/MacOS/LevelEditor normal (in target 'LevelEditor' from project 'InDefenseOfHistory')
    cd /Users/john/projects/td/in-defense-of-history
    /Applications/Xcode.app/Contents/Developer/Toolchains/XcodeDefault.xctoolchain/usr/bin/clang -Xlinker -reproducible -target arm64-apple-macos26.5 -isysroot /Applications/Xcode.app/Contents/Developer/Platforms/MacOSX.platform/Developer/SDKs/MacOSX26.5.sdk -O0 -L/tmp/td-tap-area-editor-build/Build/Products/Debug -F/tmp/td-tap-area-editor-build/Build/Products/Debug -Xlinker -rpath -Xlinker @executable_path -Xlinker -rpath -Xlinker @executable_path/../Frameworks -rdynamic -Xlinker -no_deduplicate -e ___debug_blank_executor_main -Xlinker -sectcreate -Xlinker __TEXT -Xlinker __debug_dylib -Xlinker /tmp/td-tap-area-editor-build/Build/Intermediates.noindex/InDefenseOfHistory.build/Debug/LevelEditor.build/LevelEditor-DebugDylibPath-normal-arm64.txt -Xlinker -sectcreate -Xlinker __TEXT -Xlinker __debug_instlnm -Xlinker /tmp/td-tap-area-editor-build/Build/Intermediates.noindex/InDefenseOfHistory.build/Debug/LevelEditor.build/LevelEditor-DebugDylibInstallName-normal-arm64.txt -Xlinker -filelist -Xlinker /tmp/td-tap-area-editor-build/Build/Intermediates.noindex/InDefenseOfHistory.build/Debug/LevelEditor.build/LevelEditor-ExecutorLinkFileList-normal-arm64.txt /tmp/td-tap-area-editor-build/Build/Products/Debug/LevelEditor.app/Contents/MacOS/LevelEditor.debug.dylib -Xlinker -no_adhoc_codesign -o /tmp/td-tap-area-editor-build/Build/Products/Debug/LevelEditor.app/Contents/MacOS/LevelEditor

PhaseScriptExecution Stamp\ Build\ Number /tmp/td-tap-area-editor-build/Build/Intermediates.noindex/InDefenseOfHistory.build/Debug/LevelEditor.build/Script-52C0FFEE000000000000A002.sh (in target 'LevelEditor' from project 'InDefenseOfHistory')
    cd /Users/john/projects/td/in-defense-of-history
    export ACTION\=build
    export AD_HOC_CODE_SIGNING_ALLOWED\=YES
    export AGGREGATE_TRACKED_DOMAINS\=YES
    export ALLOW_BUILD_REQUEST_OVERRIDES\=NO
    export ALLOW_TARGET_PLATFORM_SPECIALIZATION\=NO
    export ALTERNATE_GROUP\=staff
    export ALTERNATE_MODE\=u+w,go-w,a+rX
    export ALTERNATE_OWNER\=john
    export ALTERNATIVE_DISTRIBUTION_WEB\=NO
    export ALWAYS_EMBED_SWIFT_STANDARD_LIBRARIES\=NO
    export ALWAYS_SEARCH_USER_PATHS\=NO
    export ALWAYS_USE_SEPARATE_HEADERMAPS\=NO
    export APPLICATION_EXTENSION_API_ONLY\=NO
    export APPLY_RULES_IN_COPY_FILES\=NO
    export APPLY_RULES_IN_COPY_HEADERS\=NO
    export APP_SHORTCUTS_ENABLE_FLEXIBLE_MATCHING\=YES
    export ARCHS\=arm64
    export ARCHS_BASE\=arm64
    export ARCHS_STANDARD\=arm64\ x86_64
    export ARCHS_STANDARD_32_64_BIT\=arm64\ x86_64\ i386
    export ARCHS_STANDARD_32_BIT\=i386
    export ARCHS_STANDARD_64_BIT\=arm64\ x86_64
    export ARCHS_STANDARD_INCLUDING_64_BIT\=arm64\ x86_64
    export ASSETCATALOG_COMPILER_APPICON_NAME\=AppIcon
    export ASSETCATALOG_COMPILER_GENERATE_SWIFT_ASSET_SYMBOL_EXTENSIONS\=YES
    export AUTOMATICALLY_MERGE_DEPENDENCIES\=NO
    export AUTOMATION_APPLE_EVENTS\=NO
    export AVAILABLE_PLATFORMS\=android\ appletvos\ appletvsimulator\ driverkit\ freebsd\ iphoneos\ iphonesimulator\ linux\ macosx\ none\ openbsd\ qnx\ watchos\ watchsimulator\ webassembly\ xros\ xrsimulator
    export AppIdentifierPrefix\=SNJW4KBXLV.
    export BUILD_ACTIVE_RESOURCES_ONLY\=NO
    export BUILD_COMPONENTS\=headers\ build
    export BUILD_DIR\=/tmp/td-tap-area-editor-build/Build/Products
    export BUILD_LIBRARY_FOR_DISTRIBUTION\=NO
    export BUILD_ONLY_KNOWN_LOCALIZATIONS\=NO
    export BUILD_ROOT\=/tmp/td-tap-area-editor-build/Build/Products
    export BUILD_STYLE\=
    export BUILD_VARIANTS\=normal
    export BUILT_PRODUCTS_DIR\=/tmp/td-tap-area-editor-build/Build/Products/Debug
    export BUNDLE_CONTENTS_FOLDER_PATH\=Contents/
    export BUNDLE_CONTENTS_FOLDER_PATH_deep\=Contents/
    export BUNDLE_EXECUTABLE_FOLDER_NAME_deep\=MacOS
    export BUNDLE_EXECUTABLE_FOLDER_PATH\=Contents/MacOS
    export BUNDLE_EXTENSIONS_FOLDER_PATH\=Contents/Extensions
    export BUNDLE_FORMAT\=deep
    export BUNDLE_FRAMEWORKS_FOLDER_PATH\=Contents/Frameworks
    export BUNDLE_PLUGINS_FOLDER_PATH\=Contents/PlugIns
    export BUNDLE_PRIVATE_HEADERS_FOLDER_PATH\=Contents/PrivateHeaders
    export BUNDLE_PUBLIC_HEADERS_FOLDER_PATH\=Contents/Headers
    export CACHE_ROOT\=/var/folders/w6/vfnfmw994w98chd23cc06sc40000gn/C/com.apple.DeveloperTools/26.6-17F113/Xcode
    export CCHROOT\=/var/folders/w6/vfnfmw994w98chd23cc06sc40000gn/C/com.apple.DeveloperTools/26.6-17F113/Xcode
    export CHMOD\=/bin/chmod
    export CHOWN\=chown
    export CLANG_ANALYZER_NONNULL\=YES
    export CLANG_ANALYZER_NUMBER_OBJECT_CONVERSION\=YES_AGGRESSIVE
    export CLANG_CACHE_FINE_GRAINED_OUTPUTS\=YES
    export CLANG_CXX_LANGUAGE_STANDARD\=gnu++20
    export CLANG_ENABLE_EXPLICIT_MODULES\=YES
    export CLANG_ENABLE_MODULES\=YES
    export CLANG_ENABLE_OBJC_ARC\=YES
    export CLANG_ENABLE_OBJC_WEAK\=YES
    export CLANG_MODULES_BUILD_SESSION_FILE\=/tmp/td-tap-area-editor-build/ModuleCache.noindex/Session.modulevalidation
    export CLANG_WARN_BLOCK_CAPTURE_AUTORELEASING\=YES
    export CLANG_WARN_BOOL_CONVERSION\=YES
    export CLANG_WARN_COMMA\=YES
    export CLANG_WARN_CONSTANT_CONVERSION\=YES
    export CLANG_WARN_DEPRECATED_OBJC_IMPLEMENTATIONS\=YES
    export CLANG_WARN_DIRECT_OBJC_ISA_USAGE\=YES_ERROR
    export CLANG_WARN_DOCUMENTATION_COMMENTS\=YES
    export CLANG_WARN_EMPTY_BODY\=YES
    export CLANG_WARN_ENUM_CONVERSION\=YES
    export CLANG_WARN_INFINITE_RECURSION\=YES
    export CLANG_WARN_INT_CONVERSION\=YES
    export CLANG_WARN_NON_LITERAL_NULL_CONVERSION\=YES
    export CLANG_WARN_OBJC_IMPLICIT_RETAIN_SELF\=YES
    export CLANG_WARN_OBJC_LITERAL_CONVERSION\=YES
    export CLANG_WARN_OBJC_ROOT_CLASS\=YES_ERROR
    export CLANG_WARN_QUOTED_INCLUDE_IN_FRAMEWORK_HEADER\=YES
    export CLANG_WARN_RANGE_LOOP_ANALYSIS\=YES
    export CLANG_WARN_STRICT_PROTOTYPES\=YES
    export CLANG_WARN_SUSPICIOUS_MOVE\=YES
    export CLANG_WARN_UNGUARDED_AVAILABILITY\=YES_AGGRESSIVE
    export CLANG_WARN_UNREACHABLE_CODE\=YES
    export CLANG_WARN__DUPLICATE_METHOD_MATCH\=YES
    export CLASS_FILE_DIR\=/tmp/td-tap-area-editor-build/Build/Intermediates.noindex/InDefenseOfHistory.build/Debug/LevelEditor.build/JavaClasses
    export CLEAN_PRECOMPS\=YES
    export CLONE_HEADERS\=NO
    export CODESIGNING_FOLDER_PATH\=/tmp/td-tap-area-editor-build/Build/Products/Debug/LevelEditor.app
    export CODE_SIGNING_ALLOWED\=YES
    export CODE_SIGNING_REQUIRED\=YES
    export CODE_SIGN_IDENTITY\=Apple\ Development
    export CODE_SIGN_IDENTITY_NO\=Apple\ Development
    export CODE_SIGN_IDENTITY_YES\=-
    export CODE_SIGN_INJECT_BASE_ENTITLEMENTS\=YES
    export CODE_SIGN_STYLE\=Automatic
    export COLOR_DIAGNOSTICS\=NO
    export COMBINE_HIDPI_IMAGES\=YES
    export COMPILATION_CACHE_CAS_PATH\=/tmp/td-tap-area-editor-build/CompilationCache.noindex
    export COMPILATION_CACHE_KEEP_CAS_DIRECTORY\=YES
    export COMPILER_INDEX_STORE_ENABLE\=Default
    export COMPOSITE_SDK_DIRS\=/tmp/td-tap-area-editor-build/Build/Intermediates.noindex/CompositeSDKs
    export COMPRESS_PNG_FILES\=NO
    export CONFIGURATION\=Debug
    export CONFIGURATION_BUILD_DIR\=/tmp/td-tap-area-editor-build/Build/Products/Debug
    export CONFIGURATION_TEMP_DIR\=/tmp/td-tap-area-editor-build/Build/Intermediates.noindex/InDefenseOfHistory.build/Debug
    export CONTENTS_FOLDER_PATH\=LevelEditor.app/Contents
    export CONTENTS_FOLDER_PATH_SHALLOW_BUNDLE_NO\=LevelEditor.app/Contents
    export CONTENTS_FOLDER_PATH_SHALLOW_BUNDLE_YES\=LevelEditor.app
    export COPYING_PRESERVES_HFS_DATA\=NO
    export COPY_HEADERS_RUN_UNIFDEF\=NO
    export COPY_PHASE_STRIP\=NO
    export CP\=/bin/cp
    export CREATE_INFOPLIST_SECTION_IN_BINARY\=NO
    export CURRENT_ARCH\=undefined_arch
    export CURRENT_PROJECT_VERSION\=1
    export CURRENT_VARIANT\=normal
    export DEAD_CODE_STRIPPING\=NO
    export DEBUGGING_SYMBOLS\=YES
    export DEBUG_INFORMATION_FORMAT\=dwarf
    export DEBUG_INFORMATION_VERSION\=compiler-default
    export DEFAULT_COMPILER\=com.apple.compilers.llvm.clang.1_0
    export DEFAULT_DEXT_INSTALL_PATH\=/System/Library/DriverExtensions
    export DEFAULT_KEXT_INSTALL_PATH\=/System/Library/Extensions
    export DEFINES_MODULE\=NO
    export DEPLOYMENT_LOCATION\=NO
    export DEPLOYMENT_POSTPROCESSING\=NO
    export DEPLOYMENT_TARGET_SETTING_NAME\=MACOSX_DEPLOYMENT_TARGET
    export DEPLOYMENT_TARGET_SUGGESTED_VALUES\=10.13\ 10.14\ 10.15\ 11.0\ 11.1\ 11.2\ 11.3\ 11.4\ 11.5\ 12.0\ 12.2\ 12.3\ 12.4\ 13.0\ 13.1\ 13.2\ 13.3\ 13.4\ 13.5\ 14.0\ 14.1\ 14.2\ 14.3\ 14.4\ 14.5\ 14.6\ 15.0\ 15.1\ 15.2\ 15.3\ 15.4\ 15.5\ 15.6\ 26.0\ 26.1\ 26.2\ 26.3\ 26.4\ 26.5
    export DERIVED_FILES_DIR\=/tmp/td-tap-area-editor-build/Build/Intermediates.noindex/InDefenseOfHistory.build/Debug/LevelEditor.build/DerivedSources
    export DERIVED_FILE_DIR\=/tmp/td-tap-area-editor-build/Build/Intermediates.noindex/InDefenseOfHistory.build/Debug/LevelEditor.build/DerivedSources
    export DERIVED_SOURCES_DIR\=/tmp/td-tap-area-editor-build/Build/Intermediates.noindex/InDefenseOfHistory.build/Debug/LevelEditor.build/DerivedSources
    export DEVELOPER_APPLICATIONS_DIR\=/Applications/Xcode.app/Contents/Developer/Applications
    export DEVELOPER_BIN_DIR\=/Applications/Xcode.app/Contents/Developer/usr/bin
    export DEVELOPER_DIR\=/Applications/Xcode.app/Contents/Developer
    export DEVELOPER_FRAMEWORKS_DIR\=/Applications/Xcode.app/Contents/Developer/Library/Frameworks
    export DEVELOPER_FRAMEWORKS_DIR_QUOTED\=/Applications/Xcode.app/Contents/Developer/Library/Frameworks
    export DEVELOPER_LIBRARY_DIR\=/Applications/Xcode.app/Contents/Developer/Library
    export DEVELOPER_SDK_DIR\=/Applications/Xcode.app/Contents/Developer/Platforms/MacOSX.platform/Developer/SDKs
    export DEVELOPER_TOOLS_DIR\=/Applications/Xcode.app/Contents/Developer/Tools
    export DEVELOPER_USR_DIR\=/Applications/Xcode.app/Contents/Developer/usr
    export DEVELOPMENT_LANGUAGE\=en
    export DEVELOPMENT_TEAM\=SNJW4KBXLV
    export DIAGNOSE_MISSING_TARGET_DEPENDENCIES\=YES
    export DIFF\=/usr/bin/diff
    export DOCUMENTATION_FOLDER_PATH\=LevelEditor.app/Contents/Resources/en.lproj/Documentation
    export DONT_GENERATE_INFOPLIST_FILE\=NO
    export DSTROOT\=/tmp/InDefenseOfHistory.dst
    export DT_TOOLCHAIN_DIR\=/Applications/Xcode.app/Contents/Developer/Toolchains/XcodeDefault.xctoolchain
    export DUMP_DEPENDENCIES\=NO
    export DUMP_DEPENDENCIES_OUTPUT_PATH\=/tmp/td-tap-area-editor-build/Build/Intermediates.noindex/InDefenseOfHistory.build/Debug/LevelEditor.build/LevelEditor-BuildDependencyInfo.json
    export DWARF_DSYM_FILE_NAME\=LevelEditor.app.dSYM
    export DWARF_DSYM_FILE_SHOULD_ACCOMPANY_PRODUCT\=NO
    export DWARF_DSYM_FOLDER_PATH\=/tmp/td-tap-area-editor-build/Build/Products/Debug
    export DYNAMIC_LIBRARY_EXTENSION\=dylib
    export EAGER_COMPILATION_ALLOW_SCRIPTS\=NO
    export EAGER_LINKING\=NO
    export EFFECTIVE_SWIFT_VERSION\=5
    export EMBEDDED_CONTENT_CONTAINS_SWIFT\=NO
    export EMBEDDED_PROFILE_NAME\=embedded.provisionprofile
    export EMBED_ASSET_PACKS_IN_PRODUCT_BUNDLE\=NO
    export ENABLE_APP_SANDBOX\=NO
    export ENABLE_CODE_COVERAGE\=YES
    export ENABLE_COHORT_ARCHS\=NO
    export ENABLE_CPLUSPLUS_BOUNDS_SAFE_BUFFERS\=NO
    export ENABLE_C_BOUNDS_SAFETY\=NO
    export ENABLE_DEBUG_DYLIB\=YES
    export ENABLE_DEFAULT_HEADER_SEARCH_PATHS\=YES
    export ENABLE_DEFAULT_SEARCH_PATHS\=YES
    export ENABLE_ENHANCED_SECURITY\=NO
    export ENABLE_HARDENED_RUNTIME\=NO
    export ENABLE_HEADER_DEPENDENCIES\=YES
    export ENABLE_INCOMING_NETWORK_CONNECTIONS\=NO
    export ENABLE_ON_DEMAND_RESOURCES\=NO
    export ENABLE_OUTGOING_NETWORK_CONNECTIONS\=NO
    export ENABLE_POINTER_AUTHENTICATION\=NO
    export ENABLE_PREVIEWS\=NO
    export ENABLE_RESOURCE_ACCESS_AUDIO_INPUT\=NO
    export ENABLE_RESOURCE_ACCESS_BLUETOOTH\=NO
    export ENABLE_RESOURCE_ACCESS_CALENDARS\=NO
    export ENABLE_RESOURCE_ACCESS_CAMERA\=NO
    export ENABLE_RESOURCE_ACCESS_CONTACTS\=NO
    export ENABLE_RESOURCE_ACCESS_LOCATION\=NO
    export ENABLE_RESOURCE_ACCESS_PHOTO_LIBRARY\=NO
    export ENABLE_RESOURCE_ACCESS_PRINTING\=NO
    export ENABLE_RESOURCE_ACCESS_USB\=NO
    export ENABLE_SDK_IMPORTS\=NO
    export ENABLE_SECURITY_COMPILER_WARNINGS\=NO
    export ENABLE_STRICT_OBJC_MSGSEND\=YES
    export ENABLE_TESTABILITY\=YES
    export ENABLE_TESTING_SEARCH_PATHS\=NO
    export ENABLE_USER_SCRIPT_SANDBOXING\=NO
    export ENABLE_XOJIT_PREVIEWS\=YES
    export ENFORCE_VALID_ARCHS\=YES
    export ENTITLEMENTS_ALLOWED\=YES
    export ENTITLEMENTS_DESTINATION\=Signature
    export ENTITLEMENTS_REQUIRED\=NO
    export EXCLUDED_INSTALLSRC_SUBDIRECTORY_PATTERNS\=.DS_Store\ .svn\ .git\ .hg\ CVS
    export EXCLUDED_RECURSIVE_SEARCH_PATH_SUBDIRECTORIES\=\*.nib\ \*.lproj\ \*.framework\ \*.gch\ \*.xcode\*\ \*.xcassets\ \*.icon\ \(\*\)\ .DS_Store\ CVS\ .svn\ .git\ .hg\ \*.pbproj\ \*.pbxproj
    export EXECUTABLES_FOLDER_PATH\=LevelEditor.app/Contents/Executables
    export EXECUTABLE_BLANK_INJECTION_DYLIB_PATH\=LevelEditor.app/Contents/MacOS/__preview.dylib
    export EXECUTABLE_DEBUG_DYLIB_INSTALL_NAME\=@rpath/LevelEditor.debug.dylib
    export EXECUTABLE_DEBUG_DYLIB_PATH\=LevelEditor.app/Contents/MacOS/LevelEditor.debug.dylib
    export EXECUTABLE_FOLDER_PATH\=LevelEditor.app/Contents/MacOS
    export EXECUTABLE_FOLDER_PATH_SHALLOW_BUNDLE_NO\=LevelEditor.app/Contents/MacOS
    export EXECUTABLE_FOLDER_PATH_SHALLOW_BUNDLE_YES\=LevelEditor.app/Contents
    export EXECUTABLE_NAME\=LevelEditor
    export EXECUTABLE_PATH\=LevelEditor.app/Contents/MacOS/LevelEditor
    export EXPANDED_CODE_SIGN_IDENTITY\=CEDD52B07BC043223095BEAF37C61A9E1699C8D3
    export EXPANDED_CODE_SIGN_IDENTITY_NAME\=Apple\ Development:\ John\ Cleveland\ \(WCX43T3S47\)
    export EXTENSIONS_FOLDER_PATH\=LevelEditor.app/Contents/Extensions
    export FILE_LIST\=/tmp/td-tap-area-editor-build/Build/Intermediates.noindex/InDefenseOfHistory.build/Debug/LevelEditor.build/Objects/LinkFileList
    export FIXED_FILES_DIR\=/tmp/td-tap-area-editor-build/Build/Intermediates.noindex/InDefenseOfHistory.build/Debug/LevelEditor.build/FixedFiles
    export FRAMEWORKS_FOLDER_PATH\=LevelEditor.app/Contents/Frameworks
    export FRAMEWORK_FLAG_PREFIX\=-framework
    export FRAMEWORK_SEARCH_PATHS\=/tmp/td-tap-area-editor-build/Build/Products/Debug\ 
    export FRAMEWORK_VERSION\=A
    export FULL_PRODUCT_NAME\=LevelEditor.app
    export FUSE_BUILD_PHASES\=YES
    export FUSE_BUILD_SCRIPT_PHASES\=NO
    export GCC3_VERSION\=3.3
    export GCC_C_LANGUAGE_STANDARD\=gnu17
    export GCC_DYNAMIC_NO_PIC\=NO
    export GCC_INLINES_ARE_PRIVATE_EXTERN\=YES
    export GCC_NO_COMMON_BLOCKS\=YES
    export GCC_OPTIMIZATION_LEVEL\=0
    export GCC_PFE_FILE_C_DIALECTS\=c\ objective-c\ c++\ objective-c++
    export GCC_PREPROCESSOR_DEFINITIONS\=DEBUG\=1\ 
    export GCC_SYMBOLS_PRIVATE_EXTERN\=NO
    export GCC_TREAT_WARNINGS_AS_ERRORS\=NO
    export GCC_VERSION\=com.apple.compilers.llvm.clang.1_0
    export GCC_VERSION_IDENTIFIER\=com_apple_compilers_llvm_clang_1_0
    export GCC_WARN_64_TO_32_BIT_CONVERSION\=YES
    export GCC_WARN_ABOUT_RETURN_TYPE\=YES_ERROR
    export GCC_WARN_UNDECLARED_SELECTOR\=YES
    export GCC_WARN_UNINITIALIZED_AUTOS\=YES_AGGRESSIVE
    export GCC_WARN_UNUSED_FUNCTION\=YES
    export GCC_WARN_UNUSED_VARIABLE\=YES
    export GENERATED_MODULEMAP_DIR\=/tmp/td-tap-area-editor-build/Build/Intermediates.noindex/GeneratedModuleMaps
    export GENERATE_INFOPLIST_FILE\=YES
    export GENERATE_INTERMEDIATE_TEXT_BASED_STUBS\=YES
    export GENERATE_PKGINFO_FILE\=YES
    export GENERATE_PRELINK_OBJECT_FILE\=NO
    export GENERATE_PROFILING_CODE\=NO
    export GENERATE_TEXT_BASED_STUBS\=NO
    export GID\=20
    export GROUP\=staff
    export HEADERMAP_INCLUDES_FLAT_ENTRIES_FOR_TARGET_BEING_BUILT\=YES
    export HEADERMAP_INCLUDES_FRAMEWORK_ENTRIES_FOR_ALL_PRODUCT_TYPES\=YES
    export HEADERMAP_INCLUDES_FRAMEWORK_ENTRIES_FOR_TARGETS_NOT_BEING_BUILT\=YES
    export HEADERMAP_INCLUDES_NONPUBLIC_NONPRIVATE_HEADERS\=YES
    export HEADERMAP_INCLUDES_PROJECT_HEADERS\=YES
    export HEADERMAP_USES_FRAMEWORK_PREFIX_ENTRIES\=YES
    export HEADERMAP_USES_VFS\=NO
    export HEADER_SEARCH_PATHS\=/tmp/td-tap-area-editor-build/Build/Products/Debug/include\ 
    export HOME\=/Users/john
    export HOST_ARCH\=arm64
    export HOST_PLATFORM\=macosx
    export ICONV\=/usr/bin/iconv
    export IMPLICIT_DEPENDENCY_DOMAIN\=default
    export INDEX_STORE_COMPRESS\=NO
    export INDEX_STORE_ONLY_PROJECT_FILES\=NO
    export INFOPLIST_ENABLE_CFBUNDLEICONS_MERGE\=YES
    export INFOPLIST_EXPAND_BUILD_SETTINGS\=YES
    export INFOPLIST_FILE\=LevelEditor/Info.plist
    export INFOPLIST_KEY_CFBundleDisplayName\=Level\ Editor
    export INFOPLIST_KEY_LSSupportsOpeningDocumentsInPlace\=YES
    export INFOPLIST_KEY_UIApplicationSupportsIndirectInputEvents\=YES
    export INFOPLIST_KEY_UILaunchScreen_Generation\=YES
    export INFOPLIST_KEY_UISupportedInterfaceOrientations_iPad\=UIInterfaceOrientationLandscapeLeft\ UIInterfaceOrientationLandscapeRight\ UIInterfaceOrientationPortrait\ UIInterfaceOrientationPortraitUpsideDown
    export INFOPLIST_KEY_UISupportsDocumentBrowser\=YES
    export INFOPLIST_OUTPUT_FORMAT\=same-as-input
    export INFOPLIST_PATH\=LevelEditor.app/Contents/Info.plist
    export INFOPLIST_PREPROCESS\=NO
    export INFOSTRINGS_PATH\=LevelEditor.app/Contents/Resources/en.lproj/InfoPlist.strings
    export INLINE_PRIVATE_FRAMEWORKS\=NO
    export INSTALLAPI_IGNORE_SKIP_INSTALL\=YES
    export INSTALLHDRS_COPY_PHASE\=NO
    export INSTALLHDRS_SCRIPT_PHASE\=NO
    export INSTALL_DIR\=/tmp/InDefenseOfHistory.dst/Applications
    export INSTALL_GROUP\=staff
    export INSTALL_MODE_FLAG\=u+w,go-w,a+rX
    export INSTALL_OWNER\=john
    export INSTALL_PATH\=/Applications
    export INSTALL_ROOT\=/tmp/InDefenseOfHistory.dst
    export IOS_UNZIPPERED_TWIN_PREFIX_PATH\=/System/iOSSupport
    export IS_MACCATALYST\=NO
    export IS_UNOPTIMIZED_BUILD\=YES
    export JAVAC_DEFAULT_FLAGS\=-J-Xms64m\ -J-XX:NewSize\=4M\ -J-Dfile.encoding\=UTF8
    export JAVA_APP_STUB\=/System/Library/Frameworks/JavaVM.framework/Resources/MacOS/JavaApplicationStub
    export JAVA_ARCHIVE_CLASSES\=YES
    export JAVA_ARCHIVE_TYPE\=JAR
    export JAVA_COMPILER\=/usr/bin/javac
    export JAVA_FOLDER_PATH\=LevelEditor.app/Contents/Resources/Java
    export JAVA_FRAMEWORK_RESOURCES_DIRS\=Resources
    export JAVA_JAR_FLAGS\=cv
    export JAVA_SOURCE_SUBDIR\=.
    export JAVA_USE_DEPENDENCIES\=YES
    export JAVA_ZIP_FLAGS\=-urg
    export JIKES_DEFAULT_FLAGS\=+E\ +OLDCSO
    export KASAN_CFLAGS_CLASSIC\=-DKASAN\=1\ -DKASAN_CLASSIC\=1\ -fsanitize\=address\ -mllvm\ -asan-globals-live-support\ -mllvm\ -asan-force-dynamic-shadow
    export KASAN_CFLAGS_TBI\=-DKASAN\=1\ -DKASAN_TBI\=1\ -fsanitize\=kernel-hwaddress\ -mllvm\ -hwasan-recover\=0\ -mllvm\ -hwasan-instrument-atomics\=0\ -mllvm\ -hwasan-instrument-stack\=1\ -mllvm\ -hwasan-generate-tags-with-calls\=1\ -mllvm\ -hwasan-instrument-with-calls\=1\ -mllvm\ -hwasan-use-short-granules\=0\ -mllvm\ -hwasan-memory-access-callback-prefix\=__asan_
    export KASAN_DEFAULT_CFLAGS\=-DKASAN\=1\ -DKASAN_CLASSIC\=1\ -fsanitize\=address\ -mllvm\ -asan-globals-live-support\ -mllvm\ -asan-force-dynamic-shadow
    export KEEP_PRIVATE_EXTERNS\=NO
    export LD_DEPENDENCY_INFO_FILE\=/tmp/td-tap-area-editor-build/Build/Intermediates.noindex/InDefenseOfHistory.build/Debug/LevelEditor.build/Objects-normal/undefined_arch/LevelEditor_dependency_info.dat
    export LD_EXPORT_SYMBOLS\=YES
    export LD_GENERATE_MAP_FILE\=NO
    export LD_MAP_FILE_PATH\=/tmp/td-tap-area-editor-build/Build/Intermediates.noindex/InDefenseOfHistory.build/Debug/LevelEditor.build/LevelEditor-LinkMap-normal-undefined_arch.txt
    export LD_NO_PIE\=NO
    export LD_QUOTE_LINKER_ARGUMENTS_FOR_COMPILER_DRIVER\=YES
    export LD_RUNPATH_SEARCH_PATHS\=\ @executable_path/../Frameworks
    export LD_RUNPATH_SEARCH_PATHS_YES\=@loader_path/../Frameworks
    export LD_SHARED_CACHE_ELIGIBLE\=Automatic
    export LD_WARN_DUPLICATE_LIBRARIES\=NO
    export LD_WARN_UNUSED_DYLIBS\=NO
    export LEGACY_DEVELOPER_DIR\=/Applications/Xcode.app/Contents/PlugIns/Xcode3Core.ideplugin/Contents/SharedSupport/Developer
    export LEX\=lex
    export LIBRARY_DEXT_INSTALL_PATH\=/Library/DriverExtensions
    export LIBRARY_FLAG_NOSPACE\=YES
    export LIBRARY_FLAG_PREFIX\=-l
    export LIBRARY_KEXT_INSTALL_PATH\=/Library/Extensions
    export LIBRARY_SEARCH_PATHS\=/tmp/td-tap-area-editor-build/Build/Products/Debug\ 
    export LINKER_DISPLAYS_MANGLED_NAMES\=NO
    export LINK_FILE_LIST_normal_arm64\=/tmp/td-tap-area-editor-build/Build/Intermediates.noindex/InDefenseOfHistory.build/Debug/LevelEditor.build/Objects-normal/arm64/LevelEditor.LinkFileList
    export LINK_OBJC_RUNTIME\=YES
    export LINK_WITH_STANDARD_LIBRARIES\=YES
    export LLVM_TARGET_TRIPLE_OS_VERSION\=macos26.5
    export LLVM_TARGET_TRIPLE_OS_VERSION_NO\=macos26.5
    export LLVM_TARGET_TRIPLE_OS_VERSION_YES\=macos26.5
    export LLVM_TARGET_TRIPLE_VENDOR\=apple
    export LM_AUX_CONST_METADATA_LIST_PATH_normal_arm64\=/tmp/td-tap-area-editor-build/Build/Intermediates.noindex/InDefenseOfHistory.build/Debug/LevelEditor.build/Objects-normal/arm64/LevelEditor.SwiftConstValuesFileList
    export LOCALIZATION_EXPORT_SUPPORTED\=YES
    export LOCALIZATION_PREFERS_STRING_CATALOGS\=YES
    export LOCALIZED_RESOURCES_FOLDER_PATH\=LevelEditor.app/Contents/Resources/en.lproj
    export LOCALIZED_STRING_CODE_COMMENTS\=NO
    export LOCALIZED_STRING_MACRO_NAMES\=NSLocalizedString\ CFCopyLocalizedString
    export LOCALIZED_STRING_SWIFTUI_SUPPORT\=YES
    export LOCAL_ADMIN_APPS_DIR\=/Applications/Utilities
    export LOCAL_APPS_DIR\=/Applications
    export LOCAL_DEVELOPER_DIR\=/Library/Developer
    export LOCAL_LIBRARY_DIR\=/Library
    export LOCROOT\=/Users/john/projects/td/in-defense-of-history
    export LOCSYMROOT\=/Users/john/projects/td/in-defense-of-history
    export MACH_O_TYPE\=mh_execute
    export MACOSX_DEPLOYMENT_TARGET\=26.5
    export MAC_OS_X_PRODUCT_BUILD_VERSION\=25G83
    export MAC_OS_X_VERSION_ACTUAL\=260602
    export MAC_OS_X_VERSION_MAJOR\=260000
    export MAC_OS_X_VERSION_MINOR\=260600
    export MAKE_MERGEABLE\=NO
    export MARKETING_VERSION\=1.0
    export MERGEABLE_LIBRARY\=NO
    export MERGED_BINARY_TYPE\=none
    export MERGE_LINKED_LIBRARIES\=NO
    export METAL_LIBRARY_FILE_BASE\=default
    export METAL_LIBRARY_OUTPUT_DIR\=/tmp/td-tap-area-editor-build/Build/Products/Debug/LevelEditor.app/Contents/Resources
    export MODULES_FOLDER_PATH\=LevelEditor.app/Contents/Modules
    export MODULE_CACHE_DIR\=/tmp/td-tap-area-editor-build/ModuleCache.noindex
    export MTL_ENABLE_DEBUG_INFO\=INCLUDE_SOURCE
    export MTL_FAST_MATH\=YES
    export NATIVE_ARCH\=arm64
    export NATIVE_ARCH_32_BIT\=arm
    export NATIVE_ARCH_64_BIT\=arm64
    export NATIVE_ARCH_ACTUAL\=arm64
    export NO_COMMON\=YES
    export OBJECT_FILE_DIR\=/tmp/td-tap-area-editor-build/Build/Intermediates.noindex/InDefenseOfHistory.build/Debug/LevelEditor.build/Objects
    export OBJECT_FILE_DIR_normal\=/tmp/td-tap-area-editor-build/Build/Intermediates.noindex/InDefenseOfHistory.build/Debug/LevelEditor.build/Objects-normal
    export OBJROOT\=/tmp/td-tap-area-editor-build/Build/Intermediates.noindex
    export ONLY_ACTIVE_ARCH\=YES
    export OS\=MACOS
    export OSAC\=/usr/bin/osacompile
    export PACKAGE_TYPE\=com.apple.package-type.wrapper.application
    export PASCAL_STRINGS\=YES
    export PATH\=/Applications/Xcode.app/Contents/SharedFrameworks/SwiftBuild.framework/Versions/A/PlugIns/SWBBuildService.bundle/Contents/PlugIns/SWBUniversalPlatformPlugin.bundle/Contents/Frameworks/SWBUniversalPlatform.framework/Resources:/var/run/com.apple.security.cryptexd/mnt/com.apple.MobileAsset.MetalToolchain-v17.6.109.0.Ab0dIy/Metal.xctoolchain/usr/bin:/var/run/com.apple.security.cryptexd/mnt/com.apple.MobileAsset.MetalToolchain-v17.6.109.0.Ab0dIy/Metal.xctoolchain/usr/local/bin:/var/run/com.apple.security.cryptexd/mnt/com.apple.MobileAsset.MetalToolchain-v17.6.109.0.Ab0dIy/Metal.xctoolchain/usr/libexec:/Applications/Xcode.app/Contents/Developer/Toolchains/XcodeDefault.xctoolchain/usr/bin:/Applications/Xcode.app/Contents/Developer/Toolchains/XcodeDefault.xctoolchain/usr/local/bin:/Applications/Xcode.app/Contents/Developer/Toolchains/XcodeDefault.xctoolchain/usr/libexec:/Applications/Xcode.app/Contents/Developer/Platforms/MacOSX.platform/usr/bin:/Applications/Xcode.app/Contents/Developer/Platforms/MacOSX.platform/usr/local/bin:/Applications/Xcode.app/Contents/Developer/Platforms/MacOSX.platform/Developer/usr/bin:/Applications/Xcode.app/Contents/Developer/Platforms/MacOSX.platform/Developer/usr/local/bin:/Applications/Xcode.app/Contents/Developer/usr/bin:/Applications/Xcode.app/Contents/Developer/usr/local/bin:/usr/local/bin:/System/Cryptexes/App/usr/bin:/usr/bin:/bin:/usr/sbin:/sbin:/var/run/com.apple.security.cryptexd/codex.system/bootstrap/usr/local/bin:/var/run/com.apple.security.cryptexd/codex.system/bootstrap/usr/bin:/var/run/com.apple.security.cryptexd/codex.system/bootstrap/usr/appleinternal/bin:/pkg/env/global/bin:/Library/Apple/usr/bin:/usr/local/share/dotnet:/Library/Frameworks/Mono.framework/Versions/Current/Commands:/Users/john/.codex/tmp/arg0/codex-arg0bJPCgt:/Users/john/.cache/codex-runtimes/codex-primary-runtime/dependencies/bin/override:/Users/john/.pyenv/shims:/Users/john/.nvm/versions/node/v20.15.1/bin:/opt/homebrew/bin:/opt/homebrew/opt/postgresql@12/bin:/opt/homebrew/opt/node@14/bin:/Users/john/bin:/Users/john/bin/cc65/bin:/Users/john/Library/Application\ Support/JetBrains/Toolbox/scripts:/Users/john/.cache/codex-runtimes/codex-primary-runtime/dependencies/bin/fallback:/Applications/ChatGPT.app/Contents/Resources
    export PATH_PREFIXES_EXCLUDED_FROM_HEADER_DEPENDENCIES\=/usr/include\ /usr/local/include\ /System/Library/Frameworks\ /System/Library/PrivateFrameworks\ /Applications/Xcode.app/Contents/Developer/Headers\ /Applications/Xcode.app/Contents/Developer/SDKs\ /Applications/Xcode.app/Contents/Developer/Platforms
    export PBDEVELOPMENTPLIST_PATH\=LevelEditor.app/Contents/pbdevelopment.plist
    export PER_ARCH_MODULE_FILE_DIR\=/tmp/td-tap-area-editor-build/Build/Intermediates.noindex/InDefenseOfHistory.build/Debug/LevelEditor.build/Objects-normal/undefined_arch
    export PER_ARCH_OBJECT_FILE_DIR\=/tmp/td-tap-area-editor-build/Build/Intermediates.noindex/InDefenseOfHistory.build/Debug/LevelEditor.build/Objects-normal/undefined_arch
    export PER_VARIANT_OBJECT_FILE_DIR\=/tmp/td-tap-area-editor-build/Build/Intermediates.noindex/InDefenseOfHistory.build/Debug/LevelEditor.build/Objects-normal
    export PKGINFO_FILE_PATH\=/tmp/td-tap-area-editor-build/Build/Intermediates.noindex/InDefenseOfHistory.build/Debug/LevelEditor.build/PkgInfo
    export PKGINFO_PATH\=LevelEditor.app/Contents/PkgInfo
    export PLATFORM_DEVELOPER_APPLICATIONS_DIR\=/Applications/Xcode.app/Contents/Developer/Applications
    export PLATFORM_DEVELOPER_BIN_DIR\=/Applications/Xcode.app/Contents/Developer/usr/bin
    export PLATFORM_DEVELOPER_LIBRARY_DIR\=/Applications/Xcode.app/Contents/Developer/Library
    export PLATFORM_DEVELOPER_SDK_DIR\=/Applications/Xcode.app/Contents/Developer/Platforms/MacOSX.platform/Developer/SDKs
    export PLATFORM_DEVELOPER_TOOLS_DIR\=/Applications/Xcode.app/Contents/Developer/Tools
    export PLATFORM_DEVELOPER_USR_DIR\=/Applications/Xcode.app/Contents/Developer/usr
    export PLATFORM_DIR\=/Applications/Xcode.app/Contents/Developer/Platforms/MacOSX.platform
    export PLATFORM_DISPLAY_NAME\=macOS
    export PLATFORM_FAMILY_NAME\=macOS
    export PLATFORM_NAME\=macosx
    export PLATFORM_PREFERRED_ARCH\=x86_64
    export PLATFORM_PRODUCT_BUILD_VERSION\=25F70
    export PLATFORM_REQUIRES_SWIFT_AUTOLINK_EXTRACT\=NO
    export PLATFORM_REQUIRES_SWIFT_MODULEWRAP\=NO
    export PLATFORM_USES_DSYMS\=YES
    export PLIST_FILE_OUTPUT_FORMAT\=same-as-input
    export PLUGINS_FOLDER_PATH\=LevelEditor.app/Contents/PlugIns
    export PRECOMPS_INCLUDE_HEADERS_FROM_BUILT_PRODUCTS_DIR\=YES
    export PRECOMP_DESTINATION_DIR\=/tmp/td-tap-area-editor-build/Build/Intermediates.noindex/InDefenseOfHistory.build/Debug/LevelEditor.build/PrefixHeaders
    export PRIVATE_HEADERS_FOLDER_PATH\=LevelEditor.app/Contents/PrivateHeaders
    export PROCESSED_INFOPLIST_PATH\=/tmp/td-tap-area-editor-build/Build/Intermediates.noindex/InDefenseOfHistory.build/Debug/LevelEditor.build/Objects-normal/undefined_arch/Processed-Info.plist
    export PRODUCT_BUNDLE_IDENTIFIER\=com.zippyzen.td.leveleditor
    export PRODUCT_BUNDLE_PACKAGE_TYPE\=APPL
    export PRODUCT_MODULE_NAME\=LevelEditor
    export PRODUCT_NAME\=LevelEditor
    export PRODUCT_SETTINGS_PATH\=/Users/john/projects/td/in-defense-of-history/LevelEditor/Info.plist
    export PRODUCT_TYPE\=com.apple.product-type.application
    export PROFILING_CODE\=NO
    export PROJECT\=InDefenseOfHistory
    export PROJECT_DERIVED_FILE_DIR\=/tmp/td-tap-area-editor-build/Build/Intermediates.noindex/InDefenseOfHistory.build/DerivedSources
    export PROJECT_DIR\=/Users/john/projects/td/in-defense-of-history
    export PROJECT_FILE_PATH\=/Users/john/projects/td/in-defense-of-history/InDefenseOfHistory.xcodeproj
    export PROJECT_GUID\=f6efb7031ca2c14ccdbd1f67161accb9
    export PROJECT_NAME\=InDefenseOfHistory
    export PROJECT_TEMP_DIR\=/tmp/td-tap-area-editor-build/Build/Intermediates.noindex/InDefenseOfHistory.build
    export PROJECT_TEMP_ROOT\=/tmp/td-tap-area-editor-build/Build/Intermediates.noindex
    export PROVISIONING_PROFILE_REQUIRED\=NO
    export PROVISIONING_PROFILE_REQUIRED_YES_YES\=YES
    export PROVISIONING_PROFILE_SUPPORTED\=YES
    export PUBLIC_HEADERS_FOLDER_PATH\=LevelEditor.app/Contents/Headers
    export RECOMMENDED_MACOSX_DEPLOYMENT_TARGET\=11.0
    export RECURSIVE_SEARCH_PATHS_FOLLOW_SYMLINKS\=YES
    export REMOVE_CVS_FROM_RESOURCES\=YES
    export REMOVE_GIT_FROM_RESOURCES\=YES
    export REMOVE_HEADERS_FROM_EMBEDDED_BUNDLES\=YES
    export REMOVE_HG_FROM_RESOURCES\=YES
    export REMOVE_STATIC_EXECUTABLES_FROM_EMBEDDED_BUNDLES\=YES
    export REMOVE_SVN_FROM_RESOURCES\=YES
    export RESCHEDULE_INDEPENDENT_HEADERS_PHASES\=YES
    export REZ_COLLECTOR_DIR\=/tmp/td-tap-area-editor-build/Build/Intermediates.noindex/InDefenseOfHistory.build/Debug/LevelEditor.build/ResourceManagerResources
    export REZ_OBJECTS_DIR\=/tmp/td-tap-area-editor-build/Build/Intermediates.noindex/InDefenseOfHistory.build/Debug/LevelEditor.build/ResourceManagerResources/Objects
    export REZ_SEARCH_PATHS\=/tmp/td-tap-area-editor-build/Build/Products/Debug\ 
    export RPATH_ORIGIN\=@loader_path
    export RUNTIME_EXCEPTION_ALLOW_DYLD_ENVIRONMENT_VARIABLES\=NO
    export RUNTIME_EXCEPTION_ALLOW_JIT\=NO
    export RUNTIME_EXCEPTION_ALLOW_UNSIGNED_EXECUTABLE_MEMORY\=NO
    export RUNTIME_EXCEPTION_DEBUGGING_TOOL\=NO
    export RUNTIME_EXCEPTION_DISABLE_EXECUTABLE_PAGE_PROTECTION\=NO
    export RUNTIME_EXCEPTION_DISABLE_LIBRARY_VALIDATION\=NO
    export SCANNING_PCM_KEEP_CACHE_DIRECTORY\=YES
    export SCAN_ALL_SOURCE_FILES_FOR_INCLUDES\=NO
    export SCRIPTS_FOLDER_PATH\=LevelEditor.app/Contents/Resources/Scripts
    export SCRIPT_INPUT_FILE_0\=/tmp/td-tap-area-editor-build/Build/Products/Debug/LevelEditor.app/Contents/Info.plist
    export SCRIPT_INPUT_FILE_COUNT\=1
    export SCRIPT_INPUT_FILE_LIST_COUNT\=0
    export SCRIPT_OUTPUT_FILE_0\=/tmp/td-tap-area-editor-build/Build/Intermediates.noindex/InDefenseOfHistory.build/Debug/LevelEditor.build/DerivedSources/buildstamp.txt
    export SCRIPT_OUTPUT_FILE_COUNT\=1
    export SCRIPT_OUTPUT_FILE_LIST_COUNT\=0
    export SDKROOT\=/Applications/Xcode.app/Contents/Developer/Platforms/MacOSX.platform/Developer/SDKs/MacOSX26.5.sdk
    export SDK_DIR\=/Applications/Xcode.app/Contents/Developer/Platforms/MacOSX.platform/Developer/SDKs/MacOSX26.5.sdk
    export SDK_DIR_macosx\=/Applications/Xcode.app/Contents/Developer/Platforms/MacOSX.platform/Developer/SDKs/MacOSX26.5.sdk
    export SDK_DIR_macosx26_5\=/Applications/Xcode.app/Contents/Developer/Platforms/MacOSX.platform/Developer/SDKs/MacOSX26.5.sdk
    export SDK_NAME\=macosx26.5
    export SDK_NAMES\=macosx26.5
    export SDK_PRODUCT_BUILD_VERSION\=25F70
    export SDK_STAT_CACHE_DIR\=/tmp/td-tap-area-editor-build
    export SDK_STAT_CACHE_ENABLE\=YES
    export SDK_STAT_CACHE_PATH\=/tmp/td-tap-area-editor-build/SDKStatCaches.noindex/macosx26.5-25F70-688ef53f1462e2c8f657fdc38a81448fe082c4a02f00227109f4ed75e425c832.sdkstatcache
    export SDK_VERSION\=26.5
    export SDK_VERSION_ACTUAL\=260500
    export SDK_VERSION_MAJOR\=260000
    export SDK_VERSION_MINOR\=260500
    export SED\=/usr/bin/sed
    export SEPARATE_STRIP\=NO
    export SEPARATE_SYMBOL_EDIT\=NO
    export SET_DIR_MODE_OWNER_GROUP\=YES
    export SET_FILE_MODE_OWNER_GROUP\=NO
    export SHALLOW_BUNDLE\=NO
    export SHALLOW_BUNDLE_PLATFORM\=NO
    export SHALLOW_BUNDLE_TRIPLE\=macos
    export SHALLOW_BUNDLE_ios_macabi\=NO
    export SHALLOW_BUNDLE_macos\=NO
    export SHARED_DERIVED_FILE_DIR\=/tmp/td-tap-area-editor-build/Build/Products/Debug/DerivedSources
    export SHARED_FRAMEWORKS_FOLDER_PATH\=LevelEditor.app/Contents/SharedFrameworks
    export SHARED_PRECOMPS_DIR\=/tmp/td-tap-area-editor-build/Build/Intermediates.noindex/PrecompiledHeaders
    export SHARED_SUPPORT_FOLDER_PATH\=LevelEditor.app/Contents/SharedSupport
    export SKIP_INSTALL\=NO
    export SKIP_MERGEABLE_LIBRARY_BUNDLE_HOOK\=NO
    export SOURCE_ROOT\=/Users/john/projects/td/in-defense-of-history
    export SRCROOT\=/Users/john/projects/td/in-defense-of-history
    export STRINGSDATA_DIR\=/tmp/td-tap-area-editor-build/Build/Intermediates.noindex/InDefenseOfHistory.build/Debug/LevelEditor.build/Objects-normal/undefined_arch
    export STRINGSDATA_ROOT\=/tmp/td-tap-area-editor-build/Build/Intermediates.noindex/InDefenseOfHistory.build/Debug/LevelEditor.build
    export STRINGS_FILE_INFOPLIST_RENAME\=YES
    export STRINGS_FILE_OUTPUT_ENCODING\=UTF-16
    export STRING_CATALOG_GENERATE_SYMBOLS\=NO
    export STRIP_BITCODE_FROM_COPIED_FILES\=NO
    export STRIP_INSTALLED_PRODUCT\=NO
    export STRIP_PNG_TEXT\=NO
    export STRIP_STYLE\=all
    export STRIP_SWIFT_SYMBOLS\=YES
    export SUPPORTED_PLATFORMS\=iphoneos\ iphonesimulator\ macosx
    export SUPPORTS_MACCATALYST\=NO
    export SUPPORTS_ON_DEMAND_RESOURCES\=NO
    export SUPPORTS_TEXT_BASED_API\=NO
    export SUPPRESS_WARNINGS\=NO
    export SWIFT_ACTIVE_COMPILATION_CONDITIONS\=DEBUG\ 
    export SWIFT_APPROACHABLE_CONCURRENCY\=YES
    export SWIFT_DEFAULT_ACTOR_ISOLATION\=nonisolated
    export SWIFT_EMIT_CONST_VALUE_PROTOCOLS\=AnyResolverProviding\ AppEntity\ AppEnum\ AppExtension\ AppIntent\ AppIntentsPackage\ AppShortcutProviding\ AppShortcutsProvider\ DynamicOptionsProvider\ EntityQuery\ ExtensionPointDefining\ IntentValueQuery\ Resolver\ TransientEntity\ _AssistantIntentsProvider\ _GenerativeFunctionExtractable\ _IntentValueRepresentable
    export SWIFT_EMIT_LOC_STRINGS\=YES
    export SWIFT_ENABLE_EXPLICIT_MODULES\=YES
    export SWIFT_OPTIMIZATION_LEVEL\=-Onone
    export SWIFT_PLATFORM_TARGET_PREFIX\=macos
    export SWIFT_RESPONSE_FILE_PATH_normal_arm64\=/tmp/td-tap-area-editor-build/Build/Intermediates.noindex/InDefenseOfHistory.build/Debug/LevelEditor.build/Objects-normal/arm64/LevelEditor.SwiftFileList
    export SWIFT_UPCOMING_FEATURE_MEMBER_IMPORT_VISIBILITY\=YES
    export SWIFT_VERSION\=5.0
    export SYMROOT\=/tmp/td-tap-area-editor-build/Build/Products
    export SYSTEM_ADMIN_APPS_DIR\=/Applications/Utilities
    export SYSTEM_APPS_DIR\=/Applications
    export SYSTEM_CORE_SERVICES_DIR\=/System/Library/CoreServices
    export SYSTEM_DEMOS_DIR\=/Applications/Extras
    export SYSTEM_DEVELOPER_APPS_DIR\=/Applications/Xcode.app/Contents/Developer/Applications
    export SYSTEM_DEVELOPER_BIN_DIR\=/Applications/Xcode.app/Contents/Developer/usr/bin
    export SYSTEM_DEVELOPER_DEMOS_DIR\=/Applications/Xcode.app/Contents/Developer/Applications/Utilities/Built\ Examples
    export SYSTEM_DEVELOPER_DIR\=/Applications/Xcode.app/Contents/Developer
    export SYSTEM_DEVELOPER_DOC_DIR\=/Applications/Xcode.app/Contents/Developer/ADC\ Reference\ Library
    export SYSTEM_DEVELOPER_GRAPHICS_TOOLS_DIR\=/Applications/Xcode.app/Contents/Developer/Applications/Graphics\ Tools
    export SYSTEM_DEVELOPER_JAVA_TOOLS_DIR\=/Applications/Xcode.app/Contents/Developer/Applications/Java\ Tools
    export SYSTEM_DEVELOPER_PERFORMANCE_TOOLS_DIR\=/Applications/Xcode.app/Contents/Developer/Applications/Performance\ Tools
    export SYSTEM_DEVELOPER_RELEASENOTES_DIR\=/Applications/Xcode.app/Contents/Developer/ADC\ Reference\ Library/releasenotes
    export SYSTEM_DEVELOPER_TOOLS\=/Applications/Xcode.app/Contents/Developer/Tools
    export SYSTEM_DEVELOPER_TOOLS_DOC_DIR\=/Applications/Xcode.app/Contents/Developer/ADC\ Reference\ Library/documentation/DeveloperTools
    export SYSTEM_DEVELOPER_TOOLS_RELEASENOTES_DIR\=/Applications/Xcode.app/Contents/Developer/ADC\ Reference\ Library/releasenotes/DeveloperTools
    export SYSTEM_DEVELOPER_USR_DIR\=/Applications/Xcode.app/Contents/Developer/usr
    export SYSTEM_DEVELOPER_UTILITIES_DIR\=/Applications/Xcode.app/Contents/Developer/Applications/Utilities
    export SYSTEM_DEXT_INSTALL_PATH\=/System/Library/DriverExtensions
    export SYSTEM_DOCUMENTATION_DIR\=/Library/Documentation
    export SYSTEM_EXTENSIONS_FOLDER_PATH\=LevelEditor.app/Contents/Library/SystemExtensions
    export SYSTEM_EXTENSIONS_FOLDER_PATH_SHALLOW_BUNDLE_NO\=LevelEditor.app/Contents/Library/SystemExtensions
    export SYSTEM_EXTENSIONS_FOLDER_PATH_SHALLOW_BUNDLE_YES\=LevelEditor.app/Contents/SystemExtensions
    export SYSTEM_KEXT_INSTALL_PATH\=/System/Library/Extensions
    export SYSTEM_LIBRARY_DIR\=/System/Library
    export TAPI_DEMANGLE\=YES
    export TAPI_ENABLE_PROJECT_HEADERS\=NO
    export TAPI_LANGUAGE\=objective-c
    export TAPI_LANGUAGE_STANDARD\=compiler-default
    export TAPI_USE_SRCROOT\=YES
    export TAPI_VERIFY_MODE\=Pedantic
    export TARGETED_DEVICE_FAMILY\=1,2
    export TARGETNAME\=LevelEditor
    export TARGET_BUILD_DIR\=/tmp/td-tap-area-editor-build/Build/Products/Debug
    export TARGET_NAME\=LevelEditor
    export TARGET_TEMP_DIR\=/tmp/td-tap-area-editor-build/Build/Intermediates.noindex/InDefenseOfHistory.build/Debug/LevelEditor.build
    export TEMP_DIR\=/tmp/td-tap-area-editor-build/Build/Intermediates.noindex/InDefenseOfHistory.build/Debug/LevelEditor.build
    export TEMP_FILES_DIR\=/tmp/td-tap-area-editor-build/Build/Intermediates.noindex/InDefenseOfHistory.build/Debug/LevelEditor.build
    export TEMP_FILE_DIR\=/tmp/td-tap-area-editor-build/Build/Intermediates.noindex/InDefenseOfHistory.build/Debug/LevelEditor.build
    export TEMP_ROOT\=/tmp/td-tap-area-editor-build/Build/Intermediates.noindex
    export TEMP_SANDBOX_DIR\=/tmp/td-tap-area-editor-build/Build/Intermediates.noindex/TemporaryTaskSandboxes
    export TEST_FRAMEWORK_SEARCH_PATHS\=\ /Applications/Xcode.app/Contents/Developer/Platforms/MacOSX.platform/Developer/Library/Frameworks
    export TEST_LIBRARY_SEARCH_PATHS\=\ /Applications/Xcode.app/Contents/Developer/Platforms/MacOSX.platform/Developer/usr/lib
    export TOOLCHAINS\=com.apple.dt.toolchain.Metal.32023.883\ com.apple.dt.toolchain.XcodeDefault
    export TOOLCHAIN_DIR\=/var/run/com.apple.security.cryptexd/mnt/com.apple.MobileAsset.MetalToolchain-v17.6.109.0.Ab0dIy/Metal.xctoolchain
    export TOOLCHAIN_VERSION\=32023.883
    export TREAT_MISSING_BASELINES_AS_TEST_FAILURES\=NO
    export TREAT_MISSING_SCRIPT_PHASE_OUTPUTS_AS_ERRORS\=NO
    export TeamIdentifierPrefix\=SNJW4KBXLV.
    export UID\=501
    export UNINSTALLED_PRODUCTS_DIR\=/tmp/td-tap-area-editor-build/Build/Intermediates.noindex/UninstalledProducts
    export UNLOCALIZED_RESOURCES_FOLDER_PATH\=LevelEditor.app/Contents/Resources
    export UNLOCALIZED_RESOURCES_FOLDER_PATH_SHALLOW_BUNDLE_NO\=LevelEditor.app/Contents/Resources
    export UNLOCALIZED_RESOURCES_FOLDER_PATH_SHALLOW_BUNDLE_YES\=LevelEditor.app/Contents
    export UNSTRIPPED_PRODUCT\=NO
    export USER\=john
    export USER_APPS_DIR\=/Users/john/Applications
    export USER_LIBRARY_DIR\=/Users/john/Library
    export USE_DYNAMIC_NO_PIC\=YES
    export USE_HEADERMAP\=YES
    export USE_HEADER_SYMLINKS\=NO
    export VALIDATE_DEVELOPMENT_ASSET_PATHS\=YES_ERROR
    export VALIDATE_PRODUCT\=NO
    export VALID_ARCHS\=arm64\ arm64e\ i386\ x86_64
    export VERBOSE_PBXCP\=NO
    export VERSIONPLIST_PATH\=LevelEditor.app/Contents/version.plist
    export VERSION_INFO_BUILDER\=john
    export VERSION_INFO_FILE\=LevelEditor_vers.c
    export VERSION_INFO_STRING\=\"@\(\#\)PROGRAM:LevelEditor\ \ PROJECT:InDefenseOfHistory-1\"
    export WORKSPACE_DIR\=/Users/john/projects/td/in-defense-of-history/InDefenseOfHistory.xcodeproj
    export WRAPPER_EXTENSION\=app
    export WRAPPER_NAME\=LevelEditor.app
    export WRAPPER_SUFFIX\=.app
    export WRAP_ASSET_PACKS_IN_SEPARATE_DIRECTORIES\=NO
    export XCODE_APP_SUPPORT_DIR\=/Applications/Xcode.app/Contents/Developer/Library/Xcode
    export XCODE_PRODUCT_BUILD_VERSION\=17F113
    export XCODE_VERSION_ACTUAL\=2660
    export XCODE_VERSION_MAJOR\=2600
    export XCODE_VERSION_MINOR\=2660
    export XPCSERVICES_FOLDER_PATH\=LevelEditor.app/Contents/XPCServices
    export YACC\=yacc
    export _BOOL_\=NO
    export _BOOL_NO\=NO
    export _BOOL_YES\=YES
    export _DEVELOPMENT_TEAM_IS_EMPTY\=NO
    export _DISCOVER_COMMAND_LINE_LINKER_INPUTS\=YES
    export _DISCOVER_COMMAND_LINE_LINKER_INPUTS_INCLUDE_WL\=YES
    export _IS_EMPTY_\=YES
    export _LD_MULTIARCH\=YES
    export _MACOSX_DEPLOYMENT_TARGET_IS_EMPTY\=NO
    export _WRAPPER_CONTENTS_DIR\=/Contents
    export _WRAPPER_CONTENTS_DIR_SHALLOW_BUNDLE_NO\=/Contents
    export _WRAPPER_PARENT_PATH\=/..
    export _WRAPPER_PARENT_PATH_SHALLOW_BUNDLE_NO\=/..
    export _WRAPPER_RESOURCES_DIR\=/Resources
    export _WRAPPER_RESOURCES_DIR_SHALLOW_BUNDLE_NO\=/Resources
    export __DIAGNOSE_DEPRECATED_ARCHS\=YES
    export __IS_NOT_MACOS\=NO
    export __IS_NOT_MACOS_macosx\=NO
    export __IS_NOT_SIMULATOR\=YES
    export __IS_NOT_SIMULATOR_simulator\=NO
    export __ORIGINAL_SDK_DEFINED_LLVM_TARGET_TRIPLE_SYS\=macos
    export arch\=undefined_arch
    export variant\=normal
    /bin/sh -c /tmp/td-tap-area-editor-build/Build/Intermediates.noindex/InDefenseOfHistory.build/Debug/LevelEditor.build/Script-52C0FFEE000000000000A002.sh

CopySwiftLibs /tmp/td-tap-area-editor-build/Build/Products/Debug/LevelEditor.app (in target 'LevelEditor' from project 'InDefenseOfHistory')
    cd /Users/john/projects/td/in-defense-of-history
    builtin-swiftStdLibTool --copy --verbose --sign CEDD52B07BC043223095BEAF37C61A9E1699C8D3 --scan-executable /tmp/td-tap-area-editor-build/Build/Products/Debug/LevelEditor.app/Contents/MacOS/LevelEditor.debug.dylib --scan-folder /tmp/td-tap-area-editor-build/Build/Products/Debug/LevelEditor.app/Contents/Frameworks --scan-folder /tmp/td-tap-area-editor-build/Build/Products/Debug/LevelEditor.app/Contents/PlugIns --scan-folder /tmp/td-tap-area-editor-build/Build/Products/Debug/LevelEditor.app/Contents/Library/SystemExtensions --scan-folder /tmp/td-tap-area-editor-build/Build/Products/Debug/LevelEditor.app/Contents/Extensions --platform macosx --toolchain /var/run/com.apple.security.cryptexd/mnt/com.apple.MobileAsset.MetalToolchain-v17.6.109.0.Ab0dIy/Metal.xctoolchain --toolchain /Applications/Xcode.app/Contents/Developer/Toolchains/XcodeDefault.xctoolchain --destination /tmp/td-tap-area-editor-build/Build/Products/Debug/LevelEditor.app/Contents/Frameworks --strip-bitcode --strip-bitcode-tool /Applications/Xcode.app/Contents/Developer/Toolchains/XcodeDefault.xctoolchain/usr/bin/bitcode_strip --emit-dependency-info /tmp/td-tap-area-editor-build/Build/Intermediates.noindex/InDefenseOfHistory.build/Debug/LevelEditor.build/SwiftStdLibToolInputDependencies.dep --filter-for-swift-os

ExtractAppIntentsMetadata (in target 'LevelEditor' from project 'InDefenseOfHistory')
    cd /Users/john/projects/td/in-defense-of-history
    /Applications/Xcode.app/Contents/Developer/Toolchains/XcodeDefault.xctoolchain/usr/bin/appintentsmetadataprocessor --toolchain-dir /var/run/com.apple.security.cryptexd/mnt/com.apple.MobileAsset.MetalToolchain-v17.6.109.0.Ab0dIy/Metal.xctoolchain --module-name LevelEditor --sdk-root /Applications/Xcode.app/Contents/Developer/Platforms/MacOSX.platform/Developer/SDKs/MacOSX26.5.sdk --xcode-version 17F113 --platform-family macOS --deployment-target 26.5 --bundle-identifier com.zippyzen.td.leveleditor --output /tmp/td-tap-area-editor-build/Build/Products/Debug/LevelEditor.app/Contents/Resources --target-triple arm64-apple-macos26.5 --binary-file /tmp/td-tap-area-editor-build/Build/Products/Debug/LevelEditor.app/Contents/MacOS/LevelEditor --dependency-file /tmp/td-tap-area-editor-build/Build/Intermediates.noindex/InDefenseOfHistory.build/Debug/LevelEditor.build/Objects-normal/arm64/LevelEditor_dependency_info.dat --stringsdata-file /tmp/td-tap-area-editor-build/Build/Intermediates.noindex/InDefenseOfHistory.build/Debug/LevelEditor.build/Objects-normal/arm64/ExtractedAppShortcutsMetadata.stringsdata --source-file-list /tmp/td-tap-area-editor-build/Build/Intermediates.noindex/InDefenseOfHistory.build/Debug/LevelEditor.build/Objects-normal/arm64/LevelEditor.SwiftFileList --metadata-file-list /tmp/td-tap-area-editor-build/Build/Intermediates.noindex/InDefenseOfHistory.build/Debug/LevelEditor.build/LevelEditor.DependencyMetadataFileList --static-metadata-file-list /tmp/td-tap-area-editor-build/Build/Intermediates.noindex/InDefenseOfHistory.build/Debug/LevelEditor.build/LevelEditor.DependencyStaticMetadataFileList --swift-const-vals-list /tmp/td-tap-area-editor-build/Build/Intermediates.noindex/InDefenseOfHistory.build/Debug/LevelEditor.build/Objects-normal/arm64/LevelEditor.SwiftConstValuesFileList --compile-time-extraction --deployment-aware-processing --validate-assistant-intents --no-app-shortcuts-localization
2026-09-09 15:28:36.408 appintentsmetadataprocessor[79822:4584143] Starting appintentsmetadataprocessor export
2026-09-09 15:28:36.410 appintentsmetadataprocessor[79822:4584143] warning: Metadata extraction skipped. No AppIntents.framework dependency found.

CodeSign /tmp/td-tap-area-editor-build/Build/Products/Debug/LevelEditor.app/Contents/MacOS/LevelEditor.debug.dylib (in target 'LevelEditor' from project 'InDefenseOfHistory')
    cd /Users/john/projects/td/in-defense-of-history
    
    Signing Identity:     "Apple Development: John Cleveland (WCX43T3S47)"
    
    /usr/bin/codesign --force --sign CEDD52B07BC043223095BEAF37C61A9E1699C8D3 --timestamp\=none --generate-entitlement-der /tmp/td-tap-area-editor-build/Build/Products/Debug/LevelEditor.app/Contents/MacOS/LevelEditor.debug.dylib

CodeSign /tmp/td-tap-area-editor-build/Build/Products/Debug/LevelEditor.app/Contents/MacOS/__preview.dylib (in target 'LevelEditor' from project 'InDefenseOfHistory')
    cd /Users/john/projects/td/in-defense-of-history
    
    Signing Identity:     "Apple Development: John Cleveland (WCX43T3S47)"
    
    /usr/bin/codesign --force --sign CEDD52B07BC043223095BEAF37C61A9E1699C8D3 --timestamp\=none --generate-entitlement-der /tmp/td-tap-area-editor-build/Build/Products/Debug/LevelEditor.app/Contents/MacOS/__preview.dylib

CodeSign /tmp/td-tap-area-editor-build/Build/Products/Debug/LevelEditor.app (in target 'LevelEditor' from project 'InDefenseOfHistory')
    cd /Users/john/projects/td/in-defense-of-history
    
    Signing Identity:     "Apple Development: John Cleveland (WCX43T3S47)"
    
    /usr/bin/codesign --force --sign CEDD52B07BC043223095BEAF37C61A9E1699C8D3 --entitlements /tmp/td-tap-area-editor-build/Build/Intermediates.noindex/InDefenseOfHistory.build/Debug/LevelEditor.build/LevelEditor.app.xcent --timestamp\=none --generate-entitlement-der /tmp/td-tap-area-editor-build/Build/Products/Debug/LevelEditor.app

RegisterExecutionPolicyException /tmp/td-tap-area-editor-build/Build/Products/Debug/LevelEditor.app (in target 'LevelEditor' from project 'InDefenseOfHistory')
    cd /Users/john/projects/td/in-defense-of-history
    builtin-RegisterExecutionPolicyException /tmp/td-tap-area-editor-build/Build/Products/Debug/LevelEditor.app

Validate /tmp/td-tap-area-editor-build/Build/Products/Debug/LevelEditor.app (in target 'LevelEditor' from project 'InDefenseOfHistory')
    cd /Users/john/projects/td/in-defense-of-history
    builtin-validationUtility /tmp/td-tap-area-editor-build/Build/Products/Debug/LevelEditor.app -no-validate-extension -infoplist-subpath Contents/Info.plist

Touch /tmp/td-tap-area-editor-build/Build/Products/Debug/LevelEditor.app (in target 'LevelEditor' from project 'InDefenseOfHistory')
    cd /Users/john/projects/td/in-defense-of-history
    /usr/bin/touch -c /tmp/td-tap-area-editor-build/Build/Products/Debug/LevelEditor.app

RegisterWithLaunchServices /tmp/td-tap-area-editor-build/Build/Products/Debug/LevelEditor.app (in target 'LevelEditor' from project 'InDefenseOfHistory')
    cd /Users/john/projects/td/in-defense-of-history
    /System/Library/Frameworks/CoreServices.framework/Versions/Current/Frameworks/LaunchServices.framework/Versions/Current/Support/lsregister -f -R -trusted /tmp/td-tap-area-editor-build/Build/Products/Debug/LevelEditor.app

note: Run script build phase 'Stamp Build Number' will be run during every build because the option to run the script phase "Based on dependency analysis" is unchecked. (in target 'LevelEditor' from project 'InDefenseOfHistory')
** BUILD SUCCEEDED **

