{
  "type": "FeatureCollection",
  "name": "Fort Ann",
  "coordinateReferenceSystem": {
    "type": "local-cartesian",
    "note": "NOT WGS84. Canonical game units, lower-left origin, +y up.",
    "canvas": {
      "width": 2868.0,
      "height": 2064.0
    },
    "playArea": {
      "x": 474.0,
      "y": 492.0,
      "width": 1920.0,
      "height": 1080.0
    }
  },
  "metadata": {
    "level": 10,
    "levelId": "42e95fce-6da1-416d-bf69-24f70bb4dc52",
    "levelName": "Fort Ann",
    "geometrySource": "Existing Db/DML/Levels SQL routes and tower slots; no route geometry changed."
  },
  "startingGold": 400,
  "lives": 20,
  "features": [
    {
      "type": "Feature",
      "id": "gameplay.path.0",
      "geometry": {
        "type": "LineString",
        "coordinates": [
          [
            760.5,
            1437.5
          ],
          [
            760.6,
            1436.0
          ],
          [
            760.8,
            1434.5
          ],
          [
            760.9,
            1433.0
          ],
          [
            761.0,
            1431.5
          ],
          [
            761.1,
            1430.0
          ],
          [
            761.3,
            1428.5
          ],
          [
            761.4,
            1427.0
          ],
          [
            761.5,
            1425.5
          ],
          [
            761.6,
            1424.0
          ],
          [
            761.8,
            1422.5
          ],
          [
            761.9,
            1421.0
          ],
          [
            762.0,
            1419.5
          ],
          [
            762.1,
            1418.0
          ],
          [
            762.2,
            1416.5
          ],
          [
            762.4,
            1415.1
          ],
          [
            762.5,
            1413.6
          ],
          [
            762.6,
            1412.1
          ],
          [
            762.8,
            1410.6
          ],
          [
            762.9,
            1409.1
          ],
          [
            763.0,
            1407.6
          ],
          [
            763.1,
            1406.1
          ],
          [
            763.2,
            1404.6
          ],
          [
            763.4,
            1403.1
          ],
          [
            763.5,
            1401.7
          ],
          [
            763.6,
            1400.2
          ],
          [
            763.8,
            1398.7
          ],
          [
            763.9,
            1397.2
          ],
          [
            764.0,
            1395.7
          ],
          [
            764.1,
            1394.2
          ],
          [
            764.3,
            1392.7
          ],
          [
            764.5,
            1391.2
          ],
          [
            764.6,
            1389.7
          ],
          [
            764.7,
            1388.2
          ],
          [
            764.9,
            1386.7
          ],
          [
            765.0,
            1385.2
          ],
          [
            765.1,
            1383.7
          ],
          [
            765.3,
            1382.2
          ],
          [
            765.5,
            1380.7
          ],
          [
            765.6,
            1379.2
          ],
          [
            765.8,
            1377.8
          ],
          [
            765.9,
            1376.2
          ],
          [
            766.1,
            1374.8
          ],
          [
            766.2,
            1373.2
          ],
          [
            766.4,
            1371.8
          ],
          [
            766.5,
            1370.3
          ],
          [
            766.8,
            1368.8
          ],
          [
            766.9,
            1367.3
          ],
          [
            767.1,
            1365.8
          ],
          [
            767.2,
            1364.3
          ],
          [
            767.5,
            1362.8
          ],
          [
            767.6,
            1361.3
          ],
          [
            767.9,
            1359.8
          ],
          [
            768.0,
            1358.3
          ],
          [
            768.2,
            1356.9
          ],
          [
            768.5,
            1355.4
          ],
          [
            768.6,
            1353.9
          ],
          [
            768.9,
            1352.4
          ],
          [
            769.1,
            1351.0
          ],
          [
            769.3,
            1349.5
          ],
          [
            769.5,
            1348.0
          ],
          [
            769.7,
            1346.5
          ],
          [
            769.9,
            1345.0
          ],
          [
            770.1,
            1343.5
          ],
          [
            770.2,
            1342.0
          ],
          [
            770.5,
            1340.5
          ],
          [
            770.6,
            1339.0
          ],
          [
            770.8,
            1337.5
          ],
          [
            771.0,
            1336.0
          ],
          [
            771.1,
            1334.5
          ],
          [
            771.2,
            1333.0
          ],
          [
            771.4,
            1331.6
          ],
          [
            771.5,
            1330.1
          ],
          [
            771.7,
            1328.6
          ],
          [
            771.9,
            1327.1
          ],
          [
            772.0,
            1325.6
          ],
          [
            772.1,
            1324.1
          ],
          [
            772.3,
            1322.7
          ],
          [
            772.5,
            1321.2
          ],
          [
            772.6,
            1319.7
          ],
          [
            772.8,
            1318.2
          ],
          [
            773.0,
            1316.7
          ],
          [
            773.1,
            1315.2
          ],
          [
            773.4,
            1313.7
          ],
          [
            773.5,
            1312.2
          ],
          [
            773.8,
            1310.7
          ],
          [
            774.0,
            1309.2
          ],
          [
            774.1,
            1307.8
          ],
          [
            774.4,
            1306.2
          ],
          [
            774.6,
            1304.8
          ],
          [
            774.9,
            1303.3
          ],
          [
            775.1,
            1301.8
          ],
          [
            775.4,
            1300.3
          ],
          [
            775.6,
            1298.8
          ],
          [
            776.0,
            1297.4
          ],
          [
            776.2,
            1296.0
          ],
          [
            776.5,
            1294.5
          ],
          [
            776.9,
            1293.0
          ],
          [
            777.2,
            1291.5
          ],
          [
            777.6,
            1290.1
          ],
          [
            778.0,
            1288.7
          ],
          [
            778.4,
            1287.2
          ],
          [
            778.8,
            1285.8
          ],
          [
            779.1,
            1284.3
          ],
          [
            779.6,
            1282.8
          ],
          [
            780.0,
            1281.4
          ],
          [
            780.5,
            1280.0
          ],
          [
            781.0,
            1278.5
          ],
          [
            781.5,
            1277.2
          ],
          [
            782.0,
            1275.8
          ],
          [
            782.5,
            1274.3
          ],
          [
            783.0,
            1273.0
          ],
          [
            783.6,
            1271.5
          ],
          [
            784.2,
            1270.2
          ],
          [
            784.8,
            1268.8
          ],
          [
            785.4,
            1267.4
          ],
          [
            786.0,
            1266.0
          ],
          [
            786.6,
            1264.7
          ],
          [
            787.3,
            1263.3
          ],
          [
            788.0,
            1262.0
          ],
          [
            788.6,
            1260.7
          ],
          [
            789.3,
            1259.3
          ],
          [
            790.0,
            1258.0
          ],
          [
            790.6,
            1256.7
          ],
          [
            791.4,
            1255.3
          ],
          [
            792.0,
            1254.0
          ],
          [
            792.8,
            1252.7
          ],
          [
            793.5,
            1251.3
          ],
          [
            794.2,
            1250.0
          ],
          [
            795.0,
            1248.8
          ],
          [
            795.7,
            1247.4
          ],
          [
            796.5,
            1246.1
          ],
          [
            797.2,
            1244.8
          ],
          [
            798.0,
            1243.5
          ],
          [
            798.7,
            1242.2
          ],
          [
            799.5,
            1241.0
          ],
          [
            800.2,
            1239.7
          ],
          [
            801.0,
            1238.3
          ],
          [
            801.8,
            1237.1
          ],
          [
            802.6,
            1235.8
          ],
          [
            803.4,
            1234.5
          ],
          [
            804.2,
            1233.3
          ],
          [
            805.0,
            1232.0
          ],
          [
            805.8,
            1230.8
          ],
          [
            806.6,
            1229.5
          ],
          [
            807.5,
            1228.2
          ],
          [
            808.2,
            1227.0
          ],
          [
            809.1,
            1225.8
          ],
          [
            810.0,
            1224.5
          ],
          [
            810.8,
            1223.2
          ],
          [
            811.6,
            1222.0
          ],
          [
            812.5,
            1220.8
          ],
          [
            813.4,
            1219.5
          ],
          [
            814.2,
            1218.3
          ],
          [
            815.0,
            1217.1
          ],
          [
            816.0,
            1215.9
          ],
          [
            816.8,
            1214.7
          ],
          [
            817.7,
            1213.5
          ],
          [
            818.6,
            1212.2
          ],
          [
            819.5,
            1211.0
          ],
          [
            820.4,
            1209.8
          ],
          [
            821.3,
            1208.7
          ],
          [
            822.2,
            1207.5
          ],
          [
            823.1,
            1206.2
          ],
          [
            824.0,
            1205.0
          ],
          [
            825.0,
            1203.9
          ],
          [
            825.9,
            1202.7
          ],
          [
            826.8,
            1201.5
          ],
          [
            827.8,
            1200.3
          ],
          [
            828.7,
            1199.2
          ],
          [
            829.6,
            1198.0
          ],
          [
            830.5,
            1196.8
          ],
          [
            831.5,
            1195.7
          ],
          [
            832.5,
            1194.5
          ],
          [
            833.5,
            1193.4
          ],
          [
            834.5,
            1192.2
          ],
          [
            835.4,
            1191.2
          ],
          [
            836.4,
            1190.0
          ],
          [
            837.4,
            1188.8
          ],
          [
            838.4,
            1187.8
          ],
          [
            839.4,
            1186.7
          ],
          [
            840.4,
            1185.5
          ],
          [
            841.4,
            1184.4
          ],
          [
            842.4,
            1183.3
          ],
          [
            843.5,
            1182.2
          ],
          [
            844.5,
            1181.1
          ],
          [
            845.5,
            1180.0
          ],
          [
            846.5,
            1179.0
          ],
          [
            847.5,
            1177.8
          ],
          [
            848.6,
            1176.8
          ],
          [
            849.6,
            1175.8
          ],
          [
            850.8,
            1174.7
          ],
          [
            851.8,
            1173.6
          ],
          [
            852.9,
            1172.5
          ],
          [
            854.0,
            1171.5
          ],
          [
            855.0,
            1170.5
          ],
          [
            856.1,
            1169.5
          ],
          [
            857.2,
            1168.5
          ],
          [
            858.4,
            1167.4
          ],
          [
            859.5,
            1166.4
          ],
          [
            860.5,
            1165.4
          ],
          [
            861.7,
            1164.4
          ],
          [
            862.8,
            1163.5
          ],
          [
            864.0,
            1162.5
          ],
          [
            865.1,
            1161.5
          ],
          [
            866.2,
            1160.5
          ],
          [
            867.4,
            1159.6
          ],
          [
            868.6,
            1158.7
          ],
          [
            869.8,
            1157.7
          ],
          [
            870.9,
            1156.8
          ],
          [
            872.1,
            1155.8
          ],
          [
            873.3,
            1154.9
          ],
          [
            874.5,
            1154.0
          ],
          [
            875.7,
            1153.1
          ],
          [
            876.9,
            1152.2
          ],
          [
            878.1,
            1151.3
          ],
          [
            879.3,
            1150.5
          ],
          [
            880.5,
            1149.5
          ],
          [
            881.8,
            1148.7
          ],
          [
            883.0,
            1147.8
          ],
          [
            884.2,
            1147.0
          ],
          [
            885.4,
            1146.1
          ],
          [
            886.6,
            1145.2
          ],
          [
            887.9,
            1144.4
          ],
          [
            889.1,
            1143.5
          ],
          [
            890.4,
            1142.7
          ],
          [
            891.6,
            1141.9
          ],
          [
            892.9,
            1141.0
          ],
          [
            894.1,
            1140.2
          ],
          [
            895.4,
            1139.4
          ],
          [
            896.6,
            1138.6
          ],
          [
            897.9,
            1137.8
          ],
          [
            899.1,
            1137.0
          ],
          [
            900.5,
            1136.2
          ],
          [
            901.7,
            1135.4
          ],
          [
            903.0,
            1134.6
          ],
          [
            904.2,
            1133.8
          ],
          [
            905.5,
            1133.0
          ],
          [
            906.8,
            1132.2
          ],
          [
            908.1,
            1131.5
          ],
          [
            909.4,
            1130.7
          ],
          [
            910.6,
            1129.8
          ],
          [
            912.0,
            1129.1
          ],
          [
            913.2,
            1128.3
          ],
          [
            914.5,
            1127.5
          ],
          [
            915.8,
            1126.8
          ],
          [
            917.1,
            1126.0
          ],
          [
            918.4,
            1125.2
          ],
          [
            919.6,
            1124.5
          ],
          [
            921.0,
            1123.7
          ],
          [
            922.2,
            1123.0
          ],
          [
            923.5,
            1122.2
          ],
          [
            924.8,
            1121.5
          ],
          [
            926.1,
            1120.7
          ],
          [
            927.4,
            1119.9
          ],
          [
            928.7,
            1119.2
          ],
          [
            930.0,
            1118.4
          ],
          [
            931.3,
            1117.7
          ],
          [
            932.6,
            1116.8
          ],
          [
            933.9,
            1116.1
          ],
          [
            935.1,
            1115.3
          ],
          [
            936.5,
            1114.6
          ],
          [
            937.8,
            1113.8
          ],
          [
            939.0,
            1113.1
          ],
          [
            940.4,
            1112.3
          ],
          [
            941.6,
            1111.5
          ],
          [
            943.0,
            1110.8
          ],
          [
            944.2,
            1110.0
          ],
          [
            945.5,
            1109.2
          ],
          [
            946.8,
            1108.5
          ],
          [
            948.1,
            1107.8
          ],
          [
            949.4,
            1107.0
          ],
          [
            950.6,
            1106.2
          ],
          [
            952.0,
            1105.5
          ],
          [
            953.2,
            1104.7
          ],
          [
            954.5,
            1103.9
          ],
          [
            955.8,
            1103.1
          ],
          [
            957.1,
            1102.3
          ],
          [
            958.4,
            1101.5
          ],
          [
            959.6,
            1100.8
          ],
          [
            961.0,
            1100.0
          ],
          [
            962.2,
            1099.2
          ],
          [
            963.5,
            1098.5
          ],
          [
            964.8,
            1097.7
          ],
          [
            966.1,
            1097.0
          ],
          [
            967.4,
            1096.2
          ],
          [
            968.7,
            1095.5
          ],
          [
            970.0,
            1094.7
          ],
          [
            971.3,
            1094.0
          ],
          [
            972.6,
            1093.2
          ],
          [
            973.9,
            1092.5
          ],
          [
            975.2,
            1091.7
          ],
          [
            976.5,
            1091.0
          ],
          [
            977.8,
            1090.2
          ],
          [
            979.1,
            1089.5
          ],
          [
            980.4,
            1088.7
          ],
          [
            981.7,
            1088.0
          ],
          [
            983.0,
            1087.2
          ],
          [
            984.3,
            1086.5
          ],
          [
            985.6,
            1085.8
          ],
          [
            987.0,
            1085.0
          ],
          [
            988.2,
            1084.3
          ],
          [
            989.5,
            1083.5
          ],
          [
            990.9,
            1082.8
          ],
          [
            992.2,
            1082.1
          ],
          [
            993.5,
            1081.3
          ],
          [
            994.8,
            1080.7
          ],
          [
            996.1,
            1079.9
          ],
          [
            997.5,
            1079.2
          ],
          [
            998.8,
            1078.5
          ],
          [
            1000.0,
            1077.8
          ],
          [
            1001.4,
            1077.0
          ],
          [
            1002.7,
            1076.3
          ],
          [
            1004.0,
            1075.6
          ],
          [
            1005.3,
            1074.8
          ],
          [
            1006.6,
            1074.2
          ],
          [
            1008.0,
            1073.4
          ],
          [
            1009.2,
            1072.7
          ],
          [
            1010.6,
            1072.0
          ],
          [
            1011.9,
            1071.2
          ],
          [
            1013.2,
            1070.5
          ],
          [
            1014.5,
            1069.8
          ],
          [
            1015.9,
            1069.1
          ],
          [
            1017.1,
            1068.4
          ],
          [
            1018.5,
            1067.7
          ],
          [
            1019.8,
            1067.0
          ],
          [
            1021.1,
            1066.2
          ],
          [
            1022.5,
            1065.5
          ],
          [
            1023.8,
            1064.8
          ],
          [
            1025.0,
            1064.1
          ],
          [
            1026.4,
            1063.4
          ],
          [
            1027.7,
            1062.7
          ],
          [
            1029.0,
            1062.0
          ],
          [
            1030.3,
            1061.2
          ],
          [
            1031.7,
            1060.5
          ],
          [
            1033.0,
            1059.8
          ],
          [
            1034.3,
            1059.1
          ],
          [
            1035.6,
            1058.3
          ],
          [
            1037.0,
            1057.7
          ],
          [
            1038.2,
            1057.0
          ],
          [
            1039.5,
            1056.2
          ],
          [
            1040.9,
            1055.5
          ],
          [
            1042.2,
            1054.8
          ],
          [
            1043.5,
            1054.0
          ],
          [
            1044.8,
            1053.3
          ],
          [
            1046.2,
            1052.7
          ],
          [
            1047.5,
            1051.9
          ],
          [
            1048.8,
            1051.2
          ],
          [
            1050.1,
            1050.5
          ],
          [
            1051.4,
            1049.8
          ],
          [
            1052.8,
            1049.0
          ],
          [
            1054.0,
            1048.3
          ],
          [
            1055.3,
            1047.6
          ],
          [
            1056.7,
            1046.8
          ],
          [
            1058.0,
            1046.2
          ],
          [
            1059.3,
            1045.4
          ],
          [
            1060.6,
            1044.7
          ],
          [
            1062.0,
            1044.0
          ],
          [
            1063.2,
            1043.2
          ],
          [
            1064.5,
            1042.5
          ],
          [
            1065.8,
            1041.8
          ],
          [
            1067.2,
            1041.0
          ],
          [
            1068.5,
            1040.3
          ],
          [
            1069.8,
            1039.6
          ],
          [
            1071.1,
            1038.8
          ],
          [
            1072.4,
            1038.1
          ],
          [
            1073.7,
            1037.3
          ],
          [
            1075.0,
            1036.6
          ],
          [
            1076.3,
            1035.9
          ],
          [
            1077.6,
            1035.2
          ],
          [
            1078.9,
            1034.4
          ],
          [
            1080.2,
            1033.7
          ],
          [
            1081.5,
            1032.9
          ],
          [
            1082.8,
            1032.2
          ],
          [
            1084.1,
            1031.4
          ],
          [
            1085.4,
            1030.7
          ],
          [
            1086.7,
            1029.9
          ],
          [
            1088.0,
            1029.1
          ],
          [
            1089.3,
            1028.3
          ],
          [
            1090.6,
            1027.6
          ],
          [
            1091.8,
            1026.8
          ],
          [
            1093.2,
            1026.0
          ],
          [
            1094.5,
            1025.2
          ],
          [
            1095.7,
            1024.5
          ],
          [
            1097.0,
            1023.7
          ],
          [
            1098.2,
            1022.9
          ],
          [
            1099.5,
            1022.1
          ],
          [
            1100.8,
            1021.3
          ],
          [
            1102.1,
            1020.5
          ],
          [
            1103.3,
            1019.7
          ],
          [
            1104.6,
            1018.9
          ],
          [
            1105.8,
            1018.0
          ],
          [
            1107.1,
            1017.2
          ],
          [
            1108.3,
            1016.4
          ],
          [
            1109.6,
            1015.6
          ],
          [
            1110.8,
            1014.8
          ],
          [
            1112.1,
            1013.9
          ],
          [
            1113.3,
            1013.0
          ],
          [
            1114.5,
            1012.2
          ],
          [
            1115.8,
            1011.3
          ],
          [
            1117.0,
            1010.5
          ],
          [
            1118.2,
            1009.6
          ],
          [
            1119.5,
            1008.8
          ],
          [
            1120.7,
            1007.9
          ],
          [
            1121.9,
            1007.0
          ],
          [
            1123.1,
            1006.1
          ],
          [
            1124.3,
            1005.2
          ],
          [
            1125.5,
            1004.3
          ],
          [
            1126.8,
            1003.5
          ],
          [
            1128.0,
            1002.5
          ],
          [
            1129.2,
            1001.7
          ],
          [
            1130.3,
            1000.8
          ],
          [
            1131.5,
            999.8
          ],
          [
            1132.8,
            999.0
          ],
          [
            1134.0,
            998.0
          ],
          [
            1135.1,
            997.1
          ],
          [
            1136.3,
            996.2
          ],
          [
            1137.5,
            995.3
          ],
          [
            1138.7,
            994.3
          ],
          [
            1139.9,
            993.5
          ],
          [
            1141.0,
            992.5
          ],
          [
            1142.2,
            991.7
          ],
          [
            1143.5,
            990.7
          ],
          [
            1144.7,
            989.8
          ],
          [
            1145.8,
            988.9
          ],
          [
            1147.0,
            988.0
          ],
          [
            1148.2,
            987.1
          ],
          [
            1149.4,
            986.2
          ],
          [
            1150.6,
            985.3
          ],
          [
            1151.8,
            984.4
          ],
          [
            1153.0,
            983.5
          ],
          [
            1154.2,
            982.6
          ],
          [
            1155.5,
            981.7
          ],
          [
            1156.7,
            980.8
          ],
          [
            1157.9,
            980.0
          ],
          [
            1159.1,
            979.1
          ],
          [
            1160.3,
            978.2
          ],
          [
            1161.5,
            977.3
          ],
          [
            1162.8,
            976.5
          ],
          [
            1164.0,
            975.7
          ],
          [
            1165.2,
            974.8
          ],
          [
            1166.5,
            974.0
          ],
          [
            1167.8,
            973.2
          ],
          [
            1169.0,
            972.3
          ],
          [
            1170.2,
            971.5
          ],
          [
            1171.5,
            970.7
          ],
          [
            1172.8,
            969.9
          ],
          [
            1174.0,
            969.1
          ],
          [
            1175.3,
            968.3
          ],
          [
            1176.6,
            967.5
          ],
          [
            1177.9,
            966.8
          ],
          [
            1179.2,
            966.0
          ],
          [
            1180.5,
            965.2
          ],
          [
            1181.8,
            964.5
          ],
          [
            1183.0,
            963.7
          ],
          [
            1184.3,
            962.9
          ],
          [
            1185.7,
            962.2
          ],
          [
            1187.0,
            961.4
          ],
          [
            1188.2,
            960.7
          ],
          [
            1189.5,
            959.9
          ],
          [
            1190.8,
            959.2
          ],
          [
            1192.2,
            958.4
          ],
          [
            1193.4,
            957.7
          ],
          [
            1194.7,
            956.9
          ],
          [
            1196.0,
            956.1
          ],
          [
            1197.3,
            955.3
          ],
          [
            1198.6,
            954.6
          ],
          [
            1199.9,
            953.8
          ],
          [
            1201.2,
            953.1
          ],
          [
            1202.5,
            952.3
          ],
          [
            1203.8,
            951.6
          ],
          [
            1205.1,
            950.8
          ],
          [
            1206.4,
            950.1
          ],
          [
            1207.7,
            949.3
          ],
          [
            1209.0,
            948.6
          ],
          [
            1210.3,
            947.8
          ],
          [
            1211.6,
            947.1
          ],
          [
            1212.9,
            946.3
          ],
          [
            1214.2,
            945.7
          ],
          [
            1215.5,
            944.9
          ],
          [
            1216.8,
            944.2
          ],
          [
            1218.2,
            943.4
          ],
          [
            1219.5,
            942.7
          ],
          [
            1220.8,
            942.0
          ],
          [
            1222.0,
            941.2
          ],
          [
            1223.3,
            940.5
          ],
          [
            1224.7,
            939.8
          ],
          [
            1226.0,
            939.0
          ],
          [
            1227.3,
            938.3
          ],
          [
            1228.7,
            937.6
          ],
          [
            1230.0,
            936.9
          ],
          [
            1231.2,
            936.2
          ],
          [
            1232.6,
            935.5
          ],
          [
            1233.9,
            934.8
          ],
          [
            1235.2,
            934.1
          ],
          [
            1236.5,
            933.4
          ],
          [
            1237.9,
            932.7
          ],
          [
            1239.2,
            932.0
          ],
          [
            1240.5,
            931.3
          ],
          [
            1241.9,
            930.6
          ],
          [
            1243.2,
            930.0
          ],
          [
            1244.5,
            929.2
          ],
          [
            1245.9,
            928.5
          ],
          [
            1247.2,
            927.9
          ],
          [
            1248.6,
            927.2
          ],
          [
            1250.0,
            926.5
          ],
          [
            1251.2,
            925.9
          ],
          [
            1252.6,
            925.2
          ],
          [
            1254.0,
            924.6
          ],
          [
            1255.3,
            924.0
          ],
          [
            1256.7,
            923.2
          ],
          [
            1258.0,
            922.7
          ],
          [
            1259.4,
            922.0
          ],
          [
            1260.8,
            921.3
          ],
          [
            1262.1,
            920.7
          ],
          [
            1263.5,
            920.1
          ],
          [
            1264.8,
            919.5
          ],
          [
            1266.2,
            918.8
          ],
          [
            1267.5,
            918.2
          ],
          [
            1269.0,
            917.6
          ],
          [
            1270.3,
            917.0
          ],
          [
            1271.7,
            916.4
          ],
          [
            1273.0,
            915.8
          ],
          [
            1274.4,
            915.2
          ],
          [
            1275.8,
            914.6
          ],
          [
            1277.2,
            914.0
          ],
          [
            1278.5,
            913.5
          ],
          [
            1280.0,
            912.8
          ],
          [
            1281.3,
            912.3
          ],
          [
            1282.7,
            911.8
          ],
          [
            1284.1,
            911.2
          ],
          [
            1285.5,
            910.6
          ],
          [
            1286.9,
            910.0
          ],
          [
            1288.3,
            909.5
          ],
          [
            1289.7,
            909.0
          ],
          [
            1291.1,
            908.4
          ],
          [
            1292.5,
            907.8
          ],
          [
            1293.9,
            907.3
          ],
          [
            1295.3,
            906.8
          ],
          [
            1296.7,
            906.3
          ],
          [
            1298.1,
            905.8
          ],
          [
            1299.5,
            905.2
          ],
          [
            1301.0,
            904.8
          ],
          [
            1302.3,
            904.2
          ],
          [
            1303.8,
            903.8
          ],
          [
            1305.2,
            903.2
          ],
          [
            1306.6,
            902.8
          ],
          [
            1308.0,
            902.2
          ],
          [
            1309.4,
            901.8
          ],
          [
            1310.8,
            901.3
          ],
          [
            1312.2,
            900.8
          ],
          [
            1313.7,
            900.3
          ],
          [
            1315.1,
            899.8
          ],
          [
            1316.5,
            899.3
          ],
          [
            1318.0,
            898.8
          ],
          [
            1319.3,
            898.4
          ],
          [
            1320.8,
            897.9
          ],
          [
            1322.2,
            897.5
          ],
          [
            1323.7,
            897.0
          ],
          [
            1325.0,
            896.5
          ],
          [
            1326.5,
            896.0
          ],
          [
            1327.9,
            895.6
          ],
          [
            1329.3,
            895.1
          ],
          [
            1330.8,
            894.7
          ],
          [
            1332.2,
            894.2
          ],
          [
            1333.7,
            893.8
          ],
          [
            1335.0,
            893.3
          ],
          [
            1336.5,
            892.8
          ],
          [
            1337.9,
            892.4
          ],
          [
            1339.3,
            892.0
          ],
          [
            1340.8,
            891.5
          ],
          [
            1342.2,
            891.0
          ],
          [
            1343.7,
            890.6
          ],
          [
            1345.1,
            890.2
          ],
          [
            1346.5,
            889.8
          ],
          [
            1348.0,
            889.3
          ],
          [
            1349.4,
            888.9
          ],
          [
            1350.8,
            888.5
          ],
          [
            1352.2,
            888.0
          ],
          [
            1353.7,
            887.6
          ],
          [
            1355.2,
            887.2
          ],
          [
            1356.6,
            886.8
          ],
          [
            1358.0,
            886.3
          ],
          [
            1359.5,
            885.9
          ],
          [
            1360.9,
            885.5
          ],
          [
            1362.3,
            885.0
          ],
          [
            1363.8,
            884.7
          ],
          [
            1365.2,
            884.2
          ],
          [
            1366.7,
            883.8
          ],
          [
            1368.1,
            883.4
          ],
          [
            1369.5,
            883.0
          ],
          [
            1371.0,
            882.6
          ],
          [
            1372.5,
            882.2
          ],
          [
            1373.9,
            881.8
          ],
          [
            1375.3,
            881.4
          ],
          [
            1376.8,
            881.0
          ],
          [
            1378.2,
            880.6
          ],
          [
            1379.7,
            880.2
          ],
          [
            1381.1,
            879.8
          ],
          [
            1382.5,
            879.5
          ],
          [
            1384.0,
            879.0
          ],
          [
            1385.5,
            878.7
          ],
          [
            1386.9,
            878.2
          ],
          [
            1388.3,
            877.9
          ],
          [
            1389.8,
            877.5
          ],
          [
            1391.3,
            877.2
          ],
          [
            1392.8,
            876.8
          ],
          [
            1394.2,
            876.4
          ],
          [
            1395.7,
            876.0
          ],
          [
            1397.1,
            875.7
          ],
          [
            1398.5,
            875.3
          ],
          [
            1400.0,
            875.0
          ],
          [
            1401.5,
            874.5
          ],
          [
            1402.9,
            874.2
          ],
          [
            1404.3,
            873.8
          ],
          [
            1405.8,
            873.5
          ],
          [
            1407.3,
            873.2
          ],
          [
            1408.8,
            872.8
          ],
          [
            1410.2,
            872.5
          ],
          [
            1411.7,
            872.1
          ],
          [
            1413.2,
            871.8
          ],
          [
            1414.6,
            871.5
          ],
          [
            1416.0,
            871.1
          ],
          [
            1417.5,
            870.8
          ],
          [
            1419.0,
            870.5
          ],
          [
            1420.5,
            870.1
          ],
          [
            1421.9,
            869.8
          ],
          [
            1423.3,
            869.5
          ],
          [
            1424.8,
            869.2
          ],
          [
            1426.3,
            868.8
          ],
          [
            1427.8,
            868.5
          ],
          [
            1429.2,
            868.2
          ],
          [
            1430.7,
            867.9
          ],
          [
            1432.2,
            867.6
          ],
          [
            1433.7,
            867.3
          ],
          [
            1435.1,
            867.0
          ],
          [
            1436.6,
            866.7
          ],
          [
            1438.0,
            866.4
          ],
          [
            1439.5,
            866.2
          ],
          [
            1441.0,
            865.8
          ],
          [
            1442.5,
            865.5
          ],
          [
            1444.0,
            865.3
          ],
          [
            1445.5,
            865.0
          ],
          [
            1446.9,
            864.8
          ],
          [
            1448.4,
            864.5
          ],
          [
            1449.8,
            864.2
          ],
          [
            1451.3,
            864.0
          ],
          [
            1452.8,
            863.8
          ],
          [
            1454.3,
            863.5
          ],
          [
            1455.8,
            863.2
          ],
          [
            1457.2,
            863.0
          ],
          [
            1458.8,
            862.8
          ],
          [
            1460.2,
            862.5
          ],
          [
            1461.7,
            862.3
          ],
          [
            1463.2,
            862.1
          ],
          [
            1464.7,
            861.9
          ],
          [
            1466.2,
            861.7
          ],
          [
            1467.7,
            861.5
          ],
          [
            1469.2,
            861.2
          ],
          [
            1470.6,
            861.1
          ],
          [
            1472.1,
            860.9
          ],
          [
            1473.6,
            860.8
          ],
          [
            1475.1,
            860.5
          ],
          [
            1476.6,
            860.4
          ],
          [
            1478.0,
            860.2
          ],
          [
            1479.5,
            860.1
          ],
          [
            1481.0,
            860.0
          ],
          [
            1482.5,
            859.8
          ],
          [
            1484.0,
            859.7
          ],
          [
            1485.5,
            859.6
          ],
          [
            1487.0,
            859.5
          ],
          [
            1488.5,
            859.4
          ],
          [
            1490.0,
            859.3
          ],
          [
            1491.5,
            859.2
          ],
          [
            1493.0,
            859.2
          ],
          [
            1494.5,
            859.1
          ],
          [
            1496.0,
            859.1
          ],
          [
            1497.5,
            859.0
          ],
          [
            1499.0,
            859.0
          ],
          [
            1500.5,
            859.0
          ],
          [
            1502.0,
            859.0
          ],
          [
            1503.5,
            859.0
          ],
          [
            1505.0,
            859.0
          ],
          [
            1506.5,
            859.0
          ],
          [
            1508.0,
            859.0
          ],
          [
            1509.5,
            859.0
          ],
          [
            1511.0,
            859.0
          ],
          [
            1512.5,
            859.0
          ],
          [
            1514.0,
            859.1
          ],
          [
            1515.5,
            859.2
          ],
          [
            1517.0,
            859.2
          ],
          [
            1518.5,
            859.2
          ],
          [
            1520.0,
            859.3
          ],
          [
            1521.5,
            859.5
          ],
          [
            1523.0,
            859.5
          ],
          [
            1524.5,
            859.6
          ],
          [
            1526.0,
            859.7
          ],
          [
            1527.5,
            859.8
          ],
          [
            1529.0,
            859.9
          ],
          [
            1530.5,
            860.0
          ],
          [
            1532.0,
            860.2
          ],
          [
            1533.5,
            860.2
          ],
          [
            1535.0,
            860.4
          ],
          [
            1536.5,
            860.5
          ],
          [
            1538.0,
            860.7
          ],
          [
            1539.5,
            860.8
          ],
          [
            1541.0,
            861.0
          ],
          [
            1542.5,
            861.1
          ],
          [
            1544.0,
            861.2
          ],
          [
            1545.5,
            861.4
          ],
          [
            1546.9,
            861.5
          ],
          [
            1548.4,
            861.8
          ],
          [
            1549.9,
            861.9
          ],
          [
            1551.4,
            862.1
          ],
          [
            1552.9,
            862.2
          ],
          [
            1554.3,
            862.5
          ],
          [
            1555.8,
            862.6
          ],
          [
            1557.3,
            862.8
          ],
          [
            1558.8,
            863.0
          ],
          [
            1560.3,
            863.2
          ],
          [
            1561.8,
            863.4
          ],
          [
            1563.3,
            863.5
          ],
          [
            1564.8,
            863.8
          ],
          [
            1566.2,
            864.0
          ],
          [
            1567.8,
            864.2
          ],
          [
            1569.2,
            864.3
          ],
          [
            1570.8,
            864.5
          ],
          [
            1572.2,
            864.8
          ],
          [
            1573.7,
            865.0
          ],
          [
            1575.2,
            865.2
          ],
          [
            1576.7,
            865.3
          ],
          [
            1578.2,
            865.5
          ],
          [
            1579.7,
            865.8
          ],
          [
            1581.2,
            866.0
          ],
          [
            1582.7,
            866.2
          ],
          [
            1584.1,
            866.3
          ],
          [
            1585.6,
            866.5
          ],
          [
            1587.1,
            866.8
          ],
          [
            1588.6,
            867.0
          ],
          [
            1590.0,
            867.1
          ],
          [
            1591.5,
            867.3
          ],
          [
            1593.0,
            867.5
          ],
          [
            1594.5,
            867.7
          ],
          [
            1596.0,
            867.8
          ],
          [
            1597.5,
            868.0
          ],
          [
            1599.0,
            868.2
          ],
          [
            1600.5,
            868.3
          ],
          [
            1602.0,
            868.5
          ],
          [
            1603.5,
            868.7
          ],
          [
            1605.0,
            868.8
          ],
          [
            1606.5,
            869.0
          ],
          [
            1608.0,
            869.1
          ],
          [
            1609.5,
            869.2
          ],
          [
            1611.0,
            869.3
          ],
          [
            1612.5,
            869.5
          ],
          [
            1614.0,
            869.6
          ],
          [
            1615.5,
            869.7
          ],
          [
            1617.0,
            869.8
          ],
          [
            1618.4,
            870.0
          ],
          [
            1619.9,
            870.1
          ],
          [
            1621.4,
            870.2
          ],
          [
            1622.9,
            870.4
          ],
          [
            1624.4,
            870.5
          ],
          [
            1625.9,
            870.7
          ],
          [
            1627.3,
            870.9
          ],
          [
            1628.8,
            871.0
          ],
          [
            1630.3,
            871.2
          ],
          [
            1631.8,
            871.5
          ],
          [
            1633.3,
            871.6
          ],
          [
            1634.8,
            871.8
          ],
          [
            1636.3,
            872.0
          ],
          [
            1637.8,
            872.2
          ],
          [
            1639.2,
            872.5
          ],
          [
            1640.8,
            872.7
          ],
          [
            1642.2,
            872.8
          ],
          [
            1643.7,
            873.1
          ],
          [
            1645.2,
            873.3
          ],
          [
            1646.7,
            873.5
          ],
          [
            1648.2,
            873.8
          ],
          [
            1649.7,
            874.0
          ],
          [
            1651.2,
            874.2
          ],
          [
            1652.6,
            874.5
          ],
          [
            1654.1,
            874.7
          ],
          [
            1655.6,
            874.9
          ],
          [
            1657.0,
            875.1
          ],
          [
            1658.5,
            875.3
          ],
          [
            1660.0,
            875.6
          ],
          [
            1661.5,
            875.8
          ],
          [
            1663.0,
            876.0
          ],
          [
            1664.5,
            876.2
          ],
          [
            1666.0,
            876.5
          ],
          [
            1667.5,
            876.7
          ],
          [
            1669.0,
            876.9
          ],
          [
            1670.4,
            877.1
          ],
          [
            1671.9,
            877.3
          ],
          [
            1673.4,
            877.5
          ],
          [
            1674.9,
            877.7
          ],
          [
            1676.3,
            877.9
          ],
          [
            1677.8,
            878.1
          ],
          [
            1679.3,
            878.2
          ],
          [
            1680.8,
            878.5
          ],
          [
            1682.3,
            878.6
          ],
          [
            1683.8,
            878.8
          ],
          [
            1685.3,
            878.9
          ],
          [
            1686.8,
            879.0
          ],
          [
            1688.3,
            879.2
          ],
          [
            1689.8,
            879.2
          ],
          [
            1691.3,
            879.3
          ],
          [
            1692.8,
            879.4
          ],
          [
            1694.3,
            879.5
          ],
          [
            1695.8,
            879.5
          ],
          [
            1697.3,
            879.6
          ],
          [
            1698.8,
            879.6
          ],
          [
            1700.3,
            879.6
          ],
          [
            1701.8,
            879.5
          ],
          [
            1703.3,
            879.5
          ],
          [
            1704.8,
            879.5
          ],
          [
            1706.3,
            879.3
          ],
          [
            1707.8,
            879.2
          ],
          [
            1709.3,
            879.1
          ],
          [
            1710.8,
            879.0
          ],
          [
            1712.2,
            878.8
          ],
          [
            1713.8,
            878.5
          ],
          [
            1715.2,
            878.2
          ],
          [
            1716.7,
            878.0
          ],
          [
            1718.2,
            877.6
          ],
          [
            1719.6,
            877.2
          ],
          [
            1721.0,
            876.8
          ],
          [
            1722.5,
            876.4
          ],
          [
            1723.9,
            876.0
          ],
          [
            1725.3,
            875.5
          ],
          [
            1726.7,
            875.0
          ],
          [
            1728.1,
            874.3
          ],
          [
            1729.5,
            873.8
          ],
          [
            1730.8,
            873.2
          ],
          [
            1732.2,
            872.5
          ],
          [
            1733.5,
            871.8
          ],
          [
            1734.9,
            871.2
          ],
          [
            1736.2,
            870.4
          ],
          [
            1737.5,
            869.7
          ],
          [
            1738.8,
            868.9
          ],
          [
            1740.0,
            868.1
          ],
          [
            1741.3,
            867.3
          ],
          [
            1742.5,
            866.5
          ],
          [
            1743.8,
            865.6
          ],
          [
            1745.0,
            864.7
          ],
          [
            1746.2,
            863.8
          ],
          [
            1747.4,
            862.9
          ],
          [
            1748.6,
            862.0
          ],
          [
            1749.8,
            861.0
          ],
          [
            1750.9,
            860.1
          ],
          [
            1752.0,
            859.2
          ],
          [
            1753.2,
            858.2
          ],
          [
            1754.3,
            857.2
          ],
          [
            1755.5,
            856.2
          ],
          [
            1756.5,
            855.2
          ],
          [
            1757.7,
            854.2
          ],
          [
            1758.8,
            853.2
          ],
          [
            1759.8,
            852.1
          ],
          [
            1761.0,
            851.0
          ],
          [
            1762.0,
            850.0
          ],
          [
            1763.1,
            849.0
          ],
          [
            1764.2,
            847.9
          ],
          [
            1765.2,
            846.8
          ],
          [
            1766.2,
            845.8
          ],
          [
            1767.3,
            844.7
          ],
          [
            1768.3,
            843.7
          ],
          [
            1769.4,
            842.6
          ],
          [
            1770.5,
            841.5
          ],
          [
            1771.5,
            840.5
          ],
          [
            1772.6,
            839.3
          ],
          [
            1773.7,
            838.3
          ],
          [
            1774.7,
            837.2
          ],
          [
            1775.8,
            836.2
          ],
          [
            1776.8,
            835.2
          ],
          [
            1777.9,
            834.1
          ],
          [
            1779.0,
            833.0
          ],
          [
            1780.0,
            832.0
          ],
          [
            1781.0,
            830.8
          ],
          [
            1782.0,
            829.7
          ],
          [
            1783.0,
            828.5
          ],
          [
            1784.0,
            827.4
          ],
          [
            1784.8,
            826.2
          ],
          [
            1785.8,
            825.0
          ],
          [
            1786.7,
            823.8
          ],
          [
            1787.5,
            822.7
          ],
          [
            1788.5,
            821.5
          ],
          [
            1789.3,
            820.2
          ],
          [
            1790.2,
            819.0
          ],
          [
            1791.0,
            817.7
          ],
          [
            1791.8,
            816.5
          ],
          [
            1792.6,
            815.2
          ],
          [
            1793.4,
            813.9
          ],
          [
            1794.2,
            812.7
          ],
          [
            1795.0,
            811.3
          ],
          [
            1795.7,
            810.0
          ],
          [
            1796.5,
            808.8
          ],
          [
            1797.2,
            807.5
          ],
          [
            1798.0,
            806.2
          ],
          [
            1798.7,
            804.8
          ],
          [
            1799.5,
            803.5
          ],
          [
            1800.2,
            802.2
          ],
          [
            1800.9,
            800.9
          ],
          [
            1801.6,
            799.6
          ],
          [
            1802.3,
            798.3
          ],
          [
            1803.0,
            797.0
          ],
          [
            1803.8,
            795.7
          ],
          [
            1804.5,
            794.3
          ],
          [
            1805.3,
            793.1
          ],
          [
            1806.0,
            792.0
          ]
        ]
      },
      "properties": {
        "id": "gameplay.path.0",
        "name": "gameplay.path.0",
        "category": "gameplay",
        "kind": "enemy_path",
        "layer": 75,
        "playable": true,
        "insidePlayArea": true,
        "pathIndex": 0,
        "widthPx": 140.0
      }
    },
    {
      "type": "Feature",
      "id": "gameplay.entry.0",
      "geometry": {
        "type": "Point",
        "coordinates": [
          760.5,
          1437.5
        ]
      },
      "properties": {
        "id": "gameplay.entry.0",
        "name": "gameplay.entry.0",
        "category": "gameplay",
        "kind": "spawn_point",
        "layer": 75,
        "playable": true,
        "insidePlayArea": true,
        "pathIndex": 0
      }
    },
    {
      "type": "Feature",
      "id": "gameplay.path.1",
      "geometry": {
        "type": "LineString",
        "coordinates": [
          [
            2009.5,
            1466.5
          ],
          [
            2009.2,
            1465.0
          ],
          [
            2008.8,
            1463.5
          ],
          [
            2008.5,
            1462.1
          ],
          [
            2008.2,
            1460.7
          ],
          [
            2008.0,
            1459.2
          ],
          [
            2007.7,
            1457.7
          ],
          [
            2007.3,
            1456.2
          ],
          [
            2007.0,
            1454.8
          ],
          [
            2006.8,
            1453.3
          ],
          [
            2006.5,
            1451.8
          ],
          [
            2006.1,
            1450.3
          ],
          [
            2005.8,
            1448.9
          ],
          [
            2005.5,
            1447.4
          ],
          [
            2005.2,
            1446.0
          ],
          [
            2004.9,
            1444.5
          ],
          [
            2004.6,
            1443.0
          ],
          [
            2004.3,
            1441.5
          ],
          [
            2004.0,
            1440.0
          ],
          [
            2003.7,
            1438.6
          ],
          [
            2003.4,
            1437.2
          ],
          [
            2003.0,
            1435.7
          ],
          [
            2002.8,
            1434.2
          ],
          [
            2002.5,
            1432.8
          ],
          [
            2002.2,
            1431.2
          ],
          [
            2001.8,
            1429.8
          ],
          [
            2001.5,
            1428.3
          ],
          [
            2001.2,
            1426.8
          ],
          [
            2000.9,
            1425.4
          ],
          [
            2000.6,
            1423.9
          ],
          [
            2000.3,
            1422.5
          ],
          [
            2000.0,
            1421.0
          ],
          [
            1999.7,
            1419.5
          ],
          [
            1999.3,
            1418.0
          ],
          [
            1999.0,
            1416.6
          ],
          [
            1998.7,
            1415.2
          ],
          [
            1998.3,
            1413.7
          ],
          [
            1998.0,
            1412.2
          ],
          [
            1997.7,
            1410.8
          ],
          [
            1997.4,
            1409.2
          ],
          [
            1997.0,
            1407.8
          ],
          [
            1996.8,
            1406.3
          ],
          [
            1996.4,
            1404.8
          ],
          [
            1996.1,
            1403.4
          ],
          [
            1995.8,
            1402.0
          ],
          [
            1995.4,
            1400.5
          ],
          [
            1995.1,
            1399.0
          ],
          [
            1994.8,
            1397.5
          ],
          [
            1994.4,
            1396.1
          ],
          [
            1994.0,
            1394.7
          ],
          [
            1993.7,
            1393.2
          ],
          [
            1993.4,
            1391.7
          ],
          [
            1993.0,
            1390.2
          ],
          [
            1992.7,
            1388.8
          ],
          [
            1992.3,
            1387.3
          ],
          [
            1992.0,
            1385.9
          ],
          [
            1991.6,
            1384.5
          ],
          [
            1991.2,
            1383.0
          ],
          [
            1990.9,
            1381.5
          ],
          [
            1990.6,
            1380.0
          ],
          [
            1990.2,
            1378.6
          ],
          [
            1989.9,
            1377.2
          ],
          [
            1989.5,
            1375.7
          ],
          [
            1989.2,
            1374.2
          ],
          [
            1988.9,
            1372.8
          ],
          [
            1988.5,
            1371.3
          ],
          [
            1988.2,
            1369.8
          ],
          [
            1987.9,
            1368.3
          ],
          [
            1987.6,
            1366.9
          ],
          [
            1987.2,
            1365.5
          ],
          [
            1986.9,
            1364.0
          ],
          [
            1986.6,
            1362.5
          ],
          [
            1986.2,
            1361.0
          ],
          [
            1986.0,
            1359.5
          ],
          [
            1985.6,
            1358.1
          ],
          [
            1985.3,
            1356.7
          ],
          [
            1985.0,
            1355.2
          ],
          [
            1984.6,
            1353.7
          ],
          [
            1984.3,
            1352.2
          ],
          [
            1984.0,
            1350.8
          ],
          [
            1983.6,
            1349.3
          ],
          [
            1983.3,
            1347.8
          ],
          [
            1983.0,
            1346.4
          ],
          [
            1982.6,
            1345.0
          ],
          [
            1982.2,
            1343.5
          ],
          [
            1981.9,
            1342.0
          ],
          [
            1981.5,
            1340.5
          ],
          [
            1981.2,
            1339.1
          ],
          [
            1980.8,
            1337.7
          ],
          [
            1980.5,
            1336.2
          ],
          [
            1980.2,
            1334.8
          ],
          [
            1979.8,
            1333.3
          ],
          [
            1979.4,
            1331.8
          ],
          [
            1979.0,
            1330.4
          ],
          [
            1978.7,
            1329.0
          ],
          [
            1978.2,
            1327.5
          ],
          [
            1977.8,
            1326.0
          ],
          [
            1977.5,
            1324.6
          ],
          [
            1977.0,
            1323.2
          ],
          [
            1976.7,
            1321.7
          ],
          [
            1976.2,
            1320.2
          ],
          [
            1975.8,
            1318.8
          ],
          [
            1975.5,
            1317.3
          ],
          [
            1975.0,
            1316.0
          ],
          [
            1974.5,
            1314.5
          ],
          [
            1974.2,
            1313.0
          ],
          [
            1973.7,
            1311.6
          ],
          [
            1973.2,
            1310.2
          ],
          [
            1972.8,
            1308.8
          ],
          [
            1972.3,
            1307.3
          ],
          [
            1971.8,
            1305.9
          ],
          [
            1971.4,
            1304.5
          ],
          [
            1970.9,
            1303.0
          ],
          [
            1970.4,
            1301.7
          ],
          [
            1969.9,
            1300.2
          ],
          [
            1969.4,
            1298.8
          ],
          [
            1968.9,
            1297.4
          ],
          [
            1968.4,
            1296.0
          ],
          [
            1967.8,
            1294.6
          ],
          [
            1967.3,
            1293.2
          ],
          [
            1966.8,
            1291.8
          ],
          [
            1966.2,
            1290.4
          ],
          [
            1965.7,
            1289.0
          ],
          [
            1965.2,
            1287.6
          ],
          [
            1964.5,
            1286.2
          ],
          [
            1964.0,
            1284.8
          ],
          [
            1963.4,
            1283.5
          ],
          [
            1962.8,
            1282.1
          ],
          [
            1962.2,
            1280.7
          ],
          [
            1961.6,
            1279.3
          ],
          [
            1961.0,
            1278.0
          ],
          [
            1960.3,
            1276.6
          ],
          [
            1959.8,
            1275.2
          ],
          [
            1959.1,
            1273.9
          ],
          [
            1958.5,
            1272.5
          ],
          [
            1957.8,
            1271.2
          ],
          [
            1957.2,
            1269.8
          ],
          [
            1956.5,
            1268.5
          ],
          [
            1955.9,
            1267.1
          ],
          [
            1955.2,
            1265.8
          ],
          [
            1954.5,
            1264.4
          ],
          [
            1953.9,
            1263.1
          ],
          [
            1953.2,
            1261.8
          ],
          [
            1952.5,
            1260.4
          ],
          [
            1951.8,
            1259.0
          ],
          [
            1951.2,
            1257.7
          ],
          [
            1950.5,
            1256.4
          ],
          [
            1949.8,
            1255.0
          ],
          [
            1949.1,
            1253.7
          ],
          [
            1948.4,
            1252.4
          ],
          [
            1947.7,
            1251.0
          ],
          [
            1947.0,
            1249.8
          ],
          [
            1946.3,
            1248.4
          ],
          [
            1945.6,
            1247.1
          ],
          [
            1944.9,
            1245.8
          ],
          [
            1944.2,
            1244.5
          ],
          [
            1943.5,
            1243.1
          ],
          [
            1942.8,
            1241.8
          ],
          [
            1942.1,
            1240.5
          ],
          [
            1941.3,
            1239.2
          ],
          [
            1940.7,
            1237.8
          ],
          [
            1940.0,
            1236.5
          ],
          [
            1939.2,
            1235.2
          ],
          [
            1938.5,
            1233.9
          ],
          [
            1937.8,
            1232.5
          ],
          [
            1937.1,
            1231.2
          ],
          [
            1936.3,
            1229.9
          ],
          [
            1935.7,
            1228.6
          ],
          [
            1935.0,
            1227.3
          ],
          [
            1934.2,
            1226.0
          ],
          [
            1933.5,
            1224.7
          ],
          [
            1932.8,
            1223.3
          ],
          [
            1932.1,
            1222.0
          ],
          [
            1931.3,
            1220.7
          ],
          [
            1930.7,
            1219.3
          ],
          [
            1930.0,
            1218.0
          ],
          [
            1929.2,
            1216.7
          ],
          [
            1928.5,
            1215.4
          ],
          [
            1927.8,
            1214.1
          ],
          [
            1927.1,
            1212.8
          ],
          [
            1926.4,
            1211.5
          ],
          [
            1925.7,
            1210.1
          ],
          [
            1925.0,
            1208.8
          ],
          [
            1924.3,
            1207.5
          ],
          [
            1923.6,
            1206.1
          ],
          [
            1923.0,
            1204.8
          ],
          [
            1922.2,
            1203.5
          ],
          [
            1921.5,
            1202.1
          ],
          [
            1920.8,
            1200.8
          ],
          [
            1920.2,
            1199.5
          ],
          [
            1919.5,
            1198.1
          ],
          [
            1918.8,
            1196.8
          ],
          [
            1918.2,
            1195.5
          ],
          [
            1917.5,
            1194.1
          ],
          [
            1916.8,
            1192.8
          ],
          [
            1916.2,
            1191.4
          ],
          [
            1915.5,
            1190.0
          ],
          [
            1914.8,
            1188.7
          ],
          [
            1914.2,
            1187.3
          ],
          [
            1913.5,
            1186.0
          ],
          [
            1912.9,
            1184.7
          ],
          [
            1912.2,
            1183.3
          ],
          [
            1911.6,
            1182.0
          ],
          [
            1911.0,
            1180.6
          ],
          [
            1910.3,
            1179.2
          ],
          [
            1909.7,
            1177.9
          ],
          [
            1909.0,
            1176.5
          ],
          [
            1908.3,
            1175.2
          ],
          [
            1907.7,
            1173.8
          ],
          [
            1907.0,
            1172.5
          ],
          [
            1906.4,
            1171.2
          ],
          [
            1905.8,
            1169.8
          ],
          [
            1905.1,
            1168.4
          ],
          [
            1904.5,
            1167.0
          ],
          [
            1903.8,
            1165.7
          ],
          [
            1903.2,
            1164.3
          ],
          [
            1902.5,
            1163.0
          ],
          [
            1901.9,
            1161.7
          ],
          [
            1901.2,
            1160.3
          ],
          [
            1900.6,
            1159.0
          ],
          [
            1900.0,
            1157.6
          ],
          [
            1899.3,
            1156.2
          ],
          [
            1898.7,
            1154.9
          ],
          [
            1898.0,
            1153.5
          ],
          [
            1897.4,
            1152.2
          ],
          [
            1896.8,
            1150.8
          ],
          [
            1896.1,
            1149.5
          ],
          [
            1895.5,
            1148.1
          ],
          [
            1894.8,
            1146.8
          ],
          [
            1894.2,
            1145.4
          ],
          [
            1893.5,
            1144.0
          ],
          [
            1892.9,
            1142.7
          ],
          [
            1892.2,
            1141.3
          ],
          [
            1891.7,
            1140.0
          ],
          [
            1891.0,
            1138.6
          ],
          [
            1890.3,
            1137.2
          ],
          [
            1889.8,
            1135.8
          ],
          [
            1889.1,
            1134.5
          ],
          [
            1888.5,
            1133.2
          ],
          [
            1887.8,
            1131.8
          ],
          [
            1887.2,
            1130.5
          ],
          [
            1886.5,
            1129.0
          ],
          [
            1886.0,
            1127.7
          ],
          [
            1885.3,
            1126.3
          ],
          [
            1884.7,
            1125.0
          ],
          [
            1884.0,
            1123.6
          ],
          [
            1883.5,
            1122.2
          ],
          [
            1882.8,
            1120.9
          ],
          [
            1882.2,
            1119.5
          ],
          [
            1881.5,
            1118.2
          ],
          [
            1881.0,
            1116.8
          ],
          [
            1880.3,
            1115.5
          ],
          [
            1879.7,
            1114.0
          ],
          [
            1879.1,
            1112.7
          ],
          [
            1878.5,
            1111.3
          ],
          [
            1877.8,
            1110.0
          ],
          [
            1877.2,
            1108.6
          ],
          [
            1876.6,
            1107.2
          ],
          [
            1876.0,
            1105.8
          ],
          [
            1875.4,
            1104.5
          ],
          [
            1874.8,
            1103.1
          ],
          [
            1874.2,
            1101.8
          ],
          [
            1873.5,
            1100.4
          ],
          [
            1873.0,
            1099.0
          ],
          [
            1872.3,
            1097.7
          ],
          [
            1871.8,
            1096.2
          ],
          [
            1871.2,
            1094.9
          ],
          [
            1870.5,
            1093.5
          ],
          [
            1870.0,
            1092.2
          ],
          [
            1869.3,
            1090.8
          ],
          [
            1868.8,
            1089.4
          ],
          [
            1868.2,
            1088.0
          ],
          [
            1867.5,
            1086.7
          ],
          [
            1867.0,
            1085.2
          ],
          [
            1866.3,
            1083.9
          ],
          [
            1865.8,
            1082.5
          ],
          [
            1865.2,
            1081.2
          ],
          [
            1864.6,
            1079.8
          ],
          [
            1864.0,
            1078.3
          ],
          [
            1863.4,
            1077.0
          ],
          [
            1862.8,
            1075.6
          ],
          [
            1862.2,
            1074.2
          ],
          [
            1861.7,
            1072.8
          ],
          [
            1861.1,
            1071.5
          ],
          [
            1860.5,
            1070.0
          ],
          [
            1860.0,
            1068.7
          ],
          [
            1859.5,
            1067.2
          ],
          [
            1858.9,
            1065.9
          ],
          [
            1858.3,
            1064.5
          ],
          [
            1857.8,
            1063.1
          ],
          [
            1857.2,
            1061.7
          ],
          [
            1856.7,
            1060.3
          ],
          [
            1856.2,
            1058.9
          ],
          [
            1855.7,
            1057.5
          ],
          [
            1855.2,
            1056.0
          ],
          [
            1854.6,
            1054.7
          ],
          [
            1854.1,
            1053.2
          ],
          [
            1853.5,
            1051.8
          ],
          [
            1853.0,
            1050.5
          ],
          [
            1852.5,
            1049.0
          ],
          [
            1852.0,
            1047.7
          ],
          [
            1851.5,
            1046.2
          ],
          [
            1851.0,
            1044.8
          ],
          [
            1850.5,
            1043.4
          ],
          [
            1850.0,
            1042.0
          ],
          [
            1849.5,
            1040.5
          ],
          [
            1849.0,
            1039.2
          ],
          [
            1848.5,
            1037.8
          ],
          [
            1848.0,
            1036.3
          ],
          [
            1847.5,
            1034.9
          ],
          [
            1847.0,
            1033.5
          ],
          [
            1846.5,
            1032.0
          ],
          [
            1846.0,
            1030.7
          ],
          [
            1845.5,
            1029.2
          ],
          [
            1845.0,
            1027.8
          ],
          [
            1844.5,
            1026.4
          ],
          [
            1844.0,
            1025.0
          ],
          [
            1843.5,
            1023.6
          ],
          [
            1843.0,
            1022.2
          ],
          [
            1842.5,
            1020.8
          ],
          [
            1842.0,
            1019.3
          ],
          [
            1841.5,
            1017.9
          ],
          [
            1841.0,
            1016.5
          ],
          [
            1840.5,
            1015.1
          ],
          [
            1840.0,
            1013.7
          ],
          [
            1839.5,
            1012.2
          ],
          [
            1839.0,
            1010.8
          ],
          [
            1838.5,
            1009.5
          ],
          [
            1838.0,
            1008.0
          ],
          [
            1837.5,
            1006.6
          ],
          [
            1837.0,
            1005.2
          ],
          [
            1836.5,
            1003.8
          ],
          [
            1836.0,
            1002.4
          ],
          [
            1835.5,
            1001.0
          ],
          [
            1835.0,
            999.5
          ],
          [
            1834.5,
            998.2
          ],
          [
            1833.9,
            996.8
          ],
          [
            1833.4,
            995.3
          ],
          [
            1832.8,
            994.0
          ],
          [
            1832.3,
            992.5
          ],
          [
            1831.8,
            991.2
          ],
          [
            1831.2,
            989.8
          ],
          [
            1830.7,
            988.3
          ],
          [
            1830.2,
            987.0
          ],
          [
            1829.6,
            985.5
          ],
          [
            1829.0,
            984.2
          ],
          [
            1828.5,
            982.8
          ],
          [
            1827.9,
            981.4
          ],
          [
            1827.3,
            980.0
          ],
          [
            1826.7,
            978.7
          ],
          [
            1826.2,
            977.2
          ],
          [
            1825.5,
            975.8
          ],
          [
            1825.0,
            974.5
          ],
          [
            1824.3,
            973.2
          ],
          [
            1823.7,
            971.8
          ],
          [
            1823.0,
            970.4
          ],
          [
            1822.5,
            969.0
          ],
          [
            1821.8,
            967.7
          ],
          [
            1821.2,
            966.3
          ],
          [
            1820.5,
            965.0
          ],
          [
            1819.8,
            963.7
          ],
          [
            1819.2,
            962.3
          ],
          [
            1818.5,
            961.0
          ],
          [
            1817.8,
            959.7
          ],
          [
            1817.0,
            958.3
          ],
          [
            1816.3,
            957.0
          ],
          [
            1815.7,
            955.7
          ],
          [
            1814.9,
            954.3
          ],
          [
            1814.2,
            953.0
          ],
          [
            1813.5,
            951.8
          ],
          [
            1812.7,
            950.5
          ],
          [
            1812.0,
            949.2
          ],
          [
            1811.2,
            947.8
          ],
          [
            1810.5,
            946.5
          ],
          [
            1809.7,
            945.2
          ],
          [
            1809.0,
            944.0
          ],
          [
            1808.2,
            942.7
          ],
          [
            1807.4,
            941.4
          ],
          [
            1806.6,
            940.1
          ],
          [
            1805.8,
            938.8
          ],
          [
            1805.0,
            937.5
          ],
          [
            1804.2,
            936.3
          ],
          [
            1803.4,
            935.0
          ],
          [
            1802.6,
            933.8
          ],
          [
            1801.8,
            932.5
          ],
          [
            1801.0,
            931.2
          ],
          [
            1800.2,
            930.0
          ],
          [
            1799.3,
            928.8
          ],
          [
            1798.5,
            927.5
          ],
          [
            1797.7,
            926.2
          ],
          [
            1796.8,
            925.0
          ],
          [
            1796.0,
            923.8
          ],
          [
            1795.2,
            922.5
          ],
          [
            1794.3,
            921.3
          ],
          [
            1793.4,
            920.0
          ],
          [
            1792.5,
            918.8
          ],
          [
            1791.7,
            917.6
          ],
          [
            1790.8,
            916.4
          ],
          [
            1790.0,
            915.2
          ],
          [
            1789.1,
            914.0
          ],
          [
            1788.2,
            912.7
          ],
          [
            1787.3,
            911.5
          ],
          [
            1786.5,
            910.3
          ],
          [
            1785.5,
            909.1
          ],
          [
            1784.7,
            907.9
          ],
          [
            1783.8,
            906.7
          ],
          [
            1782.9,
            905.5
          ],
          [
            1782.0,
            904.2
          ],
          [
            1781.0,
            903.1
          ],
          [
            1780.2,
            901.9
          ],
          [
            1779.2,
            900.7
          ],
          [
            1778.3,
            899.5
          ],
          [
            1777.4,
            898.3
          ],
          [
            1776.5,
            897.2
          ],
          [
            1775.6,
            896.0
          ],
          [
            1774.7,
            894.8
          ],
          [
            1773.7,
            893.6
          ],
          [
            1772.8,
            892.4
          ],
          [
            1771.8,
            891.2
          ],
          [
            1770.9,
            890.1
          ],
          [
            1770.0,
            888.9
          ],
          [
            1769.0,
            887.8
          ],
          [
            1768.0,
            886.6
          ],
          [
            1767.1,
            885.5
          ],
          [
            1766.1,
            884.3
          ],
          [
            1765.0,
            883.3
          ],
          [
            1763.9,
            882.3
          ],
          [
            1762.8,
            881.3
          ],
          [
            1761.5,
            880.4
          ],
          [
            1760.3,
            879.5
          ],
          [
            1759.0,
            878.8
          ],
          [
            1757.7,
            878.1
          ],
          [
            1756.3,
            877.5
          ],
          [
            1755.0,
            876.8
          ],
          [
            1753.5,
            876.3
          ],
          [
            1752.2,
            875.9
          ],
          [
            1750.7,
            875.5
          ],
          [
            1749.2,
            875.2
          ],
          [
            1747.8,
            874.8
          ],
          [
            1746.3,
            874.5
          ],
          [
            1744.9,
            874.0
          ],
          [
            1743.6,
            873.2
          ],
          [
            1742.7,
            872.1
          ],
          [
            1742.4,
            870.6
          ],
          [
            1742.6,
            869.2
          ],
          [
            1743.1,
            867.8
          ],
          [
            1743.8,
            866.4
          ],
          [
            1744.7,
            865.2
          ],
          [
            1745.5,
            864.0
          ],
          [
            1746.5,
            862.8
          ],
          [
            1747.5,
            861.8
          ],
          [
            1748.7,
            860.7
          ],
          [
            1749.7,
            859.7
          ],
          [
            1750.8,
            858.7
          ],
          [
            1752.0,
            857.7
          ],
          [
            1753.0,
            856.7
          ],
          [
            1754.2,
            855.7
          ],
          [
            1755.3,
            854.7
          ],
          [
            1756.5,
            853.8
          ],
          [
            1757.7,
            852.8
          ],
          [
            1758.8,
            851.8
          ],
          [
            1760.0,
            850.9
          ],
          [
            1761.1,
            849.9
          ],
          [
            1762.2,
            849.0
          ],
          [
            1763.4,
            848.0
          ],
          [
            1764.5,
            847.0
          ],
          [
            1765.7,
            846.0
          ],
          [
            1766.8,
            845.1
          ],
          [
            1768.0,
            844.1
          ],
          [
            1769.1,
            843.1
          ],
          [
            1770.2,
            842.0
          ],
          [
            1771.3,
            841.0
          ],
          [
            1772.3,
            840.0
          ],
          [
            1773.4,
            839.0
          ],
          [
            1774.5,
            837.8
          ],
          [
            1775.5,
            836.8
          ],
          [
            1776.5,
            835.7
          ],
          [
            1777.4,
            834.5
          ],
          [
            1778.3,
            833.3
          ],
          [
            1779.3,
            832.1
          ],
          [
            1780.2,
            831.0
          ],
          [
            1781.1,
            829.8
          ],
          [
            1782.0,
            828.5
          ],
          [
            1782.8,
            827.3
          ],
          [
            1783.8,
            826.1
          ],
          [
            1784.6,
            824.8
          ],
          [
            1785.5,
            823.7
          ],
          [
            1786.3,
            822.4
          ],
          [
            1787.2,
            821.2
          ],
          [
            1788.0,
            819.9
          ],
          [
            1788.8,
            818.7
          ],
          [
            1789.7,
            817.5
          ],
          [
            1790.5,
            816.2
          ],
          [
            1791.3,
            814.9
          ],
          [
            1792.2,
            813.7
          ],
          [
            1793.0,
            812.4
          ],
          [
            1793.8,
            811.2
          ],
          [
            1794.6,
            809.9
          ],
          [
            1795.4,
            808.7
          ],
          [
            1796.2,
            807.3
          ],
          [
            1797.0,
            806.1
          ],
          [
            1797.8,
            804.8
          ],
          [
            1798.6,
            803.5
          ],
          [
            1799.4,
            802.3
          ],
          [
            1800.2,
            801.0
          ],
          [
            1801.0,
            799.8
          ],
          [
            1801.8,
            798.5
          ],
          [
            1802.7,
            797.2
          ],
          [
            1803.5,
            796.0
          ],
          [
            1804.2,
            794.7
          ],
          [
            1805.0,
            793.5
          ],
          [
            1805.9,
            792.2
          ],
          [
            1806.0,
            792.0
          ]
        ]
      },
      "properties": {
        "id": "gameplay.path.1",
        "name": "gameplay.path.1",
        "category": "gameplay",
        "kind": "enemy_path",
        "layer": 75,
        "playable": true,
        "insidePlayArea": true,
        "pathIndex": 1,
        "widthPx": 140.0
      }
    },
    {
      "type": "Feature",
      "id": "gameplay.entry.1",
      "geometry": {
        "type": "Point",
        "coordinates": [
          2009.5,
          1466.5
        ]
      },
      "properties": {
        "id": "gameplay.entry.1",
        "name": "gameplay.entry.1",
        "category": "gameplay",
        "kind": "spawn_point",
        "layer": 75,
        "playable": true,
        "insidePlayArea": true,
        "pathIndex": 1
      }
    },
    {
      "type": "Feature",
      "id": "gameplay.exit.0",
      "geometry": {
        "type": "Point",
        "coordinates": [
          1806.0,
          792.0
        ]
      },
      "properties": {
        "id": "gameplay.exit.0",
        "name": "gameplay.exit.0",
        "category": "gameplay",
        "kind": "goal_point",
        "layer": 75,
        "playable": true,
        "insidePlayArea": true,
        "pathIndexes": [
          0,
          1
        ]
      }
    },
    {
      "type": "Feature",
      "id": "gameplay.tower_slot.1",
      "geometry": {
        "type": "Point",
        "coordinates": [
          1963.0,
          1277.5
        ]
      },
      "properties": {
        "id": "gameplay.tower_slot.1",
        "name": "gameplay.tower_slot.1",
        "category": "gameplay",
        "kind": "tower_slot",
        "layer": 75,
        "playable": true,
        "insidePlayArea": true,
        "slotIndex": 0,
        "slotNumber": 1
      }
    },
    {
      "type": "Feature",
      "id": "gameplay.tower_slot.2",
      "geometry": {
        "type": "Point",
        "coordinates": [
          1077.5,
          1064.0
        ]
      },
      "properties": {
        "id": "gameplay.tower_slot.2",
        "name": "gameplay.tower_slot.2",
        "category": "gameplay",
        "kind": "tower_slot",
        "layer": 75,
        "playable": true,
        "insidePlayArea": true,
        "slotIndex": 1,
        "slotNumber": 2
      }
    },
    {
      "type": "Feature",
      "id": "gameplay.tower_slot.3",
      "geometry": {
        "type": "Point",
        "coordinates": [
          1802.5,
          1312.0
        ]
      },
      "properties": {
        "id": "gameplay.tower_slot.3",
        "name": "gameplay.tower_slot.3",
        "category": "gameplay",
        "kind": "tower_slot",
        "layer": 75,
        "playable": true,
        "insidePlayArea": true,
        "slotIndex": 2,
        "slotNumber": 3
      }
    },
    {
      "type": "Feature",
      "id": "gameplay.tower_slot.4",
      "geometry": {
        "type": "Point",
        "coordinates": [
          1308.0,
          836.5
        ]
      },
      "properties": {
        "id": "gameplay.tower_slot.4",
        "name": "gameplay.tower_slot.4",
        "category": "gameplay",
        "kind": "tower_slot",
        "layer": 75,
        "playable": true,
        "insidePlayArea": true,
        "slotIndex": 3,
        "slotNumber": 4
      }
    },
    {
      "type": "Feature",
      "id": "gameplay.tower_slot.5",
      "geometry": {
        "type": "Point",
        "coordinates": [
          1863.0,
          1136.0
        ]
      },
      "properties": {
        "id": "gameplay.tower_slot.5",
        "name": "gameplay.tower_slot.5",
        "category": "gameplay",
        "kind": "tower_slot",
        "layer": 75,
        "playable": true,
        "insidePlayArea": true,
        "slotIndex": 4,
        "slotNumber": 5
      }
    },
    {
      "type": "Feature",
      "id": "gameplay.tower_slot.6",
      "geometry": {
        "type": "Point",
        "coordinates": [
          1633.5,
          792.0
        ]
      },
      "properties": {
        "id": "gameplay.tower_slot.6",
        "name": "gameplay.tower_slot.6",
        "category": "gameplay",
        "kind": "tower_slot",
        "layer": 75,
        "playable": true,
        "insidePlayArea": true,
        "slotIndex": 5,
        "slotNumber": 6
      }
    },
    {
      "type": "Feature",
      "id": "gameplay.tower_slot.7",
      "geometry": {
        "type": "Point",
        "coordinates": [
          896.5,
          1324.0
        ]
      },
      "properties": {
        "id": "gameplay.tower_slot.7",
        "name": "gameplay.tower_slot.7",
        "category": "gameplay",
        "kind": "tower_slot",
        "layer": 75,
        "playable": true,
        "insidePlayArea": true,
        "slotIndex": 6,
        "slotNumber": 7
      }
    },
    {
      "type": "Feature",
      "id": "gameplay.tower_slot.8",
      "geometry": {
        "type": "Point",
        "coordinates": [
          1833.5,
          967.5
        ]
      },
      "properties": {
        "id": "gameplay.tower_slot.8",
        "name": "gameplay.tower_slot.8",
        "category": "gameplay",
        "kind": "tower_slot",
        "layer": 75,
        "playable": true,
        "insidePlayArea": true,
        "slotIndex": 7,
        "slotNumber": 8
      }
    },
    {
      "type": "Feature",
      "id": "gameplay.tower_slot.9",
      "geometry": {
        "type": "Point",
        "coordinates": [
          953.5,
          1179.0
        ]
      },
      "properties": {
        "id": "gameplay.tower_slot.9",
        "name": "gameplay.tower_slot.9",
        "category": "gameplay",
        "kind": "tower_slot",
        "layer": 75,
        "playable": true,
        "insidePlayArea": true,
        "slotIndex": 8,
        "slotNumber": 9
      }
    },
    {
      "type": "Feature",
      "id": "gameplay.tower_slot.10",
      "geometry": {
        "type": "Point",
        "coordinates": [
          1660.0,
          1000.0
        ]
      },
      "properties": {
        "id": "gameplay.tower_slot.10",
        "name": "gameplay.tower_slot.10",
        "category": "gameplay",
        "kind": "tower_slot",
        "layer": 75,
        "playable": true,
        "insidePlayArea": true,
        "slotIndex": 9,
        "slotNumber": 10
      }
    },
    {
      "type": "Feature",
      "id": "gameplay.call_wave_button.0",
      "geometry": {
        "type": "Point",
        "coordinates": [
          761.9,
          1421.0
        ]
      },
      "properties": {
        "id": "gameplay.call_wave_button.0",
        "name": "gameplay.call_wave_button.0",
        "category": "gameplay",
        "kind": "call_wave_button",
        "layer": 100,
        "playable": true,
        "insidePlayArea": true,
        "pathIndices": [
          0
        ]
      }
    },
    {
      "type": "Feature",
      "id": "gameplay.call_wave_button.1",
      "geometry": {
        "type": "Point",
        "coordinates": [
          2000.0,
          1421.0
        ]
      },
      "properties": {
        "id": "gameplay.call_wave_button.1",
        "name": "gameplay.call_wave_button.1",
        "category": "gameplay",
        "kind": "call_wave_button",
        "layer": 100,
        "playable": true,
        "insidePlayArea": true,
        "pathIndices": [
          1
        ]
      }
    },
    {
      "type": "Feature",
      "id": "gameplay.hero_spawn.primary",
      "geometry": {
        "type": "Point",
        "coordinates": [
          1806,
          812.5614489747068
        ]
      },
      "properties": {
        "id": "gameplay.hero_spawn.primary",
        "name": "Primary hero start",
        "category": "gameplay",
        "kind": "hero_spawn",
        "layer": 75,
        "playable": true,
        "insidePlayArea": true,
        "heroRoles": [
          "primary"
        ]
      }
    },
    {
      "type": "Feature",
      "id": "gameplay.hero_spawn.secondary",
      "geometry": {
        "type": "Point",
        "coordinates": [
          1669.0416663868527,
          807.1100207523987
        ]
      },
      "properties": {
        "id": "gameplay.hero_spawn.secondary",
        "name": "Secondary hero start",
        "category": "gameplay",
        "kind": "hero_spawn",
        "layer": 75,
        "playable": true,
        "insidePlayArea": true,
        "heroRoles": [
          "secondary"
        ]
      }
    }
  ],
  "heroCount": 2
}
