{
  "type": "FeatureCollection",
  "name": "level_01_battle_road",
  "coordinateReferenceSystem": {
    "type": "local-cartesian",
    "note": "NOT WGS84. [x, y] in canonical game units, origin LOWER-LEFT, +x right, +y UP. This is the single coordinate space shared by the LevelEditor, the Simulator and the game, and by the stored level geometry. Nothing rescales: use these numbers verbatim. Map artwork is exactly 2868x2064 in this same space.",
    "canvas": {
      "width": 2868.0,
      "height": 2064.0
    },
    "playArea": {
      "x": 474.0,
      "y": 492.0,
      "width": 1920.0,
      "height": 1080.0
    }
  },
  "style": {
    "note": "Suggested paint values. Keys are matched category.kind, then category.",
    "background": "#f7f4ec",
    "grid": "#dfdacd",
    "byKind": {
      "water.river": {
        "stroke": "#96c4de",
        "casing": "#4a84aa",
        "casingWidth": 3
      },
      "water.lake": {
        "fill": "#96c4de",
        "stroke": "#4a84aa",
        "strokeWidth": 3
      },
      "water.sea": {
        "fill": "#96c4de",
        "stroke": "#4a84aa",
        "strokeWidth": 3
      },
      "water.bay": {
        "fill": "#96c4de",
        "stroke": "#4a84aa",
        "strokeWidth": 3
      },
      "terrain.woodland": {
        "fill": "#96b28a",
        "stroke": "#5c7a52",
        "strokeWidth": 3,
        "alpha": 150
      },
      "terrain.farmland": {
        "fill": "#ded6b0",
        "stroke": "#9d9569",
        "strokeWidth": 3,
        "alpha": 150
      },
      "terrain.hill": {
        "fill": "#c6bea0",
        "stroke": "#8e8663",
        "strokeWidth": 3,
        "alpha": 150
      },
      "terrain.marsh": {
        "fill": "#a9bfa2",
        "stroke": "#6f8a68",
        "strokeWidth": 3,
        "alpha": 150
      },
      "vessel.small_craft": {
        "fill": "#4a6488"
      },
      "settlement.town": {
        "fill": "#ceb298",
        "stroke": "#966c4c",
        "strokeWidth": 3,
        "alpha": 170,
        "emphasisFill": "#e0a35c",
        "emphasisStroke": "#8a4a1e",
        "emphasisStrokeWidth": 6,
        "emphasisAlpha": 225
      },
      "bridge.bridge_centreline": {
        "stroke": "#5a3e1e",
        "casing": null,
        "casingWidth": 0
      },
      "bridge.bridge_deck": {
        "fill": "#8a6438",
        "stroke": "#5a3e1e",
        "strokeWidth": 4,
        "alpha": 255
      },
      "bridge.bridge_railing": {
        "stroke": "#563a1c",
        "casing": null,
        "casingWidth": 0
      },
      "gameplay.enemy_path": {
        "stroke": "#243454",
        "casing": "#ffffff",
        "casingWidth": 14,
        "arrow": "#ffffff",
        "arrowEveryPx": 150
      },
      "gameplay.spawn_point": {
        "fill": "#247038",
        "stroke": "#ffffff",
        "radiusPx": 30
      },
      "gameplay.goal_point": {
        "fill": "#a32828",
        "stroke": "#ffffff",
        "radiusPx": 30
      },
      "gameplay.tower_slot": {
        "fill": "#1f3a63",
        "emphasisFill": "#b02030",
        "stroke": "#c9973f",
        "radiusPx": 27,
        "emphasisRadiusPx": 32,
        "rangeAlpha": 12,
        "emphasisRangeAlpha": 22
      },
      "building.structure": {
        "fill": "#684e2e",
        "stroke": "#ffffff",
        "strokeWidth": 2
      },
      "battle_marker.engagement": {
        "stroke": "#b02030",
        "strokeWidth": 5,
        "radiusPx": 15
      },
      "vessel.ship_of_the_line": {
        "fill": "#344a6e"
      },
      "boundary.play_area": {
        "stroke": "#b72234",
        "strokeWidth": 5,
        "fill": null
      },
      "boundary.canvas": {
        "stroke": null,
        "fill": null
      }
    },
    "labelColorByCategory": {
      "water": "#4a84aa",
      "terrain": "#566a44",
      "settlement": "#966c4c",
      "bridge": "#7a5830",
      "building": "#684e2e",
      "battle_marker": "#b02030",
      "vessel": "#344a6e",
      "gameplay": "#1f3a63",
      "boundary": "#b72234"
    }
  },
  "metadata": {
    "level": 1,
    "levelName": "Battle Road",
    "title": "Lexington & Concord, 19 April 1775 - the British retreat",
    "entry": "Old North Bridge (west)",
    "exit": "Charlestown / Boston (east)",
    "towerRangeL1DesignUnits": 140.0,
    "categories": [
      "boundary",
      "water",
      "terrain",
      "settlement",
      "gameplay",
      "bridge",
      "building",
      "vessel",
      "battle_marker"
    ],
    "paintOrder": "ascending properties.layer",
    "sources": [
      "Images/Level Maps/01/battle-road-map-1..5",
      "https://en.wikipedia.org/wiki/Bloody_Angle_(Lexington_and_Concord)",
      "https://en.wikipedia.org/wiki/Battle_Road_Trail",
      "https://www.battlefields.org/visit/heritage-sites/jason-russell-house",
      "https://arlingtonhistorical.org/learn/articles/the-battle-of-menotomy/"
    ],
    "labels": {
      "note": "Every visible feature carries properties.label. Draw label.text at label.anchor - canonical units, LOWER-left of the text box, +y up - using label.fontSizePx and label.fontWeight. The anchor always sits within 110px of the feature it names, so the label reads as belonging to it. Do NOT draw leader lines - there are none, and the text is already next to its feature.",
      "maxOffsetPx": 110,
      "placed": 106,
      "unplaced": [
        "6. Angle: east shoulder",
        "4. Angle: west shoulder",
        "3. Angle: inner bend",
        "Battle Road",
        "Enemy entry (Old North Bridge)",
        "Old North Bridge",
        "Bloody Angle woods",
        "Meriam's Corner fields",
        "Great Meadows marsh",
        "Concord River",
        "Mill Brook",
        "Shawsheen River",
        "Wright Tavern",
        "Cooper's Tavern",
        "Concord Meetinghouse",
        "Barrett's Mill",
        "Needham Meetinghouse",
        "Troop transport"
      ],
      "fontFamily": "system sans (Arial / Helvetica); substitute the game's UI face"
    }
  },
  "features": [
    {
      "type": "Feature",
      "id": "boundary.canvas",
      "geometry": {
        "type": "Polygon",
        "coordinates": [
          [
            [
              0,
              0
            ],
            [
              2868.0,
              0
            ],
            [
              2868.0,
              2064.0
            ],
            [
              0,
              2064.0
            ],
            [
              0,
              0
            ]
          ]
        ]
      },
      "properties": {
        "id": "boundary.canvas",
        "name": "Canvas bounds",
        "category": "boundary",
        "kind": "canvas",
        "layer": 0,
        "playable": false,
        "insidePlayArea": true,
        "note": "Full art canvas, 2868 x 2064."
      }
    },
    {
      "type": "Feature",
      "id": "boundary.play_area",
      "geometry": {
        "type": "Polygon",
        "coordinates": [
          [
            [
              474.0,
              2052.0
            ],
            [
              2394.0,
              2052.0
            ],
            [
              2394.0,
              12.0
            ],
            [
              474.0,
              12.0
            ],
            [
              474.0,
              2052.0
            ]
          ]
        ]
      },
      "properties": {
        "id": "boundary.play_area",
        "name": "Play area",
        "category": "boundary",
        "kind": "play_area",
        "layer": 0,
        "playable": false,
        "insidePlayArea": true,
        "note": "Gameplay bounds, 1920 x 1080 at (474, 492); 16:9."
      }
    },
    {
      "type": "Feature",
      "id": "gameplay.road",
      "geometry": {
        "type": "LineString",
        "coordinates": [
          [
            550.8,
            815.99
          ],
          [
            555.6,
            816.31
          ],
          [
            560.4,
            816.62
          ],
          [
            565.2,
            816.91
          ],
          [
            570.0,
            817.16
          ],
          [
            574.8,
            817.39
          ],
          [
            579.61,
            817.58
          ],
          [
            584.41,
            817.73
          ],
          [
            589.22,
            817.83
          ],
          [
            594.03,
            817.88
          ],
          [
            598.84,
            817.86
          ],
          [
            603.64,
            817.76
          ],
          [
            608.45,
            817.58
          ],
          [
            613.25,
            817.33
          ],
          [
            618.05,
            817.01
          ],
          [
            622.84,
            816.63
          ],
          [
            627.63,
            816.2
          ],
          [
            632.41,
            815.72
          ],
          [
            637.19,
            815.19
          ],
          [
            641.97,
            814.61
          ],
          [
            646.74,
            813.99
          ],
          [
            651.5,
            813.34
          ],
          [
            656.26,
            812.64
          ],
          [
            661.01,
            811.92
          ],
          [
            665.76,
            811.16
          ],
          [
            670.5,
            810.37
          ],
          [
            675.24,
            809.56
          ],
          [
            679.98,
            808.73
          ],
          [
            684.71,
            807.88
          ],
          [
            689.44,
            807.02
          ],
          [
            694.17,
            806.14
          ],
          [
            698.89,
            805.25
          ],
          [
            703.62,
            804.35
          ],
          [
            708.34,
            803.45
          ],
          [
            713.06,
            802.54
          ],
          [
            717.79,
            801.64
          ],
          [
            722.51,
            800.75
          ],
          [
            727.24,
            799.86
          ],
          [
            731.96,
            798.98
          ],
          [
            736.69,
            798.1
          ],
          [
            741.41,
            797.2
          ],
          [
            746.13,
            796.27
          ],
          [
            750.84,
            795.31
          ],
          [
            755.55,
            794.31
          ],
          [
            760.24,
            793.28
          ],
          [
            764.94,
            792.23
          ],
          [
            769.62,
            791.16
          ],
          [
            774.31,
            790.07
          ],
          [
            778.99,
            788.97
          ],
          [
            783.66,
            787.85
          ],
          [
            788.34,
            786.73
          ],
          [
            793.01,
            785.6
          ],
          [
            797.69,
            784.47
          ],
          [
            802.36,
            783.34
          ],
          [
            807.04,
            782.21
          ],
          [
            811.71,
            781.09
          ],
          [
            816.39,
            779.98
          ],
          [
            821.07,
            778.88
          ],
          [
            825.75,
            777.79
          ],
          [
            830.44,
            776.72
          ],
          [
            835.13,
            775.67
          ],
          [
            839.83,
            774.65
          ],
          [
            844.54,
            773.65
          ],
          [
            849.25,
            772.69
          ],
          [
            853.96,
            771.76
          ],
          [
            858.69,
            770.86
          ],
          [
            863.42,
            770.01
          ],
          [
            868.16,
            769.2
          ],
          [
            872.91,
            768.43
          ],
          [
            877.66,
            767.68
          ],
          [
            882.41,
            766.95
          ],
          [
            887.17,
            766.24
          ],
          [
            891.92,
            765.54
          ],
          [
            896.68,
            764.86
          ],
          [
            901.44,
            764.19
          ],
          [
            906.21,
            763.53
          ],
          [
            910.97,
            762.9
          ],
          [
            915.74,
            762.28
          ],
          [
            920.51,
            761.68
          ],
          [
            925.29,
            761.1
          ],
          [
            930.06,
            760.54
          ],
          [
            934.84,
            760.0
          ],
          [
            939.62,
            759.48
          ],
          [
            944.4,
            758.98
          ],
          [
            949.19,
            758.51
          ],
          [
            953.97,
            758.05
          ],
          [
            958.76,
            757.63
          ],
          [
            963.56,
            757.23
          ],
          [
            968.35,
            756.85
          ],
          [
            973.15,
            756.51
          ],
          [
            977.94,
            756.19
          ],
          [
            982.74,
            755.9
          ],
          [
            987.54,
            755.64
          ],
          [
            992.35,
            755.42
          ],
          [
            997.15,
            755.23
          ],
          [
            1001.96,
            755.08
          ],
          [
            1006.77,
            754.97
          ],
          [
            1011.57,
            754.9
          ],
          [
            1016.38,
            754.86
          ],
          [
            1021.19,
            754.87
          ],
          [
            1026.0,
            754.91
          ],
          [
            1030.81,
            754.99
          ],
          [
            1035.61,
            755.1
          ],
          [
            1040.42,
            755.25
          ],
          [
            1045.22,
            755.43
          ],
          [
            1050.03,
            755.64
          ],
          [
            1054.83,
            755.89
          ],
          [
            1059.63,
            756.16
          ],
          [
            1064.43,
            756.47
          ],
          [
            1069.23,
            756.81
          ],
          [
            1074.02,
            757.18
          ],
          [
            1078.81,
            757.58
          ],
          [
            1083.6,
            758.01
          ],
          [
            1088.39,
            758.46
          ],
          [
            1093.17,
            758.95
          ],
          [
            1097.95,
            759.47
          ],
          [
            1102.73,
            760.02
          ],
          [
            1107.5,
            760.6
          ],
          [
            1112.27,
            761.21
          ],
          [
            1117.03,
            761.87
          ],
          [
            1121.79,
            762.58
          ],
          [
            1126.54,
            763.35
          ],
          [
            1131.27,
            764.19
          ],
          [
            1135.99,
            765.09
          ],
          [
            1140.71,
            766.05
          ],
          [
            1145.41,
            767.06
          ],
          [
            1150.1,
            768.11
          ],
          [
            1154.78,
            769.21
          ],
          [
            1159.46,
            770.33
          ],
          [
            1164.12,
            771.49
          ],
          [
            1168.79,
            772.67
          ],
          [
            1173.45,
            773.85
          ],
          [
            1178.1,
            775.04
          ],
          [
            1182.76,
            776.24
          ],
          [
            1187.41,
            777.47
          ],
          [
            1192.05,
            778.74
          ],
          [
            1196.67,
            780.06
          ],
          [
            1201.28,
            781.43
          ],
          [
            1205.88,
            782.84
          ],
          [
            1210.46,
            784.3
          ],
          [
            1215.02,
            785.83
          ],
          [
            1219.52,
            787.52
          ],
          [
            1223.93,
            789.43
          ],
          [
            1228.21,
            791.62
          ],
          [
            1232.34,
            794.08
          ],
          [
            1236.32,
            796.79
          ],
          [
            1240.14,
            799.7
          ],
          [
            1243.83,
            802.78
          ],
          [
            1247.39,
            806.02
          ],
          [
            1250.81,
            809.4
          ],
          [
            1254.1,
            812.9
          ],
          [
            1257.26,
            816.53
          ],
          [
            1260.3,
            820.25
          ],
          [
            1263.22,
            824.07
          ],
          [
            1266.02,
            827.98
          ],
          [
            1268.72,
            831.96
          ],
          [
            1271.3,
            836.02
          ],
          [
            1273.79,
            840.13
          ],
          [
            1276.17,
            844.31
          ],
          [
            1278.46,
            848.54
          ],
          [
            1280.65,
            852.82
          ],
          [
            1282.76,
            857.14
          ],
          [
            1284.77,
            861.51
          ],
          [
            1286.71,
            865.91
          ],
          [
            1288.56,
            870.35
          ],
          [
            1290.33,
            874.82
          ],
          [
            1292.03,
            879.32
          ],
          [
            1293.64,
            883.84
          ],
          [
            1295.19,
            888.4
          ],
          [
            1296.66,
            892.97
          ],
          [
            1298.07,
            897.57
          ],
          [
            1299.4,
            902.19
          ],
          [
            1300.67,
            906.83
          ],
          [
            1301.87,
            911.49
          ],
          [
            1303.01,
            916.16
          ],
          [
            1304.09,
            920.84
          ],
          [
            1305.1,
            925.55
          ],
          [
            1306.05,
            930.26
          ],
          [
            1306.94,
            934.98
          ],
          [
            1307.77,
            939.72
          ],
          [
            1308.55,
            944.47
          ],
          [
            1309.26,
            949.22
          ],
          [
            1309.91,
            953.99
          ],
          [
            1310.5,
            958.76
          ],
          [
            1311.03,
            963.54
          ],
          [
            1311.52,
            968.32
          ],
          [
            1311.95,
            973.11
          ],
          [
            1312.35,
            977.9
          ],
          [
            1312.69,
            982.7
          ],
          [
            1312.99,
            987.5
          ],
          [
            1313.24,
            992.3
          ],
          [
            1313.46,
            997.1
          ],
          [
            1313.67,
            1001.9
          ],
          [
            1313.89,
            1006.71
          ],
          [
            1314.1,
            1011.51
          ],
          [
            1314.32,
            1016.32
          ],
          [
            1314.53,
            1021.12
          ],
          [
            1314.75,
            1025.92
          ],
          [
            1315.0,
            1030.72
          ],
          [
            1315.3,
            1035.52
          ],
          [
            1315.64,
            1040.32
          ],
          [
            1316.03,
            1045.11
          ],
          [
            1316.47,
            1049.9
          ],
          [
            1316.95,
            1054.69
          ],
          [
            1317.48,
            1059.46
          ],
          [
            1318.07,
            1064.24
          ],
          [
            1318.72,
            1069.0
          ],
          [
            1319.43,
            1073.76
          ],
          [
            1320.2,
            1078.5
          ],
          [
            1321.03,
            1083.24
          ],
          [
            1321.92,
            1087.96
          ],
          [
            1322.87,
            1092.68
          ],
          [
            1323.88,
            1097.38
          ],
          [
            1324.95,
            1102.07
          ],
          [
            1326.08,
            1106.74
          ],
          [
            1327.28,
            1111.4
          ],
          [
            1328.55,
            1116.03
          ],
          [
            1329.88,
            1120.65
          ],
          [
            1331.28,
            1125.25
          ],
          [
            1332.75,
            1129.83
          ],
          [
            1334.3,
            1134.39
          ],
          [
            1335.91,
            1138.92
          ],
          [
            1337.6,
            1143.42
          ],
          [
            1339.37,
            1147.89
          ],
          [
            1341.22,
            1152.33
          ],
          [
            1343.15,
            1156.73
          ],
          [
            1345.17,
            1161.1
          ],
          [
            1347.27,
            1165.42
          ],
          [
            1349.46,
            1169.7
          ],
          [
            1351.74,
            1173.93
          ],
          [
            1354.12,
            1178.11
          ],
          [
            1356.6,
            1182.23
          ],
          [
            1359.19,
            1186.29
          ],
          [
            1361.88,
            1190.27
          ],
          [
            1364.68,
            1194.18
          ],
          [
            1367.59,
            1198.0
          ],
          [
            1370.62,
            1201.74
          ],
          [
            1373.78,
            1205.36
          ],
          [
            1377.07,
            1208.87
          ],
          [
            1380.48,
            1212.26
          ],
          [
            1384.03,
            1215.5
          ],
          [
            1387.72,
            1218.59
          ],
          [
            1391.54,
            1221.51
          ],
          [
            1395.51,
            1224.22
          ],
          [
            1399.63,
            1226.7
          ],
          [
            1403.9,
            1228.91
          ],
          [
            1408.3,
            1230.84
          ],
          [
            1412.8,
            1232.54
          ],
          [
            1417.36,
            1234.06
          ],
          [
            1421.95,
            1235.48
          ],
          [
            1426.57,
            1236.83
          ],
          [
            1431.21,
            1238.1
          ],
          [
            1435.87,
            1239.27
          ],
          [
            1440.57,
            1240.31
          ],
          [
            1445.29,
            1241.23
          ],
          [
            1450.02,
            1242.07
          ],
          [
            1454.77,
            1242.85
          ],
          [
            1459.52,
            1243.59
          ],
          [
            1464.27,
            1244.3
          ],
          [
            1469.04,
            1244.94
          ],
          [
            1473.81,
            1245.51
          ],
          [
            1478.6,
            1245.98
          ],
          [
            1483.39,
            1246.34
          ],
          [
            1488.19,
            1246.58
          ],
          [
            1493.0,
            1246.68
          ],
          [
            1497.81,
            1246.62
          ],
          [
            1502.61,
            1246.41
          ],
          [
            1507.41,
            1246.06
          ],
          [
            1512.19,
            1245.58
          ],
          [
            1516.97,
            1245.0
          ],
          [
            1521.73,
            1244.34
          ],
          [
            1526.48,
            1243.59
          ],
          [
            1531.22,
            1242.76
          ],
          [
            1535.94,
            1241.85
          ],
          [
            1540.65,
            1240.87
          ],
          [
            1545.34,
            1239.82
          ],
          [
            1550.01,
            1238.69
          ],
          [
            1554.67,
            1237.49
          ],
          [
            1559.31,
            1236.22
          ],
          [
            1563.92,
            1234.88
          ],
          [
            1568.52,
            1233.47
          ],
          [
            1573.1,
            1231.99
          ],
          [
            1577.65,
            1230.44
          ],
          [
            1582.17,
            1228.81
          ],
          [
            1586.66,
            1227.1
          ],
          [
            1591.12,
            1225.29
          ],
          [
            1595.53,
            1223.38
          ],
          [
            1599.9,
            1221.37
          ],
          [
            1604.22,
            1219.27
          ],
          [
            1608.51,
            1217.08
          ],
          [
            1612.75,
            1214.83
          ],
          [
            1616.97,
            1212.51
          ],
          [
            1621.15,
            1210.14
          ],
          [
            1625.31,
            1207.72
          ],
          [
            1629.44,
            1205.27
          ],
          [
            1633.56,
            1202.78
          ],
          [
            1637.65,
            1200.26
          ],
          [
            1641.74,
            1197.72
          ],
          [
            1645.81,
            1195.16
          ],
          [
            1649.87,
            1192.6
          ],
          [
            1653.94,
            1190.03
          ],
          [
            1658.0,
            1187.46
          ],
          [
            1662.07,
            1184.9
          ],
          [
            1666.16,
            1182.36
          ],
          [
            1670.25,
            1179.84
          ],
          [
            1674.34,
            1177.32
          ],
          [
            1678.43,
            1174.77
          ],
          [
            1682.48,
            1172.19
          ],
          [
            1686.49,
            1169.54
          ],
          [
            1690.47,
            1166.83
          ],
          [
            1694.41,
            1164.08
          ],
          [
            1698.32,
            1161.28
          ],
          [
            1702.22,
            1158.47
          ],
          [
            1706.11,
            1155.64
          ],
          [
            1710.0,
            1152.81
          ],
          [
            1713.89,
            1149.99
          ],
          [
            1717.8,
            1147.19
          ],
          [
            1721.73,
            1144.42
          ],
          [
            1725.68,
            1141.68
          ],
          [
            1729.67,
            1139.0
          ],
          [
            1733.7,
            1136.38
          ],
          [
            1737.78,
            1133.83
          ],
          [
            1741.92,
            1131.38
          ],
          [
            1746.13,
            1129.05
          ],
          [
            1750.41,
            1126.86
          ],
          [
            1754.76,
            1124.82
          ],
          [
            1759.18,
            1122.93
          ],
          [
            1763.66,
            1121.18
          ],
          [
            1768.18,
            1119.55
          ],
          [
            1772.75,
            1118.04
          ],
          [
            1777.35,
            1116.63
          ],
          [
            1781.97,
            1115.32
          ],
          [
            1786.63,
            1114.11
          ],
          [
            1791.31,
            1113.01
          ],
          [
            1796.01,
            1112.0
          ],
          [
            1800.73,
            1111.1
          ],
          [
            1805.47,
            1110.29
          ],
          [
            1810.23,
            1109.58
          ],
          [
            1815.0,
            1108.97
          ],
          [
            1819.78,
            1108.43
          ],
          [
            1824.56,
            1107.97
          ],
          [
            1829.36,
            1107.6
          ],
          [
            1834.16,
            1107.32
          ],
          [
            1838.96,
            1107.19
          ],
          [
            1843.77,
            1107.26
          ],
          [
            1848.57,
            1107.55
          ],
          [
            1853.35,
            1108.08
          ],
          [
            1858.1,
            1108.81
          ],
          [
            1862.83,
            1109.68
          ],
          [
            1867.54,
            1110.66
          ],
          [
            1872.23,
            1111.7
          ],
          [
            1876.92,
            1112.76
          ],
          [
            1881.61,
            1113.81
          ],
          [
            1886.32,
            1114.82
          ],
          [
            1891.03,
            1115.75
          ],
          [
            1895.77,
            1116.57
          ],
          [
            1900.54,
            1117.21
          ],
          [
            1905.33,
            1117.64
          ],
          [
            1910.13,
            1117.81
          ],
          [
            1914.94,
            1117.71
          ],
          [
            1919.73,
            1117.36
          ],
          [
            1924.51,
            1116.8
          ],
          [
            1929.26,
            1116.07
          ],
          [
            1934.0,
            1115.22
          ],
          [
            1938.71,
            1114.25
          ],
          [
            1943.39,
            1113.17
          ],
          [
            1948.05,
            1111.98
          ],
          [
            1952.68,
            1110.68
          ],
          [
            1957.28,
            1109.28
          ],
          [
            1961.85,
            1107.77
          ],
          [
            1966.38,
            1106.17
          ],
          [
            1970.88,
            1104.47
          ],
          [
            1975.34,
            1102.68
          ],
          [
            1979.77,
            1100.8
          ],
          [
            1984.16,
            1098.84
          ],
          [
            1988.51,
            1096.8
          ],
          [
            1992.82,
            1094.68
          ],
          [
            1997.09,
            1092.46
          ],
          [
            2001.3,
            1090.13
          ],
          [
            2005.43,
            1087.68
          ],
          [
            2009.48,
            1085.08
          ],
          [
            2013.44,
            1082.36
          ],
          [
            2017.32,
            1079.52
          ],
          [
            2021.14,
            1076.59
          ],
          [
            2024.89,
            1073.58
          ],
          [
            2028.59,
            1070.51
          ],
          [
            2032.24,
            1067.38
          ],
          [
            2035.86,
            1064.21
          ],
          [
            2039.45,
            1061.01
          ],
          [
            2043.01,
            1057.79
          ],
          [
            2046.57,
            1054.55
          ],
          [
            2050.11,
            1051.31
          ],
          [
            2053.66,
            1048.06
          ],
          [
            2057.22,
            1044.82
          ],
          [
            2060.79,
            1041.6
          ],
          [
            2064.39,
            1038.41
          ],
          [
            2068.03,
            1035.27
          ],
          [
            2071.71,
            1032.18
          ],
          [
            2075.44,
            1029.14
          ],
          [
            2079.19,
            1026.14
          ],
          [
            2082.96,
            1023.15
          ],
          [
            2086.72,
            1020.15
          ],
          [
            2090.45,
            1017.12
          ],
          [
            2094.15,
            1014.05
          ],
          [
            2097.84,
            1010.96
          ],
          [
            2101.51,
            1007.86
          ],
          [
            2105.19,
            1004.77
          ],
          [
            2108.88,
            1001.68
          ],
          [
            2112.59,
            998.62
          ],
          [
            2116.32,
            995.59
          ],
          [
            2120.08,
            992.59
          ],
          [
            2123.88,
            989.65
          ],
          [
            2127.73,
            986.77
          ],
          [
            2131.64,
            983.96
          ],
          [
            2135.61,
            981.25
          ],
          [
            2139.65,
            978.65
          ],
          [
            2143.78,
            976.18
          ],
          [
            2148.0,
            973.87
          ],
          [
            2152.3,
            971.73
          ],
          [
            2156.68,
            969.75
          ],
          [
            2161.12,
            967.9
          ],
          [
            2165.61,
            966.17
          ],
          [
            2170.13,
            964.55
          ],
          [
            2174.69,
            963.02
          ],
          [
            2179.29,
            961.6
          ],
          [
            2183.92,
            960.31
          ],
          [
            2188.59,
            959.16
          ],
          [
            2193.29,
            958.15
          ],
          [
            2198.02,
            957.31
          ],
          [
            2202.79,
            956.63
          ],
          [
            2207.57,
            956.15
          ],
          [
            2212.37,
            955.87
          ],
          [
            2217.18,
            955.81
          ],
          [
            2221.98,
            956.01
          ],
          [
            2226.77,
            956.47
          ],
          [
            2231.52,
            957.23
          ],
          [
            2236.21,
            958.28
          ],
          [
            2240.83,
            959.62
          ],
          [
            2245.37,
            961.2
          ],
          [
            2249.83,
            962.99
          ],
          [
            2254.21,
            964.97
          ],
          [
            2258.52,
            967.1
          ],
          [
            2262.77,
            969.36
          ],
          [
            2266.95,
            971.74
          ],
          [
            2271.07,
            974.21
          ],
          [
            2275.14,
            976.77
          ],
          [
            2279.17,
            979.4
          ],
          [
            2283.16,
            982.07
          ],
          [
            2287.13,
            984.79
          ],
          [
            2291.08,
            987.54
          ],
          [
            2295.0,
            990.32
          ],
          [
            2298.88,
            993.16
          ],
          [
            2302.7,
            996.08
          ],
          [
            2306.44,
            999.1
          ],
          [
            2310.09,
            1002.23
          ],
          [
            2313.67,
            1005.44
          ],
          [
            2317.2,
            1008.71
          ]
        ]
      },
      "properties": {
        "id": "gameplay.road",
        "name": "Battle Road",
        "category": "gameplay",
        "kind": "enemy_path",
        "layer": 40,
        "playable": true,
        "insidePlayArea": true,
        "widthPx": 102.0,
        "direction": "west_to_east",
        "lengthDesignUnits": 1611.7,
        "artNote": "Dirt road, cart ruts, stone walls either side.",
        "label": {
          "text": "Battle Road",
          "anchor": [
            1177.2,
            1228.5
          ],
          "align": "right",
          "fontSizePx": 34,
          "fontWeight": "bold",
          "color": "#1f3a63",
          "widthPx": 189.0,
          "heightPx": 38,
          "priority": 0
        }
      }
    },
    {
      "type": "Feature",
      "id": "gameplay.entry",
      "geometry": {
        "type": "Point",
        "coordinates": [
          550.8,
          815.99
        ]
      },
      "properties": {
        "id": "gameplay.entry",
        "name": "Enemy entry (Old North Bridge)",
        "category": "gameplay",
        "kind": "spawn_point",
        "layer": 75,
        "playable": true,
        "insidePlayArea": true,
        "side": "west",
        "pairsWith": "bridge.old_north",
        "artNote": "Enemies appear at the west end of the bridge.",
        "label": {
          "text": "Enemy entry (Old North Bridge)",
          "anchor": [
            241.8,
            892.3
          ],
          "align": "right",
          "fontSizePx": 34,
          "fontWeight": "bold",
          "color": "#1f3a63",
          "widthPx": 508.0,
          "heightPx": 38,
          "priority": 0
        }
      }
    },
    {
      "type": "Feature",
      "id": "gameplay.exit",
      "geometry": {
        "type": "Point",
        "coordinates": [
          2317.2,
          1008.71
        ]
      },
      "properties": {
        "id": "gameplay.exit",
        "name": "Exit (Charlestown)",
        "category": "gameplay",
        "kind": "goal_point",
        "layer": 75,
        "playable": true,
        "insidePlayArea": true,
        "side": "east",
        "pairsWith": "town.charlestown",
        "artNote": "Column escapes toward Charlestown Neck and the harbour.",
        "label": {
          "text": "Exit (Charlestown)",
          "anchor": [
            2192.5,
            1078.6
          ],
          "align": "right",
          "fontSizePx": 34,
          "fontWeight": "bold",
          "color": "#1f3a63",
          "widthPx": 297.0,
          "heightPx": 38,
          "priority": 0
        }
      }
    },
    {
      "type": "Feature",
      "id": "gameplay.tower_slot.1",
      "geometry": {
        "type": "Point",
        "coordinates": [
          758.03,
          925.37
        ]
      },
      "properties": {
        "id": "gameplay.tower_slot.1",
        "name": "Meriam's Corner",
        "category": "gameplay",
        "kind": "tower_slot",
        "layer": 75,
        "playable": true,
        "insidePlayArea": true,
        "slotIndex": 0,
        "slotNumber": 1,
        "footprint": {
          "shape": "ellipse",
          "widthPx": 179.64,
          "heightPx": 138.51,
          "ring": [
            [
              847.85,
              925.37
            ],
            [
              844.79,
              943.29
            ],
            [
              835.82,
              960.0
            ],
            [
              821.54,
              974.34
            ],
            [
              802.94,
              985.35
            ],
            [
              781.28,
              992.27
            ],
            [
              758.03,
              994.62
            ],
            [
              734.78,
              992.27
            ],
            [
              713.12,
              985.35
            ],
            [
              694.52,
              974.34
            ],
            [
              680.24,
              960.0
            ],
            [
              671.27,
              943.29
            ],
            [
              668.21,
              925.37
            ],
            [
              671.27,
              907.45
            ],
            [
              680.24,
              890.74
            ],
            [
              694.52,
              876.4
            ],
            [
              713.12,
              865.39
            ],
            [
              734.78,
              858.47
            ],
            [
              758.03,
              856.12
            ],
            [
              781.28,
              858.47
            ],
            [
              802.94,
              865.39
            ],
            [
              821.54,
              876.4
            ],
            [
              835.82,
              890.74
            ],
            [
              844.79,
              907.45
            ]
          ]
        },
        "labelText": "Meriam's Corner",
        "emphasis": false,
        "rangeAtL1Px": 168.0,
        "roadInRangeAtL1": 199.3,
        "note": "Opening slot on a straight run - the baseline.",
        "label": {
          "text": "1. Meriam's Corner",
          "anchor": [
            641.8,
            957.6
          ],
          "align": "right",
          "fontSizePx": 34,
          "fontWeight": "bold",
          "color": "#1f3a63",
          "widthPx": 303.0,
          "heightPx": 38,
          "priority": 0
        }
      }
    },
    {
      "type": "Feature",
      "id": "gameplay.tower_slot.2",
      "geometry": {
        "type": "Point",
        "coordinates": [
          1013.06,
          626.63
        ]
      },
      "properties": {
        "id": "gameplay.tower_slot.2",
        "name": "Brooks Hill",
        "category": "gameplay",
        "kind": "tower_slot",
        "layer": 75,
        "playable": true,
        "insidePlayArea": true,
        "slotIndex": 1,
        "slotNumber": 2,
        "footprint": {
          "shape": "ellipse",
          "widthPx": 179.64,
          "heightPx": 138.51,
          "ring": [
            [
              1102.88,
              626.63
            ],
            [
              1099.82,
              644.55
            ],
            [
              1090.85,
              661.26
            ],
            [
              1076.57,
              675.6
            ],
            [
              1057.97,
              686.61
            ],
            [
              1036.31,
              693.53
            ],
            [
              1013.06,
              695.88
            ],
            [
              989.81,
              693.53
            ],
            [
              968.15,
              686.61
            ],
            [
              949.55,
              675.6
            ],
            [
              935.27,
              661.26
            ],
            [
              926.3,
              644.55
            ],
            [
              923.24,
              626.63
            ],
            [
              926.3,
              608.71
            ],
            [
              935.27,
              592.0
            ],
            [
              949.55,
              577.66
            ],
            [
              968.15,
              566.65
            ],
            [
              989.81,
              559.73
            ],
            [
              1013.06,
              557.38
            ],
            [
              1036.31,
              559.73
            ],
            [
              1057.97,
              566.65
            ],
            [
              1076.57,
              577.66
            ],
            [
              1090.85,
              592.0
            ],
            [
              1099.82,
              608.71
            ]
          ]
        },
        "labelText": "Brooks Hill",
        "emphasis": false,
        "rangeAtL1Px": 168.0,
        "roadInRangeAtL1": 191.3,
        "note": "Low rise south of the road; thins the column before the bend.",
        "label": {
          "text": "2. Brooks Hill",
          "anchor": [
            875.2,
            569.7
          ],
          "align": "right",
          "fontSizePx": 34,
          "fontWeight": "bold",
          "color": "#1f3a63",
          "widthPx": 216.0,
          "heightPx": 38,
          "priority": 0
        }
      }
    },
    {
      "type": "Feature",
      "id": "gameplay.tower_slot.3",
      "geometry": {
        "type": "Point",
        "coordinates": [
          1477.84,
          1100.25
        ]
      },
      "properties": {
        "id": "gameplay.tower_slot.3",
        "name": "Bloody Angle - inner bend",
        "category": "gameplay",
        "kind": "tower_slot",
        "layer": 75,
        "playable": true,
        "insidePlayArea": true,
        "slotIndex": 2,
        "slotNumber": 3,
        "footprint": {
          "shape": "ellipse",
          "widthPx": 179.64,
          "heightPx": 138.51,
          "ring": [
            [
              1567.66,
              1100.25
            ],
            [
              1564.6,
              1118.17
            ],
            [
              1555.63,
              1134.88
            ],
            [
              1541.35,
              1149.22
            ],
            [
              1522.75,
              1160.23
            ],
            [
              1501.09,
              1167.15
            ],
            [
              1477.84,
              1169.51
            ],
            [
              1454.59,
              1167.15
            ],
            [
              1432.93,
              1160.23
            ],
            [
              1414.33,
              1149.22
            ],
            [
              1400.05,
              1134.88
            ],
            [
              1391.08,
              1118.17
            ],
            [
              1388.02,
              1100.25
            ],
            [
              1391.08,
              1082.33
            ],
            [
              1400.05,
              1065.62
            ],
            [
              1414.33,
              1051.28
            ],
            [
              1432.93,
              1040.27
            ],
            [
              1454.59,
              1033.35
            ],
            [
              1477.84,
              1030.99
            ],
            [
              1501.09,
              1033.35
            ],
            [
              1522.75,
              1040.27
            ],
            [
              1541.35,
              1051.28
            ],
            [
              1555.63,
              1065.62
            ],
            [
              1564.6,
              1082.33
            ]
          ]
        },
        "labelText": "Angle: inner bend",
        "emphasis": true,
        "rangeAtL1Px": 168.0,
        "roadInRangeAtL1": 347.6,
        "note": "Bloody Angle emplacement. Four slots ring the bend so the player can concentrate early towers where the column stays in range longest. Best position on the map.",
        "label": {
          "text": "3. Angle: inner bend",
          "anchor": [
            1387.2,
            1038.4
          ],
          "align": "right",
          "fontSizePx": 34,
          "fontWeight": "bold",
          "color": "#1f3a63",
          "widthPx": 326.0,
          "heightPx": 38,
          "priority": 0
        }
      }
    },
    {
      "type": "Feature",
      "id": "gameplay.tower_slot.4",
      "geometry": {
        "type": "Point",
        "coordinates": [
          1157.5,
          943.14
        ]
      },
      "properties": {
        "id": "gameplay.tower_slot.4",
        "name": "Bloody Angle - west shoulder",
        "category": "gameplay",
        "kind": "tower_slot",
        "layer": 75,
        "playable": true,
        "insidePlayArea": true,
        "slotIndex": 3,
        "slotNumber": 4,
        "footprint": {
          "shape": "ellipse",
          "widthPx": 179.64,
          "heightPx": 138.51,
          "ring": [
            [
              1247.32,
              943.14
            ],
            [
              1244.26,
              961.06
            ],
            [
              1235.29,
              977.77
            ],
            [
              1221.01,
              992.11
            ],
            [
              1202.41,
              1003.12
            ],
            [
              1180.75,
              1010.04
            ],
            [
              1157.5,
              1012.39
            ],
            [
              1134.25,
              1010.04
            ],
            [
              1112.59,
              1003.12
            ],
            [
              1093.99,
              992.11
            ],
            [
              1079.71,
              977.77
            ],
            [
              1070.74,
              961.06
            ],
            [
              1067.68,
              943.14
            ],
            [
              1070.74,
              925.22
            ],
            [
              1079.71,
              908.51
            ],
            [
              1093.99,
              894.17
            ],
            [
              1112.59,
              883.16
            ],
            [
              1134.25,
              876.24
            ],
            [
              1157.5,
              873.88
            ],
            [
              1180.75,
              876.24
            ],
            [
              1202.41,
              883.16
            ],
            [
              1221.01,
              894.17
            ],
            [
              1235.29,
              908.51
            ],
            [
              1244.26,
              925.22
            ]
          ]
        },
        "labelText": "Angle: west shoulder",
        "emphasis": true,
        "rangeAtL1Px": 168.0,
        "roadInRangeAtL1": 319.6,
        "note": "Bloody Angle emplacement. Four slots ring the bend so the player can concentrate early towers where the column stays in range longest. Covers the approach and the first sweep.",
        "label": {
          "text": "4. Angle: west shoulder",
          "anchor": [
            784.4,
            866.6
          ],
          "align": "right",
          "fontSizePx": 34,
          "fontWeight": "bold",
          "color": "#1f3a63",
          "widthPx": 380.0,
          "heightPx": 38,
          "priority": 0
        }
      }
    },
    {
      "type": "Feature",
      "id": "gameplay.tower_slot.5",
      "geometry": {
        "type": "Point",
        "coordinates": [
          1659.87,
          1339.22
        ]
      },
      "properties": {
        "id": "gameplay.tower_slot.5",
        "name": "Hartwell Tavern",
        "category": "gameplay",
        "kind": "tower_slot",
        "layer": 75,
        "playable": true,
        "insidePlayArea": true,
        "slotIndex": 4,
        "slotNumber": 5,
        "footprint": {
          "shape": "ellipse",
          "widthPx": 179.64,
          "heightPx": 138.51,
          "ring": [
            [
              1749.69,
              1339.22
            ],
            [
              1746.63,
              1357.14
            ],
            [
              1737.66,
              1373.85
            ],
            [
              1723.38,
              1388.19
            ],
            [
              1704.78,
              1399.2
            ],
            [
              1683.12,
              1406.12
            ],
            [
              1659.87,
              1408.47
            ],
            [
              1636.62,
              1406.12
            ],
            [
              1614.96,
              1399.2
            ],
            [
              1596.36,
              1388.19
            ],
            [
              1582.08,
              1373.85
            ],
            [
              1573.11,
              1357.14
            ],
            [
              1570.05,
              1339.22
            ],
            [
              1573.11,
              1321.3
            ],
            [
              1582.08,
              1304.59
            ],
            [
              1596.36,
              1290.25
            ],
            [
              1614.96,
              1279.24
            ],
            [
              1636.62,
              1272.32
            ],
            [
              1659.87,
              1269.97
            ],
            [
              1683.12,
              1272.32
            ],
            [
              1704.78,
              1279.24
            ],
            [
              1723.38,
              1290.25
            ],
            [
              1737.66,
              1304.59
            ],
            [
              1746.63,
              1321.3
            ]
          ]
        },
        "labelText": "Hartwell Tavern",
        "emphasis": false,
        "rangeAtL1Px": 168.0,
        "roadInRangeAtL1": 180.3,
        "note": "North of the road where it straightens out.",
        "label": {
          "text": "5. Hartwell Tavern",
          "anchor": [
            1536.0,
            1410.3
          ],
          "align": "right",
          "fontSizePx": 34,
          "fontWeight": "bold",
          "color": "#1f3a63",
          "widthPx": 289.0,
          "heightPx": 38,
          "priority": 0
        }
      }
    },
    {
      "type": "Feature",
      "id": "gameplay.tower_slot.6",
      "geometry": {
        "type": "Point",
        "coordinates": [
          1816.6,
          1243.42
        ]
      },
      "properties": {
        "id": "gameplay.tower_slot.6",
        "name": "Bloody Angle - east shoulder",
        "category": "gameplay",
        "kind": "tower_slot",
        "layer": 75,
        "playable": true,
        "insidePlayArea": true,
        "slotIndex": 5,
        "slotNumber": 6,
        "footprint": {
          "shape": "ellipse",
          "widthPx": 179.64,
          "heightPx": 138.51,
          "ring": [
            [
              1906.42,
              1243.42
            ],
            [
              1903.36,
              1261.34
            ],
            [
              1894.39,
              1278.05
            ],
            [
              1880.11,
              1292.39
            ],
            [
              1861.51,
              1303.4
            ],
            [
              1839.85,
              1310.32
            ],
            [
              1816.6,
              1312.68
            ],
            [
              1793.35,
              1310.32
            ],
            [
              1771.69,
              1303.4
            ],
            [
              1753.09,
              1292.39
            ],
            [
              1738.81,
              1278.05
            ],
            [
              1729.84,
              1261.34
            ],
            [
              1726.78,
              1243.42
            ],
            [
              1729.84,
              1225.5
            ],
            [
              1738.81,
              1208.79
            ],
            [
              1753.09,
              1194.45
            ],
            [
              1771.69,
              1183.44
            ],
            [
              1793.35,
              1176.52
            ],
            [
              1816.6,
              1174.16
            ],
            [
              1839.85,
              1176.52
            ],
            [
              1861.51,
              1183.44
            ],
            [
              1880.11,
              1194.45
            ],
            [
              1894.39,
              1208.79
            ],
            [
              1903.36,
              1225.5
            ]
          ]
        },
        "labelText": "Angle: east shoulder",
        "emphasis": true,
        "rangeAtL1Px": 168.0,
        "roadInRangeAtL1": 274.5,
        "note": "Bloody Angle emplacement. Four slots ring the bend so the player can concentrate early towers where the column stays in range longest. Holds the column as it exits the bend.",
        "label": {
          "text": "6. Angle: east shoulder",
          "anchor": [
            1676.9,
            1288.3
          ],
          "align": "right",
          "fontSizePx": 34,
          "fontWeight": "bold",
          "color": "#1f3a63",
          "widthPx": 373.0,
          "heightPx": 38,
          "priority": 0
        }
      }
    },
    {
      "type": "Feature",
      "id": "gameplay.tower_slot.7",
      "geometry": {
        "type": "Point",
        "coordinates": [
          1995.91,
          917.21
        ]
      },
      "properties": {
        "id": "gameplay.tower_slot.7",
        "name": "Menotomy - Jason Russell House",
        "category": "gameplay",
        "kind": "tower_slot",
        "layer": 75,
        "playable": true,
        "insidePlayArea": true,
        "slotIndex": 6,
        "slotNumber": 7,
        "footprint": {
          "shape": "ellipse",
          "widthPx": 179.64,
          "heightPx": 138.51,
          "ring": [
            [
              2085.73,
              917.21
            ],
            [
              2082.67,
              935.13
            ],
            [
              2073.7,
              951.84
            ],
            [
              2059.42,
              966.18
            ],
            [
              2040.82,
              977.19
            ],
            [
              2019.16,
              984.11
            ],
            [
              1995.91,
              986.47
            ],
            [
              1972.66,
              984.11
            ],
            [
              1951.0,
              977.19
            ],
            [
              1932.4,
              966.18
            ],
            [
              1918.12,
              951.84
            ],
            [
              1909.15,
              935.13
            ],
            [
              1906.09,
              917.21
            ],
            [
              1909.15,
              899.29
            ],
            [
              1918.12,
              882.58
            ],
            [
              1932.4,
              868.24
            ],
            [
              1951.0,
              857.23
            ],
            [
              1972.66,
              850.31
            ],
            [
              1995.91,
              847.96
            ],
            [
              2019.16,
              850.31
            ],
            [
              2040.82,
              857.23
            ],
            [
              2059.42,
              868.24
            ],
            [
              2073.7,
              882.58
            ],
            [
              2082.67,
              899.29
            ]
          ]
        },
        "labelText": "Menotomy - Jason Russell House",
        "emphasis": false,
        "rangeAtL1Px": 168.0,
        "roadInRangeAtL1": 200.4,
        "note": "Bloodiest stretch historically.",
        "label": {
          "text": "7. Menotomy - Jason Russell House",
          "anchor": [
            1682.6,
            850.3
          ],
          "align": "right",
          "fontSizePx": 34,
          "fontWeight": "bold",
          "color": "#1f3a63",
          "widthPx": 579.0,
          "heightPx": 38,
          "priority": 0
        }
      }
    },
    {
      "type": "Feature",
      "id": "gameplay.tower_slot.8",
      "geometry": {
        "type": "Point",
        "coordinates": [
          981.13,
          884.56
        ]
      },
      "properties": {
        "id": "gameplay.tower_slot.8",
        "name": "Bloody Angle - throat",
        "category": "gameplay",
        "kind": "tower_slot",
        "layer": 75,
        "playable": true,
        "insidePlayArea": true,
        "slotIndex": 7,
        "slotNumber": 8,
        "footprint": {
          "shape": "ellipse",
          "widthPx": 179.64,
          "heightPx": 138.51,
          "ring": [
            [
              1070.95,
              884.56
            ],
            [
              1067.89,
              902.48
            ],
            [
              1058.92,
              919.19
            ],
            [
              1044.64,
              933.53
            ],
            [
              1026.04,
              944.54
            ],
            [
              1004.38,
              951.46
            ],
            [
              981.13,
              953.81
            ],
            [
              957.88,
              951.46
            ],
            [
              936.22,
              944.54
            ],
            [
              917.62,
              933.53
            ],
            [
              903.34,
              919.19
            ],
            [
              894.37,
              902.48
            ],
            [
              891.31,
              884.56
            ],
            [
              894.37,
              866.64
            ],
            [
              903.34,
              849.93
            ],
            [
              917.62,
              835.59
            ],
            [
              936.22,
              824.58
            ],
            [
              957.88,
              817.66
            ],
            [
              981.13,
              815.3
            ],
            [
              1004.38,
              817.66
            ],
            [
              1026.04,
              824.58
            ],
            [
              1044.64,
              835.59
            ],
            [
              1058.92,
              849.93
            ],
            [
              1067.89,
              866.64
            ]
          ]
        },
        "labelText": "Angle: throat",
        "emphasis": true,
        "rangeAtL1Px": 168.0,
        "roadInRangeAtL1": 242.4,
        "note": "Bloody Angle emplacement. Four slots ring the bend so the player can concentrate early towers where the column stays in range longest. Inside the curve itself.",
        "label": {
          "text": "8. Angle: throat",
          "anchor": [
            900.9,
            895.8
          ],
          "align": "right",
          "fontSizePx": 34,
          "fontWeight": "bold",
          "color": "#1f3a63",
          "widthPx": 248.0,
          "heightPx": 38,
          "priority": 0
        }
      }
    },
    {
      "type": "Feature",
      "id": "water.concord_river",
      "geometry": {
        "type": "LineString",
        "coordinates": [
          [
            466.8,
            2136.0
          ],
          [
            493.2,
            1932.0
          ],
          [
            514.8,
            1740.0
          ],
          [
            548.4,
            1548.0
          ],
          [
            570.0,
            1500.0
          ],
          [
            598.8,
            1320.0
          ],
          [
            606.0,
            1140.0
          ],
          [
            596.4,
            948.0
          ],
          [
            603.6,
            780.0
          ],
          [
            630.0,
            588.0
          ],
          [
            666.0,
            396.0
          ],
          [
            706.8,
            228.0
          ],
          [
            740.4,
            72.0
          ],
          [
            771.6,
            -72.0
          ]
        ]
      },
      "properties": {
        "id": "water.concord_river",
        "name": "Concord River",
        "category": "water",
        "kind": "river",
        "layer": 10,
        "playable": false,
        "insidePlayArea": true,
        "widthPx": 45.6,
        "flowsTo": "north",
        "artNote": "Runs north past the bridge; the entry crosses it.",
        "label": {
          "text": "Concord River",
          "anchor": [
            407.6,
            961.5
          ],
          "align": "right",
          "fontSizePx": 26,
          "fontWeight": "regular",
          "color": "#4a84aa",
          "widthPx": 165.0,
          "heightPx": 30,
          "priority": 5
        }
      }
    },
    {
      "type": "Feature",
      "id": "water.assabet",
      "geometry": {
        "type": "LineString",
        "coordinates": [
          [
            114.0,
            513.6
          ],
          [
            246.0,
            597.6
          ],
          [
            358.8,
            669.6
          ],
          [
            450.0,
            753.6
          ],
          [
            603.6,
            801.6
          ]
        ]
      },
      "properties": {
        "id": "water.assabet",
        "name": "Assabet River",
        "category": "water",
        "kind": "river",
        "layer": 10,
        "playable": false,
        "insidePlayArea": false,
        "widthPx": 31.2,
        "artNote": "Joins the Concord just south of the Old Manse.",
        "label": {
          "text": "Assabet River",
          "anchor": [
            250.3,
            760.9
          ],
          "align": "right",
          "fontSizePx": 26,
          "fontWeight": "regular",
          "color": "#4a84aa",
          "widthPx": 160.0,
          "heightPx": 30,
          "priority": 5
        }
      }
    },
    {
      "type": "Feature",
      "id": "water.mystic_lakes",
      "geometry": {
        "type": "Polygon",
        "coordinates": [
          [
            [
              2283.69,
              1486.95
            ],
            [
              2278.57,
              1469.12
            ],
            [
              2254.36,
              1455.13
            ],
            [
              2222.22,
              1446.94
            ],
            [
              2190.84,
              1441.75
            ],
            [
              2158.8,
              1437.01
            ],
            [
              2121.91,
              1434.91
            ],
            [
              2084.54,
              1440.11
            ],
            [
              2058.39,
              1453.52
            ],
            [
              2049.87,
              1470.73
            ],
            [
              2053.29,
              1486.95
            ],
            [
              2059.45,
              1501.75
            ],
            [
              2067.97,
              1517.2
            ],
            [
              2086.8,
              1532.38
            ],
            [
              2119.65,
              1542.18
            ],
            [
              2158.8,
              1542.61
            ],
            [
              2193.11,
              1535.35
            ],
            [
              2219.96,
              1525.54
            ],
            [
              2244.79,
              1515.59
            ],
            [
              2268.99,
              1503.36
            ],
            [
              2283.69,
              1486.95
            ]
          ]
        ]
      },
      "properties": {
        "id": "water.mystic_lakes",
        "name": "Mystic Lakes",
        "category": "water",
        "kind": "lake",
        "layer": 10,
        "playable": false,
        "insidePlayArea": true,
        "artNote": "Twin lakes north of Menotomy.",
        "label": {
          "text": "Mystic Lakes",
          "anchor": [
            2090.2,
            1507.0
          ],
          "align": "right",
          "fontSizePx": 26,
          "fontWeight": "regular",
          "color": "#4a84aa",
          "widthPx": 149.0,
          "heightPx": 30,
          "priority": 5
        }
      }
    },
    {
      "type": "Feature",
      "id": "water.mystic_river",
      "geometry": {
        "type": "LineString",
        "coordinates": [
          [
            2202.0,
            1369.92
          ],
          [
            2298.0,
            1324.32
          ],
          [
            2406.0,
            1266.72
          ],
          [
            2514.0,
            1213.92
          ],
          [
            2646.0,
            1170.72
          ]
        ]
      },
      "properties": {
        "id": "water.mystic_river",
        "name": "Mystic River",
        "category": "water",
        "kind": "river",
        "layer": 10,
        "playable": false,
        "insidePlayArea": false,
        "widthPx": 31.2,
        "label": {
          "text": "Mystic River",
          "anchor": [
            2373.0,
            1317.5
          ],
          "align": "right",
          "fontSizePx": 26,
          "fontWeight": "regular",
          "color": "#4a84aa",
          "widthPx": 142.0,
          "heightPx": 30,
          "priority": 5
        }
      }
    },
    {
      "type": "Feature",
      "id": "water.walden_pond",
      "geometry": {
        "type": "Polygon",
        "coordinates": [
          [
            [
              1593.01,
              571.72
            ],
            [
              1585.08,
              556.65
            ],
            [
              1570.13,
              545.03
            ],
            [
              1553.46,
              535.97
            ],
            [
              1535.29,
              527.86
            ],
            [
              1513.2,
              522.12
            ],
            [
              1488.41,
              522.49
            ],
            [
              1466.89,
              530.6
            ],
            [
              1453.56,
              543.77
            ],
            [
              1447.37,
              557.92
            ],
            [
              1444.21,
              571.72
            ],
            [
              1443.56,
              586.32
            ],
            [
              1449.75,
              601.46
            ],
            [
              1465.99,
              613.64
            ],
            [
              1489.31,
              619.16
            ],
            [
              1513.2,
              618.12
            ],
            [
              1534.39,
              613.79
            ],
            [
              1554.36,
              608.27
            ],
            [
              1573.94,
              600.19
            ],
            [
              1588.89,
              587.59
            ],
            [
              1593.01,
              571.72
            ]
          ]
        ]
      },
      "properties": {
        "id": "water.walden_pond",
        "name": "Walden Pond",
        "category": "water",
        "kind": "lake",
        "layer": 10,
        "playable": false,
        "insidePlayArea": true,
        "label": {
          "text": "Walden Pond",
          "anchor": [
            1537.0,
            556.7
          ],
          "align": "left",
          "fontSizePx": 26,
          "fontWeight": "regular",
          "color": "#4a84aa",
          "widthPx": 153.0,
          "heightPx": 30,
          "priority": 5
        }
      }
    },
    {
      "type": "Feature",
      "id": "water.charles_river",
      "geometry": {
        "type": "LineString",
        "coordinates": [
          [
            2298.0,
            495.12
          ],
          [
            2406.0,
            579.12
          ],
          [
            2514.0,
            646.32
          ],
          [
            2622.0,
            684.72
          ],
          [
            2730.0,
            684.72
          ]
        ]
      },
      "properties": {
        "id": "water.charles_river",
        "name": "Charles River",
        "category": "water",
        "kind": "river",
        "layer": 10,
        "playable": false,
        "insidePlayArea": false,
        "widthPx": 40.8,
        "label": {
          "text": "Charles River",
          "anchor": [
            2415.8,
            704.7
          ],
          "align": "right",
          "fontSizePx": 26,
          "fontWeight": "regular",
          "color": "#4a84aa",
          "widthPx": 157.0,
          "heightPx": 30,
          "priority": 5
        }
      }
    },
    {
      "type": "Feature",
      "id": "water.boston_harbour",
      "geometry": {
        "type": "Polygon",
        "coordinates": [
          [
            [
              2995.73,
              811.2
            ],
            [
              2975.66,
              726.04
            ],
            [
              2945.28,
              651.92
            ],
            [
              2906.74,
              584.36
            ],
            [
              2854.81,
              529.61
            ],
            [
              2790.0,
              506.09
            ],
            [
              2724.33,
              525.86
            ],
            [
              2671.33,
              580.6
            ],
            [
              2633.85,
              651.04
            ],
            [
              2606.27,
              726.92
            ],
            [
              2587.73,
              811.2
            ],
            [
              2587.63,
              904.03
            ],
            [
              2615.21,
              990.49
            ],
            [
              2666.93,
              1050.35
            ],
            [
              2728.73,
              1077.42
            ],
            [
              2790.0,
              1082.09
            ],
            [
              2850.41,
              1073.66
            ],
            [
              2911.14,
              1046.6
            ],
            [
              2963.93,
              989.6
            ],
            [
              2994.3,
              904.92
            ],
            [
              2995.73,
              811.2
            ]
          ]
        ]
      },
      "properties": {
        "id": "water.boston_harbour",
        "name": "Boston Harbour",
        "category": "water",
        "kind": "sea",
        "layer": 10,
        "playable": false,
        "insidePlayArea": false,
        "artNote": "Open water east of Charlestown; HMS Somerset sits here.",
        "label": {
          "text": "Boston Harbour",
          "anchor": [
            2600.8,
            796.2
          ],
          "align": "right",
          "fontSizePx": 26,
          "fontWeight": "regular",
          "color": "#4a84aa",
          "widthPx": 179.0,
          "heightPx": 30,
          "priority": 5
        }
      }
    },
    {
      "type": "Feature",
      "id": "water.back_bay",
      "geometry": {
        "type": "Polygon",
        "coordinates": [
          [
            [
              2749.43,
              595.95
            ],
            [
              2742.23,
              575.43
            ],
            [
              2731.51,
              554.94
            ],
            [
              2711.72,
              535.28
            ],
            [
              2679.64,
              522.01
            ],
            [
              2641.2,
              520.18
            ],
            [
              2606.25,
              528.72
            ],
            [
              2578.48,
              541.99
            ],
            [
              2554.38,
              556.52
            ],
            [
              2532.37,
              573.85
            ],
            [
              2519.03,
              595.95
            ],
            [
              2523.1,
              619.93
            ],
            [
              2545.11,
              639.58
            ],
            [
              2576.29,
              651.78
            ],
            [
              2608.44,
              658.96
            ],
            [
              2641.2,
              664.18
            ],
            [
              2677.45,
              665.67
            ],
            [
              2713.91,
              658.49
            ],
            [
              2740.78,
              641.16
            ],
            [
              2751.5,
              618.34
            ],
            [
              2749.43,
              595.95
            ]
          ]
        ]
      },
      "properties": {
        "id": "water.back_bay",
        "name": "Back Bay",
        "category": "water",
        "kind": "bay",
        "layer": 10,
        "playable": false,
        "insidePlayArea": false,
        "label": {
          "text": "Back Bay",
          "anchor": [
            2580.4,
            536.5
          ],
          "align": "right",
          "fontSizePx": 26,
          "fontWeight": "regular",
          "color": "#4a84aa",
          "widthPx": 108.0,
          "heightPx": 30,
          "priority": 5
        }
      }
    },
    {
      "type": "Feature",
      "id": "bridge.old_north.deck",
      "geometry": {
        "type": "Polygon",
        "coordinates": [
          [
            [
              487.7,
              734.55
            ],
            [
              734.9,
              752.55
            ],
            [
              726.7,
              865.05
            ],
            [
              479.5,
              847.05
            ],
            [
              487.7,
              734.55
            ]
          ]
        ]
      },
      "properties": {
        "id": "bridge.old_north.deck",
        "name": "Old North Bridge deck",
        "category": "bridge",
        "kind": "bridge_deck",
        "layer": 50,
        "playable": true,
        "insidePlayArea": true,
        "historical": "Where the militia fired 'the shot heard round the world', 19 Apr 1775.",
        "artNote": "ENTRY LANDMARK. Timber deck carrying the road over the Concord River. Deck is deliberately WIDER than the road so it reads beneath it."
      }
    },
    {
      "type": "Feature",
      "id": "bridge.old_north.rail_n",
      "geometry": {
        "type": "LineString",
        "coordinates": [
          [
            487.7,
            734.55
          ],
          [
            734.9,
            752.55
          ]
        ]
      },
      "properties": {
        "id": "bridge.old_north.rail_n",
        "name": "Old North Bridge railing (north)",
        "category": "bridge",
        "kind": "bridge_railing",
        "layer": 50,
        "playable": true,
        "insidePlayArea": true,
        "widthPx": 10.8,
        "artNote": "Wooden parapet along the upstream side of the deck."
      }
    },
    {
      "type": "Feature",
      "id": "bridge.old_north.rail_s",
      "geometry": {
        "type": "LineString",
        "coordinates": [
          [
            726.7,
            865.05
          ],
          [
            479.5,
            847.05
          ]
        ]
      },
      "properties": {
        "id": "bridge.old_north.rail_s",
        "name": "Old North Bridge railing (south)",
        "category": "bridge",
        "kind": "bridge_railing",
        "layer": 50,
        "playable": true,
        "insidePlayArea": true,
        "widthPx": 10.8,
        "artNote": "Wooden parapet along the downstream side of the deck."
      }
    },
    {
      "type": "Feature",
      "id": "bridge.old_north",
      "geometry": {
        "type": "LineString",
        "coordinates": [
          [
            483.6,
            790.8
          ],
          [
            730.8,
            808.8
          ]
        ]
      },
      "properties": {
        "id": "bridge.old_north",
        "name": "Old North Bridge",
        "category": "bridge",
        "kind": "bridge_centreline",
        "layer": 50,
        "playable": true,
        "insidePlayArea": true,
        "widthPx": 6.0,
        "role": "centreline",
        "historical": "Where the militia fired 'the shot heard round the world', 19 Apr 1775.",
        "artNote": "ENTRY LANDMARK. Wooden arched span carrying the road over the Concord River.",
        "label": {
          "text": "Old North Bridge",
          "anchor": [
            646.3,
            899.1
          ],
          "align": "right",
          "fontSizePx": 28,
          "fontWeight": "bold",
          "color": "#7a5830",
          "widthPx": 226.0,
          "heightPx": 32,
          "priority": 1,
          "subtitle": "Where the militia fired 'the shot heard round the world', 19 Apr 1775."
        }
      }
    },
    {
      "type": "Feature",
      "id": "bridge.concord_south",
      "geometry": {
        "type": "LineString",
        "coordinates": [
          [
            294.0,
            523.2
          ],
          [
            411.6,
            535.2
          ]
        ]
      },
      "properties": {
        "id": "bridge.concord_south",
        "name": "Concord South Bridge",
        "category": "bridge",
        "kind": "timber_bridge",
        "layer": 50,
        "playable": false,
        "insidePlayArea": false,
        "widthPx": 31.2,
        "artNote": "Second Concord crossing, decorative, west bleed.",
        "label": {
          "text": "Concord South Bridge",
          "anchor": [
            262.1,
            459.2
          ],
          "align": "right",
          "fontSizePx": 28,
          "fontWeight": "bold",
          "color": "#7a5830",
          "widthPx": 299.0,
          "heightPx": 32,
          "priority": 1
        }
      }
    },
    {
      "type": "Feature",
      "id": "bridge.cambridge",
      "geometry": {
        "type": "LineString",
        "coordinates": [
          [
            2163.6,
            470.4
          ],
          [
            2274.0,
            501.6
          ]
        ]
      },
      "properties": {
        "id": "bridge.cambridge",
        "name": "Cambridge Bridge",
        "category": "bridge",
        "kind": "timber_bridge",
        "layer": 50,
        "playable": false,
        "insidePlayArea": true,
        "widthPx": 31.2,
        "artNote": "Great Bridge over the Charles, decorative.",
        "label": {
          "text": "Cambridge Bridge",
          "anchor": [
            2106.0,
            405.9
          ],
          "align": "right",
          "fontSizePx": 28,
          "fontWeight": "bold",
          "color": "#7a5830",
          "widthPx": 244.0,
          "heightPx": 32,
          "priority": 1
        }
      }
    },
    {
      "type": "Feature",
      "id": "terrain.punkatasset",
      "geometry": {
        "type": "Polygon",
        "coordinates": [
          [
            [
              276.39,
              1223.52
            ],
            [
              262.55,
              1207.93
            ],
            [
              247.97,
              1194.91
            ],
            [
              233.31,
              1181.22
            ],
            [
              211.75,
              1168.08
            ],
            [
              181.2,
              1161.76
            ],
            [
              149.86,
              1166.64
            ],
            [
              127.32,
              1179.78
            ],
            [
              113.64,
              1194.57
            ],
            [
              101.62,
              1208.27
            ],
            [
              89.19,
              1223.52
            ],
            [
              84.51,
              1242.05
            ],
            [
              96.52,
              1259.8
            ],
            [
              123.28,
              1270.54
            ],
            [
              153.9,
              1273.07
            ],
            [
              181.2,
              1272.16
            ],
            [
              207.71,
              1271.63
            ],
            [
              237.35,
              1269.1
            ],
            [
              265.08,
              1259.46
            ],
            [
              279.66,
              1242.39
            ],
            [
              276.39,
              1223.52
            ]
          ]
        ]
      },
      "properties": {
        "id": "terrain.punkatasset",
        "name": "Punkatasset Hill",
        "category": "terrain",
        "kind": "hill",
        "layer": 20,
        "playable": false,
        "insidePlayArea": false,
        "label": {
          "text": "Punkatasset Hill",
          "anchor": [
            93.7,
            1243.5
          ],
          "align": "right",
          "fontSizePx": 26,
          "fontWeight": "regular",
          "color": "#566a44",
          "widthPx": 184.0,
          "heightPx": 30,
          "priority": 4
        }
      }
    },
    {
      "type": "Feature",
      "id": "terrain.brooks_hill",
      "geometry": {
        "type": "Polygon",
        "coordinates": [
          [
            [
              1121.14,
              587.33
            ],
            [
              1113.16,
              570.3
            ],
            [
              1105.26,
              552.36
            ],
            [
              1088.32,
              533.71
            ],
            [
              1056.26,
              520.89
            ],
            [
              1016.4,
              520.04
            ],
            [
              981.78,
              529.61
            ],
            [
              956.18,
              542.43
            ],
            [
              932.77,
              554.42
            ],
            [
              907.94,
              568.24
            ],
            [
              890.74,
              587.33
            ],
            [
              894.04,
              608.87
            ],
            [
              918.86,
              625.72
            ],
            [
              952.89,
              634.68
            ],
            [
              985.06,
              639.58
            ],
            [
              1016.4,
              644.84
            ],
            [
              1052.97,
              648.3
            ],
            [
              1091.6,
              643.4
            ],
            [
              1119.17,
              627.78
            ],
            [
              1127.07,
              606.81
            ],
            [
              1121.14,
              587.33
            ]
          ]
        ]
      },
      "properties": {
        "id": "terrain.brooks_hill",
        "name": "Brooks Hill",
        "category": "terrain",
        "kind": "hill",
        "layer": 20,
        "playable": false,
        "insidePlayArea": true,
        "label": {
          "text": "Brooks Hill",
          "anchor": [
            959.4,
            526.3
          ],
          "align": "right",
          "fontSizePx": 26,
          "fontWeight": "regular",
          "color": "#566a44",
          "widthPx": 124.0,
          "heightPx": 30,
          "priority": 4
        }
      }
    },
    {
      "type": "Feature",
      "id": "terrain.fiske_hill",
      "geometry": {
        "type": "Polygon",
        "coordinates": [
          [
            [
              1854.4,
              854.16
            ],
            [
              1857.22,
              837.79
            ],
            [
              1852.29,
              819.51
            ],
            [
              1831.56,
              804.15
            ],
            [
              1798.63,
              797.82
            ],
            [
              1765.2,
              800.84
            ],
            [
              1737.57,
              807.6
            ],
            [
              1711.81,
              813.92
            ],
            [
              1683.91,
              821.82
            ],
            [
              1660.21,
              835.48
            ],
            [
              1652.8,
              854.16
            ],
            [
              1665.49,
              871.9
            ],
            [
              1689.19,
              884.4
            ],
            [
              1713.06,
              893.46
            ],
            [
              1736.33,
              902.82
            ],
            [
              1765.2,
              911.24
            ],
            [
              1799.87,
              912.6
            ],
            [
              1830.31,
              903.24
            ],
            [
              1847.01,
              886.71
            ],
            [
              1851.94,
              869.59
            ],
            [
              1854.4,
              854.16
            ]
          ]
        ]
      },
      "properties": {
        "id": "terrain.fiske_hill",
        "name": "Fiske Hill",
        "category": "terrain",
        "kind": "hill",
        "layer": 20,
        "playable": false,
        "insidePlayArea": true,
        "label": {
          "text": "Fiske Hill",
          "anchor": [
            1716.4,
            804.2
          ],
          "align": "right",
          "fontSizePx": 26,
          "fontWeight": "regular",
          "color": "#566a44",
          "widthPx": 106.0,
          "heightPx": 30,
          "priority": 4
        }
      }
    },
    {
      "type": "Feature",
      "id": "terrain.pierces_hill",
      "geometry": {
        "type": "Polygon",
        "coordinates": [
          [
            [
              2259.61,
              1346.64
            ],
            [
              2254.12,
              1334.2
            ],
            [
              2248.69,
              1321.08
            ],
            [
              2237.05,
              1307.46
            ],
            [
              2215.0,
              1298.09
            ],
            [
              2187.6,
              1297.46
            ],
            [
              2163.8,
              1304.46
            ],
            [
              2146.2,
              1313.83
            ],
            [
              2130.1,
              1322.59
            ],
            [
              2113.04,
              1332.69
            ],
            [
              2101.21,
              1346.64
            ],
            [
              2103.48,
              1362.38
            ],
            [
              2120.54,
              1374.69
            ],
            [
              2143.94,
              1381.24
            ],
            [
              2166.05,
              1384.82
            ],
            [
              2187.6,
              1388.66
            ],
            [
              2212.74,
              1391.2
            ],
            [
              2239.3,
              1387.61
            ],
            [
              2258.25,
              1376.19
            ],
            [
              2263.68,
              1360.87
            ],
            [
              2259.61,
              1346.64
            ]
          ]
        ]
      },
      "properties": {
        "id": "terrain.pierces_hill",
        "name": "Pierce's Hill",
        "category": "terrain",
        "kind": "hill",
        "layer": 20,
        "playable": false,
        "insidePlayArea": true,
        "label": {
          "text": "Pierce's Hill",
          "anchor": [
            2071.6,
            1301.6
          ],
          "align": "right",
          "fontSizePx": 26,
          "fontWeight": "regular",
          "color": "#566a44",
          "widthPx": 135.0,
          "heightPx": 30,
          "priority": 4
        }
      }
    },
    {
      "type": "Feature",
      "id": "terrain.prospect_hill",
      "geometry": {
        "type": "Polygon",
        "coordinates": [
          [
            [
              2183.6,
              1469.76
            ],
            [
              2180.15,
              1454.09
            ],
            [
              2162.43,
              1442.14
            ],
            [
              2139.41,
              1435.67
            ],
            [
              2117.94,
              1431.59
            ],
            [
              2096.4,
              1427.12
            ],
            [
              2070.86,
              1424.5
            ],
            [
              2044.44,
              1428.59
            ],
            [
              2026.38,
              1440.47
            ],
            [
              2021.6,
              1455.77
            ],
            [
              2025.2,
              1469.76
            ],
            [
              2029.5,
              1482.28
            ],
            [
              2034.28,
              1495.75
            ],
            [
              2046.31,
              1509.45
            ],
            [
              2068.99,
              1518.32
            ],
            [
              2096.4,
              1518.32
            ],
            [
              2119.81,
              1511.24
            ],
            [
              2137.55,
              1502.37
            ],
            [
              2154.52,
              1494.07
            ],
            [
              2172.24,
              1483.95
            ],
            [
              2183.6,
              1469.76
            ]
          ]
        ]
      },
      "properties": {
        "id": "terrain.prospect_hill",
        "name": "Prospect Hill",
        "category": "terrain",
        "kind": "hill",
        "layer": 20,
        "playable": false,
        "insidePlayArea": true,
        "label": {
          "text": "Prospect Hill",
          "anchor": [
            2120.6,
            1454.8
          ],
          "align": "left",
          "fontSizePx": 26,
          "fontWeight": "regular",
          "color": "#566a44",
          "widthPx": 145.0,
          "heightPx": 30,
          "priority": 4
        }
      }
    },
    {
      "type": "Feature",
      "id": "terrain.winter_hill",
      "geometry": {
        "type": "Polygon",
        "coordinates": [
          [
            [
              2461.86,
              1498.57
            ],
            [
              2452.1,
              1485.66
            ],
            [
              2435.52,
              1476.54
            ],
            [
              2419.28,
              1469.5
            ],
            [
              2402.94,
              1462.05
            ],
            [
              2382.0,
              1455.73
            ],
            [
              2357.13,
              1455.2
            ],
            [
              2335.94,
              1462.65
            ],
            [
              2324.55,
              1474.92
            ],
            [
              2320.68,
              1487.28
            ],
            [
              2317.86,
              1498.57
            ],
            [
              2315.15,
              1510.88
            ],
            [
              2319.02,
              1524.5
            ],
            [
              2334.63,
              1535.51
            ],
            [
              2358.44,
              1539.66
            ],
            [
              2382.0,
              1537.33
            ],
            [
              2401.63,
              1532.81
            ],
            [
              2420.58,
              1528.66
            ],
            [
              2441.05,
              1522.88
            ],
            [
              2457.63,
              1512.5
            ],
            [
              2461.86,
              1498.57
            ]
          ]
        ]
      },
      "properties": {
        "id": "terrain.winter_hill",
        "name": "Winter Hill",
        "category": "terrain",
        "kind": "hill",
        "layer": 20,
        "playable": false,
        "insidePlayArea": true,
        "label": {
          "text": "Winter Hill",
          "anchor": [
            2405.8,
            1483.6
          ],
          "align": "left",
          "fontSizePx": 26,
          "fontWeight": "regular",
          "color": "#566a44",
          "widthPx": 119.0,
          "heightPx": 30,
          "priority": 4
        }
      }
    },
    {
      "type": "Feature",
      "id": "terrain.bunker_hill",
      "geometry": {
        "type": "Polygon",
        "coordinates": [
          [
            [
              2746.15,
              1482.73
            ],
            [
              2730.89,
              1466.46
            ],
            [
              2714.82,
              1452.87
            ],
            [
              2698.66,
              1438.59
            ],
            [
              2674.88,
              1424.87
            ],
            [
              2641.2,
              1418.28
            ],
            [
              2606.65,
              1423.37
            ],
            [
              2581.79,
              1437.09
            ],
            [
              2566.71,
              1452.52
            ],
            [
              2553.46,
              1466.81
            ],
            [
              2539.75,
              1482.73
            ],
            [
              2534.59,
              1502.06
            ],
            [
              2547.84,
              1520.58
            ],
            [
              2577.34,
              1531.79
            ],
            [
              2611.1,
              1534.43
            ],
            [
              2641.2,
              1533.48
            ],
            [
              2670.43,
              1532.93
            ],
            [
              2703.11,
              1530.29
            ],
            [
              2733.69,
              1520.23
            ],
            [
              2749.76,
              1502.41
            ],
            [
              2746.15,
              1482.73
            ]
          ]
        ]
      },
      "properties": {
        "id": "terrain.bunker_hill",
        "name": "Breed's / Bunker Hill",
        "category": "terrain",
        "kind": "hill",
        "layer": 20,
        "playable": false,
        "insidePlayArea": false,
        "label": {
          "text": "Breed's / Bunker Hill",
          "anchor": [
            2559.6,
            1484.7
          ],
          "align": "right",
          "fontSizePx": 26,
          "fontWeight": "regular",
          "color": "#566a44",
          "widthPx": 232.0,
          "heightPx": 30,
          "priority": 4
        }
      }
    },
    {
      "type": "Feature",
      "id": "terrain.concord_hill",
      "geometry": {
        "type": "Polygon",
        "coordinates": [
          [
            [
              1928.4,
              1305.6
            ],
            [
              1931.63,
              1291.77
            ],
            [
              1921.06,
              1278.88
            ],
            [
              1899.35,
              1271.37
            ],
            [
              1875.37,
              1269.53
            ],
            [
              1854.0,
              1269.7
            ],
            [
              1832.63,
              1269.53
            ],
            [
              1808.65,
              1271.37
            ],
            [
              1786.94,
              1278.88
            ],
            [
              1776.37,
              1291.77
            ],
            [
              1779.6,
              1305.6
            ],
            [
              1790.11,
              1316.98
            ],
            [
              1800.68,
              1326.84
            ],
            [
              1811.89,
              1337.38
            ],
            [
              1829.39,
              1347.14
            ],
            [
              1854.0,
              1351.3
            ],
            [
              1878.61,
              1347.14
            ],
            [
              1896.11,
              1337.38
            ],
            [
              1907.32,
              1326.84
            ],
            [
              1917.89,
              1316.98
            ],
            [
              1928.4,
              1305.6
            ]
          ]
        ]
      },
      "properties": {
        "id": "terrain.concord_hill",
        "name": "Concord Hill",
        "category": "terrain",
        "kind": "hill",
        "layer": 20,
        "playable": false,
        "insidePlayArea": true,
        "label": {
          "text": "Concord Hill",
          "anchor": [
            1757.0,
            1342.6
          ],
          "align": "right",
          "fontSizePx": 26,
          "fontWeight": "regular",
          "color": "#566a44",
          "widthPx": 141.0,
          "heightPx": 30,
          "priority": 4
        }
      }
    },
    {
      "type": "Feature",
      "id": "terrain.angle_woods",
      "geometry": {
        "type": "Polygon",
        "coordinates": [
          [
            [
              1534.54,
              1027.44
            ],
            [
              1548.05,
              974.79
            ],
            [
              1543.54,
              912.06
            ],
            [
              1493.01,
              858.53
            ],
            [
              1406.66,
              839.57
            ],
            [
              1321.2,
              855.61
            ],
            [
              1255.07,
              882.07
            ],
            [
              1192.61,
              901.02
            ],
            [
              1118.19,
              922.09
            ],
            [
              1051.12,
              964.76
            ],
            [
              1030.54,
              1027.44
            ],
            [
              1068.72,
              1086.04
            ],
            [
              1135.79,
              1123.66
            ],
            [
              1196.77,
              1149.77
            ],
            [
              1250.92,
              1181.95
            ],
            [
              1321.2,
              1215.61
            ],
            [
              1410.82,
              1224.45
            ],
            [
              1488.86,
              1192.27
            ],
            [
              1525.94,
              1133.69
            ],
            [
              1530.45,
              1076.0
            ],
            [
              1534.54,
              1027.44
            ]
          ]
        ]
      },
      "properties": {
        "id": "terrain.angle_woods",
        "name": "Bloody Angle woods",
        "category": "terrain",
        "kind": "woodland",
        "layer": 20,
        "playable": true,
        "insidePlayArea": true,
        "historical": "Unlike the open farmland either side, the angle was wooded - the cover that let the militia close on the road.",
        "artNote": "Dense trees hugging both sides of the S-bend. This is the level's set piece.",
        "label": {
          "text": "Bloody Angle woods",
          "anchor": [
            1351.4,
            1012.4
          ],
          "align": "left",
          "fontSizePx": 26,
          "fontWeight": "regular",
          "color": "#566a44",
          "widthPx": 231.0,
          "heightPx": 30,
          "priority": 4,
          "subtitle": "Unlike the open farmland either side, the angle was wooded - the cover that let the militia close on the road."
        }
      }
    },
    {
      "type": "Feature",
      "id": "terrain.meriam_fields",
      "geometry": {
        "type": "Polygon",
        "coordinates": [
          [
            [
              971.63,
              644.4
            ],
            [
              980.12,
              606.62
            ],
            [
              952.89,
              569.92
            ],
            [
              891.55,
              545.96
            ],
            [
              818.07,
              538.55
            ],
            [
              750.0,
              540.26
            ],
            [
              685.11,
              543.5
            ],
            [
              615.57,
              550.91
            ],
            [
              550.29,
              571.09
            ],
            [
              512.75,
              605.45
            ],
            [
              515.63,
              644.4
            ],
            [
              546.44,
              677.82
            ],
            [
              583.98,
              705.34
            ],
            [
              623.52,
              732.36
            ],
            [
              677.16,
              757.67
            ],
            [
              750.0,
              770.66
            ],
            [
              826.02,
              762.62
            ],
            [
              883.6,
              737.31
            ],
            [
              919.2,
              706.51
            ],
            [
              946.44,
              676.65
            ],
            [
              971.63,
              644.4
            ]
          ]
        ]
      },
      "properties": {
        "id": "terrain.meriam_fields",
        "name": "Meriam's Corner fields",
        "category": "terrain",
        "kind": "farmland",
        "layer": 20,
        "playable": true,
        "insidePlayArea": true,
        "label": {
          "text": "Meriam's Corner fields",
          "anchor": [
            686.6,
            534.1
          ],
          "align": "right",
          "fontSizePx": 26,
          "fontWeight": "regular",
          "color": "#566a44",
          "widthPx": 258.0,
          "heightPx": 30,
          "priority": 4
        }
      }
    },
    {
      "type": "Feature",
      "id": "terrain.menotomy_fields",
      "geometry": {
        "type": "Polygon",
        "coordinates": [
          [
            [
              2287.4,
              781.2
            ],
            [
              2283.34,
              744.5
            ],
            [
              2243.52,
              714.46
            ],
            [
              2185.21,
              697.25
            ],
            [
              2126.9,
              688.5
            ],
            [
              2070.0,
              681.34
            ],
            [
              2006.4,
              677.58
            ],
            [
              1939.81,
              686.33
            ],
            [
              1889.78,
              711.88
            ],
            [
              1871.64,
              747.08
            ],
            [
              1879.4,
              781.2
            ],
            [
              1895.31,
              811.25
            ],
            [
              1913.44,
              841.42
            ],
            [
              1945.39,
              872.0
            ],
            [
              2000.82,
              893.93
            ],
            [
              2070.0,
              897.34
            ],
            [
              2132.48,
              883.01
            ],
            [
              2179.62,
              861.08
            ],
            [
              2219.86,
              838.84
            ],
            [
              2259.67,
              813.83
            ],
            [
              2287.4,
              781.2
            ]
          ]
        ]
      },
      "properties": {
        "id": "terrain.menotomy_fields",
        "name": "Menotomy farmland",
        "category": "terrain",
        "kind": "farmland",
        "layer": 20,
        "playable": true,
        "insidePlayArea": true,
        "label": {
          "text": "Menotomy farmland",
          "anchor": [
            1966.9,
            731.2
          ],
          "align": "right",
          "fontSizePx": 26,
          "fontWeight": "regular",
          "color": "#566a44",
          "widthPx": 227.0,
          "heightPx": 30,
          "priority": 4
        }
      }
    },
    {
      "type": "Feature",
      "id": "town.concord",
      "geometry": {
        "type": "Polygon",
        "coordinates": [
          [
            [
              346.2,
              617.73
            ],
            [
              335.91,
              593.38
            ],
            [
              327.94,
              567.03
            ],
            [
              308.86,
              538.6
            ],
            [
              269.46,
              518.89
            ],
            [
              219.6,
              518.18
            ],
            [
              177.24,
              533.76
            ],
            [
              147.11,
              553.46
            ],
            [
              118.76,
              570.54
            ],
            [
              86.51,
              589.87
            ],
            [
              63.0,
              617.73
            ],
            [
              66.57,
              649.75
            ],
            [
              98.82,
              674.24
            ],
            [
              142.4,
              686.16
            ],
            [
              181.95,
              692.36
            ],
            [
              219.6,
              700.58
            ],
            [
              264.75,
              707.23
            ],
            [
              313.57,
              701.03
            ],
            [
              347.88,
              677.75
            ],
            [
              355.85,
              646.24
            ],
            [
              346.2,
              617.73
            ]
          ]
        ]
      },
      "properties": {
        "id": "town.concord",
        "name": "Concord village",
        "category": "settlement",
        "kind": "town",
        "layer": 30,
        "playable": false,
        "insidePlayArea": false,
        "label": {
          "text": "Concord village",
          "anchor": [
            59.9,
            654.5
          ],
          "align": "right",
          "fontSizePx": 30,
          "fontWeight": "bold",
          "color": "#966c4c",
          "widthPx": 224.0,
          "heightPx": 34,
          "priority": 2
        }
      }
    },
    {
      "type": "Feature",
      "id": "town.lincoln",
      "geometry": {
        "type": "Polygon",
        "coordinates": [
          [
            [
              1426.44,
              584.02
            ],
            [
              1409.48,
              567.34
            ],
            [
              1393.18,
              553.62
            ],
            [
              1378.12,
              538.47
            ],
            [
              1355.18,
              523.22
            ],
            [
              1321.2,
              515.71
            ],
            [
              1286.2,
              521.4
            ],
            [
              1262.0,
              536.65
            ],
            [
              1248.21,
              553.19
            ],
            [
              1235.2,
              567.77
            ],
            [
              1220.04,
              584.02
            ],
            [
              1213.19,
              604.43
            ],
            [
              1226.19,
              624.15
            ],
            [
              1256.8,
              635.55
            ],
            [
              1291.4,
              637.35
            ],
            [
              1321.2,
              635.71
            ],
            [
              1349.98,
              635.52
            ],
            [
              1383.32,
              633.73
            ],
            [
              1415.19,
              623.72
            ],
            [
              1431.49,
              604.86
            ],
            [
              1426.44,
              584.02
            ]
          ]
        ]
      },
      "properties": {
        "id": "town.lincoln",
        "name": "Lincoln",
        "category": "settlement",
        "kind": "town",
        "layer": 30,
        "playable": false,
        "insidePlayArea": false,
        "label": {
          "text": "Lincoln",
          "anchor": [
            1346.2,
            567.0
          ],
          "align": "left",
          "fontSizePx": 30,
          "fontWeight": "bold",
          "color": "#966c4c",
          "widthPx": 105.0,
          "heightPx": 34,
          "priority": 2
        }
      }
    },
    {
      "type": "Feature",
      "id": "town.lexington",
      "geometry": {
        "type": "Polygon",
        "coordinates": [
          [
            [
              2068.56,
              1374.0
            ],
            [
              2044.82,
              1345.8
            ],
            [
              2006.01,
              1326.75
            ],
            [
              1970.16,
              1312.15
            ],
            [
              1935.58,
              1295.35
            ],
            [
              1890.0,
              1280.03
            ],
            [
              1834.33,
              1277.96
            ],
            [
              1787.3,
              1294.75
            ],
            [
              1763.91,
              1322.64
            ],
            [
              1757.73,
              1349.91
            ],
            [
              1751.76,
              1374.0
            ],
            [
              1743.52,
              1400.68
            ],
            [
              1749.71,
              1431.14
            ],
            [
              1783.95,
              1455.83
            ],
            [
              1837.69,
              1464.26
            ],
            [
              1890.0,
              1457.63
            ],
            [
              1932.23,
              1446.86
            ],
            [
              1973.51,
              1438.44
            ],
            [
              2020.21,
              1427.03
            ],
            [
              2059.02,
              1404.79
            ],
            [
              2068.56,
              1374.0
            ]
          ]
        ]
      },
      "properties": {
        "id": "town.lexington",
        "name": "Lexington",
        "category": "settlement",
        "kind": "town",
        "layer": 30,
        "playable": false,
        "insidePlayArea": true,
        "label": {
          "text": "Lexington",
          "anchor": [
            1918.5,
            1357.0
          ],
          "align": "left",
          "fontSizePx": 30,
          "fontWeight": "bold",
          "color": "#966c4c",
          "widthPx": 142.0,
          "heightPx": 34,
          "priority": 2
        }
      }
    },
    {
      "type": "Feature",
      "id": "town.menotomy",
      "geometry": {
        "type": "Polygon",
        "coordinates": [
          [
            [
              2209.2,
              598.08
            ],
            [
              2217.38,
              572.48
            ],
            [
              2197.61,
              548.52
            ],
            [
              2155.36,
              535.28
            ],
            [
              2109.48,
              533.14
            ],
            [
              2070.0,
              534.09
            ],
            [
              2030.52,
              533.14
            ],
            [
              1984.64,
              535.28
            ],
            [
              1942.39,
              548.52
            ],
            [
              1922.62,
              572.48
            ],
            [
              1930.8,
              598.08
            ],
            [
              1952.61,
              618.46
            ],
            [
              1972.38,
              635.98
            ],
            [
              1991.72,
              655.66
            ],
            [
              2023.45,
              674.66
            ],
            [
              2070.0,
              682.89
            ],
            [
              2116.55,
              674.66
            ],
            [
              2148.28,
              655.66
            ],
            [
              2167.62,
              635.98
            ],
            [
              2187.39,
              618.46
            ],
            [
              2209.2,
              598.08
            ]
          ]
        ]
      },
      "properties": {
        "id": "town.menotomy",
        "name": "Menotomy (Arlington)",
        "category": "settlement",
        "kind": "town",
        "layer": 30,
        "playable": false,
        "insidePlayArea": true,
        "label": {
          "text": "Menotomy (Arlington)",
          "anchor": [
            1746.6,
            581.1
          ],
          "align": "right",
          "fontSizePx": 30,
          "fontWeight": "bold",
          "color": "#966c4c",
          "widthPx": 310.0,
          "heightPx": 34,
          "priority": 2
        }
      }
    },
    {
      "type": "Feature",
      "id": "town.cambridge",
      "geometry": {
        "type": "Polygon",
        "coordinates": [
          [
            [
              2470.8,
              598.08
            ],
            [
              2478.14,
              572.48
            ],
            [
              2460.41,
              548.52
            ],
            [
              2422.53,
              535.28
            ],
            [
              2381.39,
              533.14
            ],
            [
              2346.0,
              534.09
            ],
            [
              2310.61,
              533.14
            ],
            [
              2269.47,
              535.28
            ],
            [
              2231.59,
              548.52
            ],
            [
              2213.86,
              572.48
            ],
            [
              2221.2,
              598.08
            ],
            [
              2240.75,
              618.46
            ],
            [
              2258.48,
              635.98
            ],
            [
              2275.82,
              655.66
            ],
            [
              2304.26,
              674.66
            ],
            [
              2346.0,
              682.89
            ],
            [
              2387.74,
              674.66
            ],
            [
              2416.18,
              655.66
            ],
            [
              2433.52,
              635.98
            ],
            [
              2451.25,
              618.46
            ],
            [
              2470.8,
              598.08
            ]
          ]
        ]
      },
      "properties": {
        "id": "town.cambridge",
        "name": "Cambridge",
        "category": "settlement",
        "kind": "town",
        "layer": 30,
        "playable": false,
        "insidePlayArea": true,
        "label": {
          "text": "Cambridge",
          "anchor": [
            2273.4,
            641.1
          ],
          "align": "right",
          "fontSizePx": 30,
          "fontWeight": "bold",
          "color": "#966c4c",
          "widthPx": 157.0,
          "heightPx": 34,
          "priority": 2
        }
      }
    },
    {
      "type": "Feature",
      "id": "town.charlestown",
      "geometry": {
        "type": "Polygon",
        "coordinates": [
          [
            [
              2384.23,
              1305.6
            ],
            [
              2365.7,
              1286.25
            ],
            [
              2347.87,
              1270.33
            ],
            [
              2331.42,
              1252.76
            ],
            [
              2306.34,
              1235.07
            ],
            [
              2269.2,
              1226.35
            ],
            [
              2230.95,
              1232.96
            ],
            [
              2204.49,
              1250.65
            ],
            [
              2189.41,
              1269.83
            ],
            [
              2175.2,
              1286.75
            ],
            [
              2158.63,
              1305.6
            ],
            [
              2151.14,
              1329.27
            ],
            [
              2165.36,
              1352.15
            ],
            [
              2198.81,
              1365.38
            ],
            [
              2236.63,
              1367.46
            ],
            [
              2269.2,
              1365.55
            ],
            [
              2300.66,
              1365.34
            ],
            [
              2337.1,
              1363.26
            ],
            [
              2371.93,
              1351.65
            ],
            [
              2389.75,
              1329.77
            ],
            [
              2384.23,
              1305.6
            ]
          ]
        ]
      },
      "properties": {
        "id": "town.charlestown",
        "name": "Charlestown",
        "category": "settlement",
        "kind": "town",
        "layer": 30,
        "playable": false,
        "insidePlayArea": true,
        "emphasis": true,
        "highlightReason": "Primary exit landmark - the column's objective; must read clearly inside the play area.",
        "label": {
          "text": "Charlestown",
          "anchor": [
            2112.9,
            1231.9
          ],
          "align": "right",
          "fontSizePx": 36,
          "fontWeight": "bold",
          "color": "#966c4c",
          "widthPx": 216.0,
          "heightPx": 40,
          "priority": 2
        }
      }
    },
    {
      "type": "Feature",
      "id": "town.boston",
      "geometry": {
        "type": "Polygon",
        "coordinates": [
          [
            [
              2905.2,
              622.23
            ],
            [
              2914.09,
              588.38
            ],
            [
              2892.61,
              556.69
            ],
            [
              2846.72,
              539.18
            ],
            [
              2796.88,
              536.35
            ],
            [
              2754.0,
              537.61
            ],
            [
              2711.12,
              536.35
            ],
            [
              2661.28,
              539.18
            ],
            [
              2615.39,
              556.69
            ],
            [
              2593.91,
              588.38
            ],
            [
              2602.8,
              622.23
            ],
            [
              2626.49,
              649.19
            ],
            [
              2647.96,
              672.37
            ],
            [
              2668.97,
              698.39
            ],
            [
              2703.43,
              723.51
            ],
            [
              2754.0,
              734.41
            ],
            [
              2804.57,
              723.51
            ],
            [
              2839.03,
              698.39
            ],
            [
              2860.04,
              672.37
            ],
            [
              2881.51,
              649.19
            ],
            [
              2905.2,
              622.23
            ]
          ]
        ]
      },
      "properties": {
        "id": "town.boston",
        "name": "Boston",
        "category": "settlement",
        "kind": "town",
        "layer": 30,
        "playable": false,
        "insidePlayArea": false,
        "emphasis": true,
        "highlightReason": "Secondary landmark - the British base across the harbour; decorative, but should still read as a named place.",
        "label": {
          "text": "Boston",
          "anchor": [
            2733.2,
            602.2
          ],
          "align": "right",
          "fontSizePx": 36,
          "fontWeight": "bold",
          "color": "#966c4c",
          "widthPx": 124.0,
          "heightPx": 40,
          "priority": 2
        }
      }
    },
    {
      "type": "Feature",
      "id": "building.old_manse",
      "geometry": {
        "type": "Polygon",
        "coordinates": [
          [
            [
              661.86,
              551.84
            ],
            [
              681.93,
              565.63
            ],
            [
              704.74,
              557.11
            ],
            [
              708.54,
              526.14
            ],
            [
              665.66,
              520.88
            ],
            [
              661.86,
              551.84
            ]
          ]
        ]
      },
      "properties": {
        "id": "building.old_manse",
        "name": "The Old Manse",
        "category": "building",
        "kind": "structure",
        "layer": 60,
        "playable": false,
        "insidePlayArea": true,
        "historical": "Emerson house overlooking the bridge.",
        "anchor": [
          176,
          672
        ],
        "artNote": "Draw the outline; anchor is the label/pin point.",
        "label": {
          "text": "The Old Manse",
          "anchor": [
            678.9,
            577.6
          ],
          "align": "center",
          "fontSizePx": 24,
          "fontWeight": "regular",
          "color": "#684e2e",
          "widthPx": 163.0,
          "heightPx": 28,
          "priority": 6,
          "subtitle": "Emerson house overlooking the bridge."
        }
      }
    },
    {
      "type": "Feature",
      "id": "building.buttrick",
      "geometry": {
        "type": "Polygon",
        "coordinates": [
          [
            [
              269.21,
              1016.15
            ],
            [
              290.2,
              1028.5
            ],
            [
              312.35,
              1018.42
            ],
            [
              313.99,
              987.26
            ],
            [
              270.85,
              985.0
            ],
            [
              269.21,
              1016.15
            ]
          ]
        ]
      },
      "properties": {
        "id": "building.buttrick",
        "name": "Buttrick House",
        "category": "building",
        "kind": "structure",
        "layer": 60,
        "playable": false,
        "insidePlayArea": false,
        "anchor": [
          -152,
          466
        ],
        "artNote": "Draw the outline; anchor is the label/pin point.",
        "label": {
          "text": "Buttrick House",
          "anchor": [
            210.1,
            960.6
          ],
          "align": "right",
          "fontSizePx": 24,
          "fontWeight": "regular",
          "color": "#684e2e",
          "widthPx": 155.0,
          "heightPx": 28,
          "priority": 6
        }
      }
    },
    {
      "type": "Feature",
      "id": "building.barretts_farm",
      "geometry": {
        "type": "Polygon",
        "coordinates": [
          [
            [
              93.25,
              790.75
            ],
            [
              115.4,
              800.84
            ],
            [
              136.39,
              788.49
            ],
            [
              134.75,
              757.34
            ],
            [
              91.61,
              759.6
            ],
            [
              93.25,
              790.75
            ]
          ]
        ]
      },
      "properties": {
        "id": "building.barretts_farm",
        "name": "Barrett's Farm",
        "category": "building",
        "kind": "structure",
        "layer": 60,
        "playable": false,
        "insidePlayArea": false,
        "historical": "The British objective.",
        "anchor": [
          -300,
          566
        ],
        "artNote": "Draw the outline; anchor is the label/pin point.",
        "label": {
          "text": "Barrett's Farm",
          "anchor": [
            34.8,
            733.3
          ],
          "align": "right",
          "fontSizePx": 24,
          "fontWeight": "regular",
          "color": "#684e2e",
          "widthPx": 152.0,
          "heightPx": 28,
          "priority": 6,
          "subtitle": "The British objective."
        }
      }
    },
    {
      "type": "Feature",
      "id": "building.wright_tavern",
      "geometry": {
        "type": "Polygon",
        "coordinates": [
          [
            [
              283.12,
              552.2
            ],
            [
              303.66,
              565.28
            ],
            [
              326.16,
              555.97
            ],
            [
              328.88,
              524.89
            ],
            [
              285.84,
              521.12
            ],
            [
              283.12,
              552.2
            ]
          ]
        ]
      },
      "properties": {
        "id": "building.wright_tavern",
        "name": "Wright Tavern",
        "category": "building",
        "kind": "structure",
        "layer": 60,
        "playable": false,
        "insidePlayArea": false,
        "anchor": [
          -140,
          818
        ],
        "artNote": "Draw the outline; anchor is the label/pin point.",
        "label": {
          "text": "Wright Tavern",
          "anchor": [
            333.1,
            559.7
          ],
          "align": "left",
          "fontSizePx": 24,
          "fontWeight": "regular",
          "color": "#684e2e",
          "widthPx": 150.0,
          "heightPx": 28,
          "priority": 6
        }
      }
    },
    {
      "type": "Feature",
      "id": "building.meriam_house",
      "geometry": {
        "type": "Polygon",
        "coordinates": [
          [
            [
              729.76,
              564.26
            ],
            [
              750.53,
              576.97
            ],
            [
              772.86,
              567.27
            ],
            [
              775.04,
              536.15
            ],
            [
              731.94,
              533.13
            ],
            [
              729.76,
              564.26
            ]
          ]
        ]
      },
      "properties": {
        "id": "building.meriam_house",
        "name": "Meriam House",
        "category": "building",
        "kind": "structure",
        "layer": 60,
        "playable": false,
        "insidePlayArea": true,
        "historical": "Corner house at the first ambush.",
        "anchor": [
          232,
          664
        ],
        "artNote": "Draw the outline; anchor is the label/pin point.",
        "label": {
          "text": "Meriam House",
          "anchor": [
            686.8,
            485.1
          ],
          "align": "right",
          "fontSizePx": 24,
          "fontWeight": "regular",
          "color": "#684e2e",
          "widthPx": 154.0,
          "heightPx": 28,
          "priority": 6,
          "subtitle": "Corner house at the first ambush."
        }
      }
    },
    {
      "type": "Feature",
      "id": "building.brooks_tavern",
      "geometry": {
        "type": "Polygon",
        "coordinates": [
          [
            [
              1016.63,
              551.45
            ],
            [
              1036.2,
              565.92
            ],
            [
              1059.29,
              558.21
            ],
            [
              1064.17,
              527.39
            ],
            [
              1021.51,
              520.64
            ],
            [
              1016.63,
              551.45
            ]
          ]
        ]
      },
      "properties": {
        "id": "building.brooks_tavern",
        "name": "Brooks Tavern",
        "category": "building",
        "kind": "structure",
        "layer": 60,
        "playable": false,
        "insidePlayArea": true,
        "anchor": [
          472,
          742
        ],
        "artNote": "Draw the outline; anchor is the label/pin point.",
        "label": {
          "text": "Brooks Tavern",
          "anchor": [
            958.3,
            485.8
          ],
          "align": "right",
          "fontSizePx": 24,
          "fontWeight": "regular",
          "color": "#684e2e",
          "widthPx": 155.0,
          "heightPx": 28,
          "priority": 6
        }
      }
    },
    {
      "type": "Feature",
      "id": "building.hartwell_tavern",
      "geometry": {
        "type": "Polygon",
        "coordinates": [
          [
            [
              1575.26,
              1529.08
            ],
            [
              1598.07,
              1537.6
            ],
            [
              1618.14,
              1523.82
            ],
            [
              1614.34,
              1492.85
            ],
            [
              1571.46,
              1498.12
            ],
            [
              1575.26,
              1529.08
            ]
          ]
        ]
      },
      "properties": {
        "id": "building.hartwell_tavern",
        "name": "Hartwell Tavern",
        "category": "building",
        "kind": "structure",
        "layer": 60,
        "playable": false,
        "insidePlayArea": true,
        "historical": "Still standing on the Battle Road.",
        "anchor": [
          934,
          238
        ],
        "artNote": "Draw the outline; anchor is the label/pin point.",
        "label": {
          "text": "Hartwell Tavern",
          "anchor": [
            1509.1,
            1538.4
          ],
          "align": "right",
          "fontSizePx": 24,
          "fontWeight": "regular",
          "color": "#684e2e",
          "widthPx": 166.0,
          "heightPx": 28,
          "priority": 6,
          "subtitle": "Still standing on the Battle Road."
        }
      }
    },
    {
      "type": "Feature",
      "id": "building.capt_smith",
      "geometry": {
        "type": "Polygon",
        "coordinates": [
          [
            [
              1200.67,
              1513.64
            ],
            [
              1221.86,
              1525.62
            ],
            [
              1243.84,
              1515.15
            ],
            [
              1244.93,
              1483.97
            ],
            [
              1201.76,
              1482.46
            ],
            [
              1200.67,
              1513.64
            ]
          ]
        ]
      },
      "properties": {
        "id": "building.capt_smith",
        "name": "Capt. William Smith House",
        "category": "building",
        "kind": "structure",
        "layer": 60,
        "playable": false,
        "insidePlayArea": true,
        "anchor": [
          624,
          248
        ],
        "artNote": "Draw the outline; anchor is the label/pin point.",
        "label": {
          "text": "Capt. William Smith House",
          "anchor": [
            1239.0,
            1491.7
          ],
          "align": "left",
          "fontSizePx": 24,
          "fontWeight": "regular",
          "color": "#684e2e",
          "widthPx": 283.0,
          "heightPx": 28,
          "priority": 6
        }
      }
    },
    {
      "type": "Feature",
      "id": "building.fiske_house",
      "geometry": {
        "type": "Polygon",
        "coordinates": [
          [
            [
              1762.8,
              789.48
            ],
            [
              1784.4,
              800.72
            ],
            [
              1806.0,
              789.48
            ],
            [
              1806.0,
              758.28
            ],
            [
              1762.8,
              758.28
            ],
            [
              1762.8,
              789.48
            ]
          ]
        ]
      },
      "properties": {
        "id": "building.fiske_house",
        "name": "Fiske House",
        "category": "building",
        "kind": "structure",
        "layer": 60,
        "playable": false,
        "insidePlayArea": true,
        "anchor": [
          1092,
          566
        ],
        "artNote": "Draw the outline; anchor is the label/pin point.",
        "label": {
          "text": "Fiske House",
          "anchor": [
            1714.8,
            733.0
          ],
          "align": "right",
          "fontSizePx": 24,
          "fontWeight": "regular",
          "color": "#684e2e",
          "widthPx": 132.0,
          "heightPx": 28,
          "priority": 6
        }
      }
    },
    {
      "type": "Feature",
      "id": "building.hancock_clarke",
      "geometry": {
        "type": "Polygon",
        "coordinates": [
          [
            [
              1824.46,
              1530.06
            ],
            [
              1848.04,
              1536.14
            ],
            [
              1866.56,
              1520.34
            ],
            [
              1859.54,
              1489.94
            ],
            [
              1817.44,
              1499.66
            ],
            [
              1824.46,
              1530.06
            ]
          ]
        ]
      },
      "properties": {
        "id": "building.hancock_clarke",
        "name": "Hancock-Clarke House",
        "category": "building",
        "kind": "structure",
        "layer": 60,
        "playable": false,
        "insidePlayArea": true,
        "historical": "Where Adams and Hancock slept.",
        "anchor": [
          1140,
          226
        ],
        "artNote": "Draw the outline; anchor is the label/pin point.",
        "label": {
          "text": "Hancock-Clarke House",
          "anchor": [
            1718.6,
            1537.7
          ],
          "align": "right",
          "fontSizePx": 24,
          "fontWeight": "regular",
          "color": "#684e2e",
          "widthPx": 243.0,
          "heightPx": 28,
          "priority": 6,
          "subtitle": "Where Adams and Hancock slept."
        }
      }
    },
    {
      "type": "Feature",
      "id": "building.buckman_tavern",
      "geometry": {
        "type": "Polygon",
        "coordinates": [
          [
            [
              1952.02,
              1506.2
            ],
            [
              1975.69,
              1511.87
            ],
            [
              1993.93,
              1495.75
            ],
            [
              1986.38,
              1465.48
            ],
            [
              1944.47,
              1475.93
            ],
            [
              1952.02,
              1506.2
            ]
          ]
        ]
      },
      "properties": {
        "id": "building.buckman_tavern",
        "name": "Buckman Tavern",
        "category": "building",
        "kind": "structure",
        "layer": 60,
        "playable": false,
        "insidePlayArea": true,
        "historical": "Militia mustered here.",
        "anchor": [
          1246,
          254
        ],
        "artNote": "Draw the outline; anchor is the label/pin point.",
        "label": {
          "text": "Buckman Tavern",
          "anchor": [
            1877.4,
            1445.6
          ],
          "align": "right",
          "fontSizePx": 24,
          "fontWeight": "regular",
          "color": "#684e2e",
          "widthPx": 180.0,
          "heightPx": 28,
          "priority": 6,
          "subtitle": "Militia mustered here."
        }
      }
    },
    {
      "type": "Feature",
      "id": "building.munroe_tavern",
      "geometry": {
        "type": "Polygon",
        "coordinates": [
          [
            [
              1959.33,
              830.09
            ],
            [
              1980.73,
              841.7
            ],
            [
              2002.52,
              830.84
            ],
            [
              2003.07,
              799.65
            ],
            [
              1959.88,
              798.89
            ],
            [
              1959.33,
              830.09
            ]
          ]
        ]
      },
      "properties": {
        "id": "building.munroe_tavern",
        "name": "Munroe Tavern",
        "category": "building",
        "kind": "structure",
        "layer": 60,
        "playable": false,
        "insidePlayArea": true,
        "historical": "Percy's headquarters and field hospital.",
        "anchor": [
          1256,
          548
        ],
        "artNote": "Draw the outline; anchor is the label/pin point.",
        "label": {
          "text": "Munroe Tavern",
          "anchor": [
            1997.5,
            807.9
          ],
          "align": "left",
          "fontSizePx": 24,
          "fontWeight": "regular",
          "color": "#684e2e",
          "widthPx": 161.0,
          "heightPx": 28,
          "priority": 6,
          "subtitle": "Percy's headquarters and field hospital."
        }
      }
    },
    {
      "type": "Feature",
      "id": "building.jason_russell",
      "geometry": {
        "type": "Polygon",
        "coordinates": [
          [
            [
              2100.48,
              1151.7
            ],
            [
              2123.57,
              1159.41
            ],
            [
              2143.14,
              1144.94
            ],
            [
              2138.26,
              1114.13
            ],
            [
              2095.6,
              1120.88
            ],
            [
              2100.48,
              1151.7
            ]
          ]
        ]
      },
      "properties": {
        "id": "building.jason_russell",
        "name": "Jason Russell House",
        "category": "building",
        "kind": "structure",
        "layer": 60,
        "playable": false,
        "insidePlayArea": true,
        "historical": "Twelve Americans killed here.",
        "anchor": [
          1338,
          428
        ],
        "artNote": "Draw the outline; anchor is the label/pin point.",
        "label": {
          "text": "Jason Russell House",
          "anchor": [
            2048.3,
            1168.9
          ],
          "align": "right",
          "fontSizePx": 24,
          "fontWeight": "regular",
          "color": "#684e2e",
          "widthPx": 222.0,
          "heightPx": 28,
          "priority": 6,
          "subtitle": "Twelve Americans killed here."
        }
      }
    },
    {
      "type": "Feature",
      "id": "building.coopers_tavern",
      "geometry": {
        "type": "Polygon",
        "coordinates": [
          [
            [
              2124.24,
              723.17
            ],
            [
              2146.74,
              732.47
            ],
            [
              2167.28,
              719.4
            ],
            [
              2164.56,
              688.32
            ],
            [
              2121.52,
              692.08
            ],
            [
              2124.24,
              723.17
            ]
          ]
        ]
      },
      "properties": {
        "id": "building.coopers_tavern",
        "name": "Cooper's Tavern",
        "category": "building",
        "kind": "structure",
        "layer": 60,
        "playable": false,
        "insidePlayArea": true,
        "historical": "Two unarmed men killed inside.",
        "anchor": [
          1392,
          596
        ],
        "artNote": "Draw the outline; anchor is the label/pin point.",
        "label": {
          "text": "Cooper's Tavern",
          "anchor": [
            2021.1,
            690.3
          ],
          "align": "right",
          "fontSizePx": 24,
          "fontWeight": "regular",
          "color": "#684e2e",
          "widthPx": 175.0,
          "heightPx": 28,
          "priority": 6,
          "subtitle": "Two unarmed men killed inside."
        }
      }
    },
    {
      "type": "Feature",
      "id": "marker.meriams_corner",
      "geometry": {
        "type": "Point",
        "coordinates": [
          732.0,
          690.0
        ]
      },
      "properties": {
        "id": "marker.meriams_corner",
        "name": "Meriam's Corner",
        "category": "battle_marker",
        "kind": "engagement",
        "layer": 70,
        "playable": false,
        "insidePlayArea": true,
        "historical": "12:30 pm - first volley of the retreat.",
        "label": {
          "text": "Meriam's Corner",
          "anchor": [
            690.2,
            621.3
          ],
          "align": "right",
          "fontSizePx": 26,
          "fontWeight": "regular",
          "color": "#b02030",
          "widthPx": 191.0,
          "heightPx": 30,
          "priority": 3,
          "subtitle": "12:30 pm - first volley of the retreat."
        }
      }
    },
    {
      "type": "Feature",
      "id": "marker.bloody_angle",
      "geometry": {
        "type": "Point",
        "coordinates": [
          1424.4,
          699.12
        ]
      },
      "properties": {
        "id": "marker.bloody_angle",
        "name": "Bloody Angle",
        "category": "battle_marker",
        "kind": "engagement",
        "layer": 70,
        "playable": false,
        "insidePlayArea": true,
        "historical": "1:00 pm - heaviest British loss of the day.",
        "label": {
          "text": "Bloody Angle",
          "anchor": [
            1361.3,
            728.6
          ],
          "align": "right",
          "fontSizePx": 26,
          "fontWeight": "regular",
          "color": "#b02030",
          "widthPx": 150.0,
          "heightPx": 30,
          "priority": 3,
          "subtitle": "1:00 pm - heaviest British loss of the day."
        }
      }
    },
    {
      "type": "Feature",
      "id": "marker.british_grave",
      "geometry": {
        "type": "Point",
        "coordinates": [
          1237.2,
          544.08
        ]
      },
      "properties": {
        "id": "marker.british_grave",
        "name": "British grave",
        "category": "battle_marker",
        "kind": "engagement",
        "layer": 70,
        "playable": false,
        "insidePlayArea": true,
        "historical": "Two regulars buried where they fell.",
        "label": {
          "text": "British grave",
          "anchor": [
            1177.6,
            573.5
          ],
          "align": "right",
          "fontSizePx": 26,
          "fontWeight": "regular",
          "color": "#b02030",
          "widthPx": 143.0,
          "heightPx": 30,
          "priority": 3,
          "subtitle": "Two regulars buried where they fell."
        }
      }
    },
    {
      "type": "Feature",
      "id": "marker.parkers_revenge",
      "geometry": {
        "type": "Point",
        "coordinates": [
          1676.4,
          1027.44
        ]
      },
      "properties": {
        "id": "marker.parkers_revenge",
        "name": "Parker's Revenge",
        "category": "battle_marker",
        "kind": "engagement",
        "layer": 70,
        "playable": false,
        "insidePlayArea": true,
        "historical": "2:00 pm - Capt. Parker's militia return the ambush.",
        "label": {
          "text": "Parker's Revenge",
          "anchor": [
            1563.0,
            968.0
          ],
          "align": "right",
          "fontSizePx": 26,
          "fontWeight": "regular",
          "color": "#b02030",
          "widthPx": 203.0,
          "heightPx": 30,
          "priority": 3,
          "subtitle": "2:00 pm - Capt. Parker's militia return the ambush."
        }
      }
    },
    {
      "type": "Feature",
      "id": "marker.revere_capture",
      "geometry": {
        "type": "Point",
        "coordinates": [
          1678.8,
          1374.0
        ]
      },
      "properties": {
        "id": "marker.revere_capture",
        "name": "Paul Revere capture site",
        "category": "battle_marker",
        "kind": "engagement",
        "layer": 70,
        "playable": false,
        "insidePlayArea": true,
        "historical": "Revere taken by a British patrol.",
        "label": {
          "text": "Paul Revere capture site",
          "anchor": [
            1567.3,
            1465.3
          ],
          "align": "right",
          "fontSizePx": 26,
          "fontWeight": "regular",
          "color": "#b02030",
          "widthPx": 280.0,
          "heightPx": 30,
          "priority": 3,
          "subtitle": "Revere taken by a British patrol."
        }
      }
    },
    {
      "type": "Feature",
      "id": "marker.lexington_green",
      "geometry": {
        "type": "Point",
        "coordinates": [
          1918.8,
          1246.32
        ]
      },
      "properties": {
        "id": "marker.lexington_green",
        "name": "Lexington Green",
        "category": "battle_marker",
        "kind": "engagement",
        "layer": 70,
        "playable": false,
        "insidePlayArea": true,
        "historical": "5:30 am - the first shots of the war.",
        "label": {
          "text": "Lexington Green",
          "anchor": [
            1836.7,
            1186.9
          ],
          "align": "right",
          "fontSizePx": 26,
          "fontWeight": "regular",
          "color": "#b02030",
          "widthPx": 188.0,
          "heightPx": 30,
          "priority": 3,
          "subtitle": "5:30 am - the first shots of the war."
        }
      }
    },
    {
      "type": "Feature",
      "id": "marker.watsons_corner",
      "geometry": {
        "type": "Point",
        "coordinates": [
          2228.4,
          598.8
        ]
      },
      "properties": {
        "id": "marker.watsons_corner",
        "name": "Watson's Corner",
        "category": "battle_marker",
        "kind": "engagement",
        "layer": 70,
        "playable": false,
        "insidePlayArea": true,
        "historical": "Maj. Gardner and the Cambridge militia caught by flankers.",
        "label": {
          "text": "Watson's Corner",
          "anchor": [
            2067.9,
            648.9
          ],
          "align": "right",
          "fontSizePx": 26,
          "fontWeight": "regular",
          "color": "#b02030",
          "widthPx": 191.0,
          "heightPx": 30,
          "priority": 3,
          "subtitle": "Maj. Gardner and the Cambridge militia caught by flankers."
        }
      }
    },
    {
      "type": "Feature",
      "id": "marker.charlestown_neck",
      "geometry": {
        "type": "Point",
        "coordinates": [
          2391.6,
          863.28
        ]
      },
      "properties": {
        "id": "marker.charlestown_neck",
        "name": "Charlestown Neck",
        "category": "battle_marker",
        "kind": "engagement",
        "layer": 70,
        "playable": false,
        "insidePlayArea": true,
        "historical": "7:00 pm - Heath halts the pursuit; the column reaches safety.",
        "label": {
          "text": "Charlestown Neck",
          "anchor": [
            2275.2,
            803.8
          ],
          "align": "right",
          "fontSizePx": 26,
          "fontWeight": "regular",
          "color": "#b02030",
          "widthPx": 209.0,
          "heightPx": 30,
          "priority": 3,
          "subtitle": "7:00 pm - Heath halts the pursuit; the column reaches safety."
        }
      }
    },
    {
      "type": "Feature",
      "id": "vessel.hms_somerset",
      "geometry": {
        "type": "Point",
        "coordinates": [
          2677.2,
          598.8
        ]
      },
      "properties": {
        "id": "vessel.hms_somerset",
        "name": "HMS Somerset",
        "category": "vessel",
        "kind": "ship_of_the_line",
        "layer": 65,
        "playable": false,
        "insidePlayArea": false,
        "historical": "64-gun ship anchored in the harbour; covered the Charlestown ferry way.",
        "label": {
          "text": "HMS Somerset",
          "anchor": [
            2572.4,
            495.9
          ],
          "align": "right",
          "fontSizePx": 24,
          "fontWeight": "regular",
          "color": "#344a6e",
          "widthPx": 162.0,
          "heightPx": 28,
          "priority": 7,
          "subtitle": "64-gun ship anchored in the harbour; covered the Charlestown ferry way."
        }
      }
    },
    {
      "type": "Feature",
      "id": "terrain.copps_hill",
      "geometry": {
        "type": "Polygon",
        "coordinates": [
          [
            [
              2758.44,
              1496.12
            ],
            [
              2757.83,
              1480.91
            ],
            [
              2741.72,
              1468.9
            ],
            [
              2718.53,
              1463.09
            ],
            [
              2697.05,
              1460.64
            ],
            [
              2677.2,
              1457.48
            ],
            [
              2653.92,
              1454.53
            ],
            [
              2628.22,
              1456.98
            ],
            [
              2609.26,
              1467.46
            ],
            [
              2604.22,
              1482.36
            ],
            [
              2609.64,
              1496.12
            ],
            [
              2616.31,
              1507.61
            ],
            [
              2621.34,
              1519.69
            ],
            [
              2631.07,
              1532.99
            ],
            [
              2651.07,
              1542.81
            ],
            [
              2677.2,
              1543.88
            ],
            [
              2699.91,
              1536.7
            ],
            [
              2715.68,
              1526.88
            ],
            [
              2729.64,
              1518.24
            ],
            [
              2745.74,
              1509.05
            ],
            [
              2758.44,
              1496.12
            ]
          ]
        ]
      },
      "properties": {
        "id": "terrain.copps_hill",
        "name": "Copp's Hill",
        "category": "terrain",
        "kind": "hill",
        "layer": 20,
        "playable": false,
        "insidePlayArea": false,
        "label": {
          "text": "Copp's Hill",
          "anchor": [
            2619.6,
            1527.1
          ],
          "align": "right",
          "fontSizePx": 26,
          "fontWeight": "regular",
          "color": "#566a44",
          "widthPx": 123.0,
          "heightPx": 30,
          "priority": 4
        }
      }
    },
    {
      "type": "Feature",
      "id": "terrain.dorchester",
      "geometry": {
        "type": "Polygon",
        "coordinates": [
          [
            [
              2896.09,
              360.0
            ],
            [
              2880.4,
              338.68
            ],
            [
              2848.69,
              324.28
            ],
            [
              2817.23,
              314.81
            ],
            [
              2788.71,
              304.54
            ],
            [
              2754.0,
              293.88
            ],
            [
              2710.65,
              290.73
            ],
            [
              2671.44,
              301.0
            ],
            [
              2650.67,
              321.02
            ],
            [
              2646.93,
              341.94
            ],
            [
              2646.49,
              360.0
            ],
            [
              2643.02,
              378.72
            ],
            [
              2646.76,
              400.46
            ],
            [
              2670.52,
              419.66
            ],
            [
              2711.57,
              427.8
            ],
            [
              2754.0,
              423.48
            ],
            [
              2787.78,
              413.98
            ],
            [
              2818.15,
              405.85
            ],
            [
              2852.6,
              397.2
            ],
            [
              2884.31,
              381.98
            ],
            [
              2896.09,
              360.0
            ]
          ]
        ]
      },
      "properties": {
        "id": "terrain.dorchester",
        "name": "Dorchester Heights",
        "category": "terrain",
        "kind": "hill",
        "layer": 20,
        "playable": false,
        "insidePlayArea": false,
        "label": {
          "text": "Dorchester Heights",
          "anchor": [
            2642.0,
            377.8
          ],
          "align": "right",
          "fontSizePx": 26,
          "fontWeight": "regular",
          "color": "#566a44",
          "widthPx": 220.0,
          "heightPx": 30,
          "priority": 4
        }
      }
    },
    {
      "type": "Feature",
      "id": "terrain.concord_orchard",
      "geometry": {
        "type": "Polygon",
        "coordinates": [
          [
            [
              187.98,
              1027.44
            ],
            [
              192.48,
              1008.35
            ],
            [
              188.79,
              986.33
            ],
            [
              166.37,
              967.68
            ],
            [
              129.42,
              960.56
            ],
            [
              92.4,
              965.21
            ],
            [
              62.79,
              973.94
            ],
            [
              35.0,
              981.07
            ],
            [
              3.42,
              989.49
            ],
            [
              -24.26,
              1005.19
            ],
            [
              -32.82,
              1027.44
            ],
            [
              -17.51,
              1048.4
            ],
            [
              10.16,
              1062.51
            ],
            [
              36.59,
              1072.53
            ],
            [
              61.19,
              1083.81
            ],
            [
              92.4,
              1094.81
            ],
            [
              131.02,
              1097.2
            ],
            [
              164.78,
              1085.91
            ],
            [
              182.05,
              1065.67
            ],
            [
              185.74,
              1045.24
            ],
            [
              187.98,
              1027.44
            ]
          ]
        ]
      },
      "properties": {
        "id": "terrain.concord_orchard",
        "name": "Barrett's orchard",
        "category": "terrain",
        "kind": "hill",
        "layer": 20,
        "playable": false,
        "insidePlayArea": false,
        "label": {
          "text": "Barrett's orchard",
          "anchor": [
            117.0,
            1012.4
          ],
          "align": "left",
          "fontSizePx": 26,
          "fontWeight": "regular",
          "color": "#566a44",
          "widthPx": 189.0,
          "heightPx": 30,
          "priority": 4
        }
      }
    },
    {
      "type": "Feature",
      "id": "terrain.great_meadows",
      "geometry": {
        "type": "Polygon",
        "coordinates": [
          [
            [
              1061.26,
              264.0
            ],
            [
              1031.04,
              238.85
            ],
            [
              981.64,
              221.86
            ],
            [
              936.02,
              208.84
            ],
            [
              892.02,
              193.85
            ],
            [
              834.0,
              180.19
            ],
            [
              763.15,
              178.34
            ],
            [
              703.29,
              193.32
            ],
            [
              673.52,
              218.2
            ],
            [
              665.65,
              242.51
            ],
            [
              658.06,
              264.0
            ],
            [
              647.58,
              287.8
            ],
            [
              655.45,
              314.96
            ],
            [
              699.02,
              336.99
            ],
            [
              767.42,
              344.5
            ],
            [
              834.0,
              338.59
            ],
            [
              887.75,
              328.99
            ],
            [
              940.28,
              321.47
            ],
            [
              999.72,
              311.3
            ],
            [
              1049.12,
              291.46
            ],
            [
              1061.26,
              264.0
            ]
          ]
        ]
      },
      "properties": {
        "id": "terrain.great_meadows",
        "name": "Great Meadows marsh",
        "category": "terrain",
        "kind": "marsh",
        "layer": 20,
        "playable": false,
        "insidePlayArea": false,
        "label": {
          "text": "Great Meadows marsh",
          "anchor": [
            714.8,
            359.0
          ],
          "align": "right",
          "fontSizePx": 26,
          "fontWeight": "regular",
          "color": "#566a44",
          "widthPx": 260.0,
          "heightPx": 30,
          "priority": 4
        }
      }
    },
    {
      "type": "Feature",
      "id": "terrain.woburn_woods",
      "geometry": {
        "type": "Polygon",
        "coordinates": [
          [
            [
              1810.93,
              1872.0
            ],
            [
              1797.86,
              1847.02
            ],
            [
              1787.72,
              1819.97
            ],
            [
              1763.47,
              1790.79
            ],
            [
              1713.38,
              1770.56
            ],
            [
              1650.0,
              1769.83
            ],
            [
              1596.15,
              1785.82
            ],
            [
              1557.85,
              1806.05
            ],
            [
              1521.82,
              1823.57
            ],
            [
              1480.82,
              1843.42
            ],
            [
              1450.93,
              1872.0
            ],
            [
              1455.47,
              1904.87
            ],
            [
              1496.47,
              1930.0
            ],
            [
              1551.87,
              1942.23
            ],
            [
              1602.14,
              1948.6
            ],
            [
              1650.0,
              1957.03
            ],
            [
              1707.4,
              1963.86
            ],
            [
              1769.45,
              1957.5
            ],
            [
              1813.06,
              1933.61
            ],
            [
              1823.2,
              1901.26
            ],
            [
              1810.93,
              1872.0
            ]
          ]
        ]
      },
      "properties": {
        "id": "terrain.woburn_woods",
        "name": "Woburn woods",
        "category": "terrain",
        "kind": "woodland",
        "layer": 20,
        "playable": false,
        "insidePlayArea": false,
        "label": {
          "text": "Woburn woods",
          "anchor": [
            1584.1,
            1901.4
          ],
          "align": "right",
          "fontSizePx": 26,
          "fontWeight": "regular",
          "color": "#566a44",
          "widthPx": 171.0,
          "heightPx": 30,
          "priority": 4
        }
      }
    },
    {
      "type": "Feature",
      "id": "terrain.bedford_woods",
      "geometry": {
        "type": "Polygon",
        "coordinates": [
          [
            [
              1158.87,
              1848.0
            ],
            [
              1131.66,
              1824.65
            ],
            [
              1105.5,
              1805.44
            ],
            [
              1081.34,
              1784.23
            ],
            [
              1044.52,
              1762.88
            ],
            [
              990.0,
              1752.36
            ],
            [
              933.84,
              1760.33
            ],
            [
              895.0,
              1781.68
            ],
            [
              872.87,
              1804.83
            ],
            [
              851.99,
              1825.25
            ],
            [
              827.67,
              1848.0
            ],
            [
              816.67,
              1876.57
            ],
            [
              837.55,
              1904.18
            ],
            [
              886.66,
              1920.14
            ],
            [
              942.18,
              1922.66
            ],
            [
              990.0,
              1920.36
            ],
            [
              1036.19,
              1920.1
            ],
            [
              1089.68,
              1917.59
            ],
            [
              1140.82,
              1903.58
            ],
            [
              1166.98,
              1877.17
            ],
            [
              1158.87,
              1848.0
            ]
          ]
        ]
      },
      "properties": {
        "id": "terrain.bedford_woods",
        "name": "Bedford woods",
        "category": "terrain",
        "kind": "woodland",
        "layer": 20,
        "playable": false,
        "insidePlayArea": false,
        "label": {
          "text": "Bedford woods",
          "anchor": [
            808.0,
            1833.0
          ],
          "align": "right",
          "fontSizePx": 26,
          "fontWeight": "regular",
          "color": "#566a44",
          "widthPx": 170.0,
          "heightPx": 30,
          "priority": 4
        }
      }
    },
    {
      "type": "Feature",
      "id": "town.roxbury",
      "geometry": {
        "type": "Polygon",
        "coordinates": [
          [
            [
              2794.45,
              156.0
            ],
            [
              2777.9,
              134.66
            ],
            [
              2750.85,
              120.24
            ],
            [
              2725.87,
              109.19
            ],
            [
              2701.77,
              96.48
            ],
            [
              2670.0,
              84.88
            ],
            [
              2631.2,
              83.32
            ],
            [
              2598.42,
              96.03
            ],
            [
              2582.12,
              117.14
            ],
            [
              2577.81,
              137.77
            ],
            [
              2573.65,
              156.0
            ],
            [
              2567.91,
              176.19
            ],
            [
              2572.22,
              199.24
            ],
            [
              2596.08,
              217.93
            ],
            [
              2633.54,
              224.3
            ],
            [
              2670.0,
              219.28
            ],
            [
              2699.43,
              211.14
            ],
            [
              2728.2,
              204.76
            ],
            [
              2760.75,
              196.13
            ],
            [
              2787.8,
              179.3
            ],
            [
              2794.45,
              156.0
            ]
          ]
        ]
      },
      "properties": {
        "id": "town.roxbury",
        "name": "Roxbury",
        "category": "settlement",
        "kind": "town",
        "layer": 30,
        "playable": false,
        "insidePlayArea": false,
        "label": {
          "text": "Roxbury",
          "anchor": [
            2695.9,
            139.0
          ],
          "align": "left",
          "fontSizePx": 30,
          "fontWeight": "bold",
          "color": "#966c4c",
          "widthPx": 122.0,
          "heightPx": 34,
          "priority": 2
        }
      }
    },
    {
      "type": "Feature",
      "id": "town.billerica",
      "geometry": {
        "type": "Polygon",
        "coordinates": [
          [
            [
              881.69,
              1968.0
            ],
            [
              864.34,
              1950.66
            ],
            [
              847.65,
              1936.38
            ],
            [
              832.25,
              1920.63
            ],
            [
              808.77,
              1904.77
            ],
            [
              774.0,
              1896.95
            ],
            [
              738.19,
              1902.87
            ],
            [
              713.42,
              1918.73
            ],
            [
              699.31,
              1935.93
            ],
            [
              686.0,
              1951.1
            ],
            [
              670.49,
              1968.0
            ],
            [
              663.47,
              1989.22
            ],
            [
              676.78,
              2009.74
            ],
            [
              708.11,
              2021.59
            ],
            [
              743.5,
              2023.46
            ],
            [
              774.0,
              2021.75
            ],
            [
              803.45,
              2021.56
            ],
            [
              837.56,
              2019.7
            ],
            [
              870.17,
              2009.29
            ],
            [
              886.86,
              1989.67
            ],
            [
              881.69,
              1968.0
            ]
          ]
        ]
      },
      "properties": {
        "id": "town.billerica",
        "name": "Billerica",
        "category": "settlement",
        "kind": "town",
        "layer": 30,
        "playable": false,
        "insidePlayArea": false,
        "label": {
          "text": "Billerica",
          "anchor": [
            720.6,
            1988.0
          ],
          "align": "right",
          "fontSizePx": 30,
          "fontWeight": "bold",
          "color": "#966c4c",
          "widthPx": 117.0,
          "heightPx": 34,
          "priority": 2
        }
      }
    },
    {
      "type": "Feature",
      "id": "town.woburn",
      "geometry": {
        "type": "Polygon",
        "coordinates": [
          [
            [
              1932.79,
              1968.0
            ],
            [
              1916.23,
              1951.32
            ],
            [
              1900.3,
              1937.6
            ],
            [
              1885.6,
              1922.45
            ],
            [
              1863.19,
              1907.2
            ],
            [
              1830.0,
              1899.68
            ],
            [
              1795.82,
              1905.38
            ],
            [
              1772.18,
              1920.63
            ],
            [
              1758.7,
              1937.17
            ],
            [
              1746.0,
              1951.75
            ],
            [
              1731.19,
              1968.0
            ],
            [
              1724.5,
              1988.4
            ],
            [
              1737.2,
              2008.13
            ],
            [
              1767.1,
              2019.53
            ],
            [
              1800.89,
              2021.33
            ],
            [
              1830.0,
              2019.68
            ],
            [
              1858.11,
              2019.5
            ],
            [
              1890.67,
              2017.71
            ],
            [
              1921.8,
              2007.7
            ],
            [
              1937.73,
              1988.84
            ],
            [
              1932.79,
              1968.0
            ]
          ]
        ]
      },
      "properties": {
        "id": "town.woburn",
        "name": "Woburn",
        "category": "settlement",
        "kind": "town",
        "layer": 30,
        "playable": false,
        "insidePlayArea": false,
        "label": {
          "text": "Woburn",
          "anchor": [
            1854.9,
            1951.0
          ],
          "align": "left",
          "fontSizePx": 30,
          "fontWeight": "bold",
          "color": "#966c4c",
          "widthPx": 112.0,
          "heightPx": 34,
          "priority": 2
        }
      }
    },
    {
      "type": "Feature",
      "id": "town.sudbury",
      "geometry": {
        "type": "Polygon",
        "coordinates": [
          [
            [
              413.04,
              156.0
            ],
            [
              397.21,
              136.18
            ],
            [
              371.34,
              122.8
            ],
            [
              347.44,
              112.54
            ],
            [
              324.39,
              100.73
            ],
            [
              294.0,
              89.96
            ],
            [
              256.89,
              88.51
            ],
            [
              225.53,
              100.31
            ],
            [
              209.94,
              119.91
            ],
            [
              205.82,
              139.07
            ],
            [
              201.84,
              156.0
            ],
            [
              196.35,
              174.75
            ],
            [
              200.47,
              196.15
            ],
            [
              223.3,
              213.5
            ],
            [
              259.12,
              219.43
            ],
            [
              294.0,
              214.76
            ],
            [
              322.15,
              207.2
            ],
            [
              349.67,
              201.28
            ],
            [
              380.81,
              193.27
            ],
            [
              406.68,
              177.63
            ],
            [
              413.04,
              156.0
            ]
          ]
        ]
      },
      "properties": {
        "id": "town.sudbury",
        "name": "Sudbury",
        "category": "settlement",
        "kind": "town",
        "layer": 30,
        "playable": false,
        "insidePlayArea": false,
        "label": {
          "text": "Sudbury",
          "anchor": [
            319.7,
            139.0
          ],
          "align": "left",
          "fontSizePx": 30,
          "fontWeight": "bold",
          "color": "#966c4c",
          "widthPx": 121.0,
          "heightPx": 34,
          "priority": 2
        }
      }
    },
    {
      "type": "Feature",
      "id": "town.medford",
      "geometry": {
        "type": "Polygon",
        "coordinates": [
          [
            [
              2433.27,
              1860.0
            ],
            [
              2437.38,
              1842.33
            ],
            [
              2434.01,
              1821.94
            ],
            [
              2413.54,
              1804.67
            ],
            [
              2379.8,
              1798.07
            ],
            [
              2346.0,
              1802.38
            ],
            [
              2318.96,
              1810.47
            ],
            [
              2293.59,
              1817.06
            ],
            [
              2264.75,
              1824.86
            ],
            [
              2239.49,
              1839.4
            ],
            [
              2231.67,
              1860.0
            ],
            [
              2245.65,
              1879.41
            ],
            [
              2270.91,
              1892.47
            ],
            [
              2295.04,
              1901.75
            ],
            [
              2317.51,
              1912.2
            ],
            [
              2346.0,
              1922.38
            ],
            [
              2381.26,
              1924.59
            ],
            [
              2412.09,
              1914.14
            ],
            [
              2427.85,
              1895.4
            ],
            [
              2431.22,
              1876.48
            ],
            [
              2433.27,
              1860.0
            ]
          ]
        ]
      },
      "properties": {
        "id": "town.medford",
        "name": "Medford",
        "category": "settlement",
        "kind": "town",
        "layer": 30,
        "playable": false,
        "insidePlayArea": false,
        "label": {
          "text": "Medford",
          "anchor": [
            2370.2,
            1843.0
          ],
          "align": "left",
          "fontSizePx": 30,
          "fontWeight": "bold",
          "color": "#966c4c",
          "widthPx": 118.0,
          "heightPx": 34,
          "priority": 2
        }
      }
    },
    {
      "type": "Feature",
      "id": "building.old_north_church",
      "geometry": {
        "type": "Polygon",
        "coordinates": [
          [
            [
              2705.82,
              1322.42
            ],
            [
              2724.88,
              1337.57
            ],
            [
              2748.23,
              1330.66
            ],
            [
              2754.18,
              1300.04
            ],
            [
              2711.77,
              1291.79
            ],
            [
              2705.82,
              1322.42
            ]
          ]
        ]
      },
      "properties": {
        "id": "building.old_north_church",
        "name": "Old North Church",
        "category": "building",
        "kind": "structure",
        "layer": 60,
        "playable": false,
        "insidePlayArea": false,
        "historical": "Two lanterns hung in the steeple on the night of 18 April 1775.",
        "anchor": [
          1880,
          330
        ],
        "label": {
          "text": "Old North Church",
          "anchor": [
            2632.6,
            1269.5
          ],
          "align": "right",
          "fontSizePx": 24,
          "fontWeight": "regular",
          "color": "#684e2e",
          "widthPx": 185.0,
          "heightPx": 28,
          "priority": 6,
          "subtitle": "Two lanterns hung in the steeple on the night of 18 April 1775."
        }
      }
    },
    {
      "type": "Feature",
      "id": "building.concord_meetinghouse",
      "geometry": {
        "type": "Polygon",
        "coordinates": [
          [
            [
              178.27,
              552.67
            ],
            [
              199.46,
              564.65
            ],
            [
              221.44,
              554.18
            ],
            [
              222.53,
              523.0
            ],
            [
              179.36,
              521.49
            ],
            [
              178.27,
              552.67
            ]
          ]
        ]
      },
      "properties": {
        "id": "building.concord_meetinghouse",
        "name": "Concord Meetinghouse",
        "category": "building",
        "kind": "structure",
        "layer": 60,
        "playable": false,
        "insidePlayArea": false,
        "anchor": [
          -228,
          764
        ],
        "label": {
          "text": "Concord Meetinghouse",
          "anchor": [
            74.6,
            420.8
          ],
          "align": "right",
          "fontSizePx": 24,
          "fontWeight": "regular",
          "color": "#684e2e",
          "widthPx": 244.0,
          "heightPx": 28,
          "priority": 6
        }
      }
    },
    {
      "type": "Feature",
      "id": "building.barretts_mill",
      "geometry": {
        "type": "Polygon",
        "coordinates": [
          [
            [
              30.89,
              686.45
            ],
            [
              51.2,
              699.88
            ],
            [
              73.85,
              690.96
            ],
            [
              77.11,
              659.93
            ],
            [
              34.15,
              655.42
            ],
            [
              30.89,
              686.45
            ]
          ]
        ]
      },
      "properties": {
        "id": "building.barretts_mill",
        "name": "Barrett's Mill",
        "category": "building",
        "kind": "structure",
        "layer": 60,
        "playable": false,
        "insidePlayArea": false,
        "anchor": [
          -350,
          610
        ],
        "label": {
          "text": "Barrett's Mill",
          "anchor": [
            12.7,
            772.1
          ],
          "align": "right",
          "fontSizePx": 24,
          "fontWeight": "regular",
          "color": "#684e2e",
          "widthPx": 131.0,
          "heightPx": 28,
          "priority": 6
        }
      }
    },
    {
      "type": "Feature",
      "id": "building.powder_house",
      "geometry": {
        "type": "Polygon",
        "coordinates": [
          [
            [
              2215.61,
              1814.45
            ],
            [
              2236.6,
              1826.8
            ],
            [
              2258.75,
              1816.71
            ],
            [
              2260.39,
              1785.55
            ],
            [
              2217.25,
              1783.29
            ],
            [
              2215.61,
              1814.45
            ]
          ]
        ]
      },
      "properties": {
        "id": "building.powder_house",
        "name": "Provincial Powder House",
        "category": "building",
        "kind": "structure",
        "layer": 60,
        "playable": false,
        "insidePlayArea": false,
        "anchor": [
          1470,
          -190
        ],
        "label": {
          "text": "Provincial Powder House",
          "anchor": [
            2254.0,
            1792.9
          ],
          "align": "left",
          "fontSizePx": 24,
          "fontWeight": "regular",
          "color": "#684e2e",
          "widthPx": 264.0,
          "heightPx": 28,
          "priority": 6
        }
      }
    },
    {
      "type": "Feature",
      "id": "building.buckman_farm",
      "geometry": {
        "type": "Polygon",
        "coordinates": [
          [
            [
              382.15,
              209.77
            ],
            [
              404.8,
              218.69
            ],
            [
              425.11,
              205.26
            ],
            [
              421.85,
              174.23
            ],
            [
              378.89,
              178.74
            ],
            [
              382.15,
              209.77
            ]
          ]
        ]
      },
      "properties": {
        "id": "building.buckman_farm",
        "name": "Sudbury farmstead",
        "category": "building",
        "kind": "structure",
        "layer": 60,
        "playable": false,
        "insidePlayArea": false,
        "anchor": [
          -60,
          1150
        ],
        "label": {
          "text": "Sudbury farmstead",
          "anchor": [
            178.2,
            185.4
          ],
          "align": "right",
          "fontSizePx": 24,
          "fontWeight": "regular",
          "color": "#684e2e",
          "widthPx": 201.0,
          "heightPx": 28,
          "priority": 6
        }
      }
    },
    {
      "type": "Feature",
      "id": "building.bedford_meetinghouse",
      "geometry": {
        "type": "Polygon",
        "coordinates": [
          [
            [
              1016.96,
              1972.34
            ],
            [
              1038.94,
              1982.82
            ],
            [
              1060.13,
              1970.84
            ],
            [
              1059.04,
              1939.66
            ],
            [
              1015.87,
              1941.16
            ],
            [
              1016.96,
              1972.34
            ]
          ]
        ]
      },
      "properties": {
        "id": "building.bedford_meetinghouse",
        "name": "Bedford Meetinghouse",
        "category": "building",
        "kind": "structure",
        "layer": 60,
        "playable": false,
        "insidePlayArea": false,
        "anchor": [
          470,
          -320
        ],
        "label": {
          "text": "Bedford Meetinghouse",
          "anchor": [
            935.3,
            2022.6
          ],
          "align": "right",
          "fontSizePx": 24,
          "fontWeight": "regular",
          "color": "#684e2e",
          "widthPx": 238.0,
          "heightPx": 28,
          "priority": 6
        }
      }
    },
    {
      "type": "Feature",
      "id": "water.mill_brook",
      "geometry": {
        "type": "LineString",
        "coordinates": [
          [
            -30.0,
            508.32
          ],
          [
            114.0,
            561.12
          ],
          [
            246.0,
            597.12
          ],
          [
            378.0,
            621.12
          ],
          [
            510.0,
            628.32
          ]
        ]
      },
      "properties": {
        "id": "water.mill_brook",
        "name": "Mill Brook",
        "category": "water",
        "kind": "stream",
        "layer": 10,
        "playable": false,
        "insidePlayArea": false,
        "widthPx": 21.6,
        "label": {
          "text": "Mill Brook",
          "anchor": [
            82.7,
            610.6
          ],
          "align": "right",
          "fontSizePx": 26,
          "fontWeight": "regular",
          "color": "#4a84aa",
          "widthPx": 114.0,
          "heightPx": 30,
          "priority": 5
        }
      }
    },
    {
      "type": "Feature",
      "id": "water.mill_pond",
      "geometry": {
        "type": "Polygon",
        "coordinates": [
          [
            [
              2725.92,
              1491.46
            ],
            [
              2725.52,
              1477.49
            ],
            [
              2720.09,
              1462.36
            ],
            [
              2703.17,
              1448.92
            ],
            [
              2675.65,
              1442.12
            ],
            [
              2646.0,
              1443.48
            ],
            [
              2620.79,
              1449.51
            ],
            [
              2598.76,
              1456.31
            ],
            [
              2576.35,
              1464.1
            ],
            [
              2556.55,
              1475.75
            ],
            [
              2548.32,
              1491.46
            ],
            [
              2556.61,
              1507.16
            ],
            [
              2576.41,
              1518.79
            ],
            [
              2598.78,
              1526.59
            ],
            [
              2620.77,
              1533.43
            ],
            [
              2646.0,
              1539.48
            ],
            [
              2675.67,
              1540.81
            ],
            [
              2703.15,
              1533.98
            ],
            [
              2720.03,
              1520.53
            ],
            [
              2725.46,
              1505.41
            ],
            [
              2725.92,
              1491.46
            ]
          ]
        ]
      },
      "properties": {
        "id": "water.mill_pond",
        "name": "Mill Pond",
        "category": "water",
        "kind": "lake",
        "layer": 10,
        "playable": false,
        "insidePlayArea": false,
        "label": {
          "text": "Mill Pond",
          "anchor": [
            2573.0,
            1387.6
          ],
          "align": "right",
          "fontSizePx": 26,
          "fontWeight": "regular",
          "color": "#4a84aa",
          "widthPx": 106.0,
          "heightPx": 30,
          "priority": 5
        }
      }
    },
    {
      "type": "Feature",
      "id": "water.spot_pond",
      "geometry": {
        "type": "Polygon",
        "coordinates": [
          [
            [
              2149.49,
              1932.0
            ],
            [
              2152.82,
              1916.62
            ],
            [
              2144.54,
              1901.05
            ],
            [
              2123.18,
              1890.17
            ],
            [
              2095.8,
              1886.63
            ],
            [
              2070.0,
              1888.05
            ],
            [
              2046.46,
              1890.6
            ],
            [
              2021.86,
              1894.14
            ],
            [
              1997.72,
              1901.99
            ],
            [
              1982.14,
              1915.69
            ],
            [
              1981.49,
              1932.0
            ],
            [
              1993.05,
              1946.29
            ],
            [
              2008.62,
              1957.48
            ],
            [
              2024.43,
              1967.84
            ],
            [
              2043.88,
              1977.93
            ],
            [
              2070.0,
              1984.05
            ],
            [
              2098.37,
              1981.9
            ],
            [
              2120.61,
              1971.8
            ],
            [
              2133.63,
              1958.42
            ],
            [
              2141.92,
              1945.35
            ],
            [
              2149.49,
              1932.0
            ]
          ]
        ]
      },
      "properties": {
        "id": "water.spot_pond",
        "name": "Spot Pond",
        "category": "water",
        "kind": "lake",
        "layer": 10,
        "playable": false,
        "insidePlayArea": false,
        "label": {
          "text": "Spot Pond",
          "anchor": [
            2093.8,
            1917.0
          ],
          "align": "left",
          "fontSizePx": 26,
          "fontWeight": "regular",
          "color": "#4a84aa",
          "widthPx": 118.0,
          "heightPx": 30,
          "priority": 5
        }
      }
    },
    {
      "type": "Feature",
      "id": "vessel.hms_lively",
      "geometry": {
        "type": "Point",
        "coordinates": [
          2826.0,
          918.0
        ]
      },
      "properties": {
        "id": "vessel.hms_lively",
        "name": "HMS Lively",
        "category": "vessel",
        "kind": "ship_of_the_line",
        "layer": 65,
        "playable": false,
        "insidePlayArea": false,
        "historical": "Covered the Charlestown ferry.",
        "label": {
          "text": "HMS Lively",
          "anchor": [
            2736.0,
            956.0
          ],
          "align": "right",
          "fontSizePx": 24,
          "fontWeight": "regular",
          "color": "#344a6e",
          "widthPx": 120.0,
          "heightPx": 28,
          "priority": 7,
          "subtitle": "Covered the Charlestown ferry."
        }
      }
    },
    {
      "type": "Feature",
      "id": "vessel.transport_1",
      "geometry": {
        "type": "Point",
        "coordinates": [
          2898.0,
          523.2
        ]
      },
      "properties": {
        "id": "vessel.transport_1",
        "name": "Troop transport",
        "category": "vessel",
        "kind": "small_craft",
        "layer": 65,
        "playable": false,
        "insidePlayArea": false,
        "label": {
          "text": "Troop transport",
          "anchor": [
            2918.0,
            509.2
          ],
          "align": "left",
          "fontSizePx": 24,
          "fontWeight": "regular",
          "color": "#344a6e",
          "widthPx": 163.0,
          "heightPx": 28,
          "priority": 7
        }
      }
    },
    {
      "type": "Feature",
      "id": "vessel.longboat",
      "geometry": {
        "type": "Point",
        "coordinates": [
          2790.0,
          523.2
        ]
      },
      "properties": {
        "id": "vessel.longboat",
        "name": "Ship's longboat",
        "category": "vessel",
        "kind": "small_craft",
        "layer": 65,
        "playable": false,
        "insidePlayArea": false,
        "label": {
          "text": "Ship's longboat",
          "anchor": [
            2694.0,
            451.2
          ],
          "align": "right",
          "fontSizePx": 24,
          "fontWeight": "regular",
          "color": "#344a6e",
          "widthPx": 161.0,
          "heightPx": 28,
          "priority": 7
        }
      }
    },
    {
      "type": "Feature",
      "id": "marker.concord_common",
      "geometry": {
        "type": "Point",
        "coordinates": [
          174.0,
          523.2
        ]
      },
      "properties": {
        "id": "marker.concord_common",
        "name": "Concord Common",
        "category": "battle_marker",
        "kind": "muster",
        "layer": 70,
        "playable": false,
        "insidePlayArea": false,
        "historical": "Where the Concord militia formed before marching to the bridge.",
        "label": {
          "text": "Concord Common",
          "anchor": [
            31.5,
            442.4
          ],
          "align": "right",
          "fontSizePx": 26,
          "fontWeight": "regular",
          "color": "#b02030",
          "widthPx": 209.0,
          "heightPx": 30,
          "priority": 3,
          "subtitle": "Where the Concord militia formed before marching to the bridge."
        }
      }
    },
    {
      "type": "Feature",
      "id": "marker.punkatasset_muster",
      "geometry": {
        "type": "Point",
        "coordinates": [
          181.2,
          1146.0
        ]
      },
      "properties": {
        "id": "marker.punkatasset_muster",
        "name": "Punkatasset muster",
        "category": "battle_marker",
        "kind": "muster",
        "layer": 70,
        "playable": false,
        "insidePlayArea": false,
        "historical": "Militia from Concord and the neighbouring towns assembled on this hill.",
        "label": {
          "text": "Punkatasset muster",
          "anchor": [
            80.1,
            1175.4
          ],
          "align": "right",
          "fontSizePx": 26,
          "fontWeight": "regular",
          "color": "#b02030",
          "widthPx": 226.0,
          "heightPx": 30,
          "priority": 3,
          "subtitle": "Militia from Concord and the neighbouring towns assembled on this hill."
        }
      }
    },
    {
      "type": "Feature",
      "id": "marker.lantern_signal",
      "geometry": {
        "type": "Point",
        "coordinates": [
          2730.0,
          1405.92
        ]
      },
      "properties": {
        "id": "marker.lantern_signal",
        "name": "Two lanterns signal",
        "category": "battle_marker",
        "kind": "signal",
        "layer": 70,
        "playable": false,
        "insidePlayArea": false,
        "historical": "'One if by land, two if by sea' - hung in the Old North Church steeple.",
        "label": {
          "text": "Two lanterns signal",
          "anchor": [
            2631.4,
            1435.4
          ],
          "align": "right",
          "fontSizePx": 26,
          "fontWeight": "regular",
          "color": "#b02030",
          "widthPx": 221.0,
          "heightPx": 30,
          "priority": 3,
          "subtitle": "'One if by land, two if by sea' - hung in the Old North Church steeple."
        }
      }
    },
    {
      "type": "Feature",
      "id": "town.chelmsford",
      "geometry": {
        "type": "Polygon",
        "coordinates": [
          [
            [
              636.12,
              1872.0
            ],
            [
              628.8,
              1856.63
            ],
            [
              623.12,
              1839.98
            ],
            [
              609.54,
              1822.02
            ],
            [
              581.49,
              1809.58
            ],
            [
              546.0,
              1809.13
            ],
            [
              515.85,
              1818.97
            ],
            [
              494.4,
              1831.41
            ],
            [
              474.22,
              1842.2
            ],
            [
              451.26,
              1854.41
            ],
            [
              434.52,
              1872.0
            ],
            [
              437.07,
              1892.23
            ],
            [
              460.02,
              1907.69
            ],
            [
              491.05,
              1915.22
            ],
            [
              519.2,
              1919.14
            ],
            [
              546.0,
              1924.33
            ],
            [
              578.14,
              1928.53
            ],
            [
              612.89,
              1924.61
            ],
            [
              637.32,
              1909.91
            ],
            [
              642.99,
              1890.01
            ],
            [
              636.12,
              1872.0
            ]
          ]
        ]
      },
      "properties": {
        "id": "town.chelmsford",
        "name": "Chelmsford",
        "category": "settlement",
        "kind": "town",
        "layer": 30,
        "playable": false,
        "insidePlayArea": false,
        "historical": "Chelmsford's companies marched at dawn.",
        "label": {
          "text": "Chelmsford",
          "anchor": [
            570.3,
            1855.0
          ],
          "align": "left",
          "fontSizePx": 30,
          "fontWeight": "bold",
          "color": "#966c4c",
          "widthPx": 167.0,
          "heightPx": 34,
          "priority": 2,
          "subtitle": "Chelmsford's companies marched at dawn."
        }
      }
    },
    {
      "type": "Feature",
      "id": "town.reading",
      "geometry": {
        "type": "Polygon",
        "coordinates": [
          [
            [
              1644.12,
              1872.0
            ],
            [
              1636.8,
              1856.63
            ],
            [
              1631.12,
              1839.98
            ],
            [
              1617.54,
              1822.02
            ],
            [
              1589.49,
              1809.58
            ],
            [
              1554.0,
              1809.13
            ],
            [
              1523.85,
              1818.97
            ],
            [
              1502.4,
              1831.41
            ],
            [
              1482.22,
              1842.2
            ],
            [
              1459.26,
              1854.41
            ],
            [
              1442.52,
              1872.0
            ],
            [
              1445.07,
              1892.23
            ],
            [
              1468.02,
              1907.69
            ],
            [
              1499.05,
              1915.22
            ],
            [
              1527.2,
              1919.14
            ],
            [
              1554.0,
              1924.33
            ],
            [
              1586.14,
              1928.53
            ],
            [
              1620.89,
              1924.61
            ],
            [
              1645.32,
              1909.91
            ],
            [
              1650.99,
              1890.01
            ],
            [
              1644.12,
              1872.0
            ]
          ]
        ]
      },
      "properties": {
        "id": "town.reading",
        "name": "Reading",
        "category": "settlement",
        "kind": "town",
        "layer": 30,
        "playable": false,
        "insidePlayArea": false,
        "historical": "Reading militia struck the column at Menotomy.",
        "label": {
          "text": "Reading",
          "anchor": [
            1578.3,
            1855.0
          ],
          "align": "left",
          "fontSizePx": 30,
          "fontWeight": "bold",
          "color": "#966c4c",
          "widthPx": 118.0,
          "heightPx": 34,
          "priority": 2,
          "subtitle": "Reading militia struck the column at Menotomy."
        }
      }
    },
    {
      "type": "Feature",
      "id": "town.danvers",
      "geometry": {
        "type": "Polygon",
        "coordinates": [
          [
            [
              2116.41,
              1872.0
            ],
            [
              2108.74,
              1855.99
            ],
            [
              2102.79,
              1838.65
            ],
            [
              2088.57,
              1819.94
            ],
            [
              2059.18,
              1806.98
            ],
            [
              2022.0,
              1806.51
            ],
            [
              1990.41,
              1816.76
            ],
            [
              1967.94,
              1829.72
            ],
            [
              1946.8,
              1840.96
            ],
            [
              1922.75,
              1853.68
            ],
            [
              1905.21,
              1872.0
            ],
            [
              1907.88,
              1893.07
            ],
            [
              1931.93,
              1909.18
            ],
            [
              1964.43,
              1917.02
            ],
            [
              1993.92,
              1921.1
            ],
            [
              2022.0,
              1926.51
            ],
            [
              2055.67,
              1930.89
            ],
            [
              2092.08,
              1926.8
            ],
            [
              2117.66,
              1911.49
            ],
            [
              2123.61,
              1890.76
            ],
            [
              2116.41,
              1872.0
            ]
          ]
        ]
      },
      "properties": {
        "id": "town.danvers",
        "name": "Danvers",
        "category": "settlement",
        "kind": "town",
        "layer": 30,
        "playable": false,
        "insidePlayArea": false,
        "historical": "Danvers marched sixteen miles in four hours; seven of its men were killed at Menotomy.",
        "label": {
          "text": "Danvers",
          "anchor": [
            2046.5,
            1855.0
          ],
          "align": "left",
          "fontSizePx": 30,
          "fontWeight": "bold",
          "color": "#966c4c",
          "widthPx": 120.0,
          "heightPx": 34,
          "priority": 2,
          "subtitle": "Danvers marched sixteen miles in four hours; seven of its men were killed at Menotomy."
        }
      }
    },
    {
      "type": "Feature",
      "id": "town.andover",
      "geometry": {
        "type": "Polygon",
        "coordinates": [
          [
            [
              1349.31,
              1992.0
            ],
            [
              1345.21,
              1972.72
            ],
            [
              1322.43,
              1958.4
            ],
            [
              1293.42,
              1951.3
            ],
            [
              1267.52,
              1946.84
            ],
            [
              1242.0,
              1940.98
            ],
            [
              1210.83,
              1936.83
            ],
            [
              1177.93,
              1941.29
            ],
            [
              1155.92,
              1956.04
            ],
            [
              1151.43,
              1975.08
            ],
            [
              1157.31,
              1992.0
            ],
            [
              1162.61,
              2006.83
            ],
            [
              1167.09,
              2023.29
            ],
            [
              1180.57,
              2040.62
            ],
            [
              1208.19,
              2051.84
            ],
            [
              1242.0,
              2051.38
            ],
            [
              1270.16,
              2041.83
            ],
            [
              1290.79,
              2030.61
            ],
            [
              1311.25,
              2020.93
            ],
            [
              1334.04,
              2009.2
            ],
            [
              1349.31,
              1992.0
            ]
          ]
        ]
      },
      "properties": {
        "id": "town.andover",
        "name": "Andover",
        "category": "settlement",
        "kind": "town",
        "layer": 30,
        "playable": false,
        "insidePlayArea": false,
        "label": {
          "text": "Andover",
          "anchor": [
            1267.1,
            1975.0
          ],
          "align": "left",
          "fontSizePx": 30,
          "fontWeight": "bold",
          "color": "#966c4c",
          "widthPx": 122.0,
          "heightPx": 34,
          "priority": 2
        }
      }
    },
    {
      "type": "Feature",
      "id": "town.tewksbury",
      "geometry": {
        "type": "Polygon",
        "coordinates": [
          [
            [
              927.6,
              1992.0
            ],
            [
              933.1,
              1973.84
            ],
            [
              919.81,
              1956.83
            ],
            [
              891.4,
              1947.44
            ],
            [
              860.54,
              1945.92
            ],
            [
              834.0,
              1946.59
            ],
            [
              807.46,
              1945.92
            ],
            [
              776.6,
              1947.44
            ],
            [
              748.19,
              1956.83
            ],
            [
              734.9,
              1973.84
            ],
            [
              740.4,
              1992.0
            ],
            [
              755.06,
              2006.47
            ],
            [
              768.36,
              2018.9
            ],
            [
              781.36,
              2032.87
            ],
            [
              802.7,
              2046.35
            ],
            [
              834.0,
              2052.19
            ],
            [
              865.3,
              2046.35
            ],
            [
              886.64,
              2032.87
            ],
            [
              899.64,
              2018.9
            ],
            [
              912.94,
              2006.47
            ],
            [
              927.6,
              1992.0
            ]
          ]
        ]
      },
      "properties": {
        "id": "town.tewksbury",
        "name": "Tewksbury",
        "category": "settlement",
        "kind": "town",
        "layer": 30,
        "playable": false,
        "insidePlayArea": false,
        "label": {
          "text": "Tewksbury",
          "anchor": [
            858.5,
            1975.0
          ],
          "align": "left",
          "fontSizePx": 30,
          "fontWeight": "bold",
          "color": "#966c4c",
          "widthPx": 157.0,
          "heightPx": 34,
          "priority": 2
        }
      }
    },
    {
      "type": "Feature",
      "id": "town.lynn",
      "geometry": {
        "type": "Polygon",
        "coordinates": [
          [
            [
              2379.03,
              1980.0
            ],
            [
              2382.85,
              1964.45
            ],
            [
              2379.73,
              1946.51
            ],
            [
              2360.72,
              1931.31
            ],
            [
              2329.39,
              1925.5
            ],
            [
              2298.0,
              1929.3
            ],
            [
              2272.89,
              1936.41
            ],
            [
              2249.33,
              1942.21
            ],
            [
              2222.56,
              1949.08
            ],
            [
              2199.1,
              1961.87
            ],
            [
              2191.83,
              1980.0
            ],
            [
              2204.82,
              1997.08
            ],
            [
              2228.28,
              2008.58
            ],
            [
              2250.68,
              2016.74
            ],
            [
              2271.54,
              2025.93
            ],
            [
              2298.0,
              2034.9
            ],
            [
              2330.74,
              2036.84
            ],
            [
              2359.37,
              2027.65
            ],
            [
              2374.01,
              2011.15
            ],
            [
              2377.13,
              1994.5
            ],
            [
              2379.03,
              1980.0
            ]
          ]
        ]
      },
      "properties": {
        "id": "town.lynn",
        "name": "Lynn",
        "category": "settlement",
        "kind": "town",
        "layer": 30,
        "playable": false,
        "insidePlayArea": false,
        "historical": "Lynn lost four men in the fighting at Menotomy.",
        "label": {
          "text": "Lynn",
          "anchor": [
            2321.9,
            1963.0
          ],
          "align": "left",
          "fontSizePx": 30,
          "fontWeight": "bold",
          "color": "#966c4c",
          "widthPx": 71.0,
          "heightPx": 34,
          "priority": 2,
          "subtitle": "Lynn lost four men in the fighting at Menotomy."
        }
      }
    },
    {
      "type": "Feature",
      "id": "building.reading_meetinghouse",
      "geometry": {
        "type": "Polygon",
        "coordinates": [
          [
            [
              1539.33,
              1779.22
            ],
            [
              1560.73,
              1790.83
            ],
            [
              1582.52,
              1779.97
            ],
            [
              1583.07,
              1748.78
            ],
            [
              1539.88,
              1748.03
            ],
            [
              1539.33,
              1779.22
            ]
          ]
        ]
      },
      "properties": {
        "id": "building.reading_meetinghouse",
        "name": "Reading Meetinghouse",
        "category": "building",
        "kind": "structure",
        "layer": 60,
        "playable": false,
        "insidePlayArea": false,
        "anchor": [
          906,
          -160
        ],
        "label": {
          "text": "Reading Meetinghouse",
          "anchor": [
            1577.5,
            1757.0
          ],
          "align": "left",
          "fontSizePx": 24,
          "fontWeight": "regular",
          "color": "#684e2e",
          "widthPx": 242.0,
          "heightPx": 28,
          "priority": 6
        }
      }
    },
    {
      "type": "Feature",
      "id": "building.danvers_meetinghouse",
      "geometry": {
        "type": "Polygon",
        "coordinates": [
          [
            [
              2010.64,
              1783.11
            ],
            [
              2033.86,
              1790.42
            ],
            [
              2053.18,
              1775.61
            ],
            [
              2047.76,
              1744.89
            ],
            [
              2005.22,
              1752.39
            ],
            [
              2010.64,
              1783.11
            ]
          ]
        ]
      },
      "properties": {
        "id": "building.danvers_meetinghouse",
        "name": "Danvers Meetinghouse",
        "category": "building",
        "kind": "structure",
        "layer": 60,
        "playable": false,
        "insidePlayArea": false,
        "anchor": [
          1296,
          -160
        ],
        "label": {
          "text": "Danvers Meetinghouse",
          "anchor": [
            1876.9,
            1651.3
          ],
          "align": "right",
          "fontSizePx": 24,
          "fontWeight": "regular",
          "color": "#684e2e",
          "widthPx": 243.0,
          "heightPx": 28,
          "priority": 6
        }
      }
    },
    {
      "type": "Feature",
      "id": "building.chelmsford_tavern",
      "geometry": {
        "type": "Polygon",
        "coordinates": [
          [
            [
              536.71,
              1782.79
            ],
            [
              559.8,
              1790.5
            ],
            [
              579.37,
              1776.03
            ],
            [
              574.49,
              1745.21
            ],
            [
              531.83,
              1751.97
            ],
            [
              536.71,
              1782.79
            ]
          ]
        ]
      },
      "properties": {
        "id": "building.chelmsford_tavern",
        "name": "Chelmsford tavern",
        "category": "building",
        "kind": "structure",
        "layer": 60,
        "playable": false,
        "insidePlayArea": false,
        "anchor": [
          68,
          -160
        ],
        "label": {
          "text": "Chelmsford tavern",
          "anchor": [
            562.4,
            1786.0
          ],
          "align": "center",
          "fontSizePx": 24,
          "fontWeight": "regular",
          "color": "#684e2e",
          "widthPx": 194.0,
          "heightPx": 28,
          "priority": 6
        }
      }
    },
    {
      "type": "Feature",
      "id": "building.woburn_forge",
      "geometry": {
        "type": "Polygon",
        "coordinates": [
          [
            [
              1806.28,
              1863.97
            ],
            [
              1828.07,
              1874.83
            ],
            [
              1849.47,
              1863.22
            ],
            [
              1848.92,
              1832.03
            ],
            [
              1805.73,
              1832.78
            ],
            [
              1806.28,
              1863.97
            ]
          ]
        ]
      },
      "properties": {
        "id": "building.woburn_forge",
        "name": "Woburn forge",
        "category": "building",
        "kind": "structure",
        "layer": 60,
        "playable": false,
        "insidePlayArea": false,
        "anchor": [
          1128,
          -230
        ],
        "label": {
          "text": "Woburn forge",
          "anchor": [
            1844.1,
            1841.1
          ],
          "align": "left",
          "fontSizePx": 24,
          "fontWeight": "regular",
          "color": "#684e2e",
          "widthPx": 144.0,
          "heightPx": 28,
          "priority": 6
        }
      }
    },
    {
      "type": "Feature",
      "id": "building.bedford_flag_house",
      "geometry": {
        "type": "Polygon",
        "coordinates": [
          [
            [
              1034.81,
              1778.45
            ],
            [
              1055.8,
              1790.8
            ],
            [
              1077.95,
              1780.71
            ],
            [
              1079.59,
              1749.55
            ],
            [
              1036.45,
              1747.29
            ],
            [
              1034.81,
              1778.45
            ]
          ]
        ]
      },
      "properties": {
        "id": "building.bedford_flag_house",
        "name": "Page farmstead, Bedford",
        "category": "building",
        "kind": "structure",
        "layer": 60,
        "playable": false,
        "insidePlayArea": false,
        "historical": "Home of Nathaniel Page, who carried the Bedford Flag to the North Bridge.",
        "anchor": [
          486,
          -160
        ],
        "label": {
          "text": "Page farmstead, Bedford",
          "anchor": [
            1027.0,
            1785.3
          ],
          "align": "right",
          "fontSizePx": 24,
          "fontWeight": "regular",
          "color": "#684e2e",
          "widthPx": 265.0,
          "heightPx": 28,
          "priority": 6,
          "subtitle": "Home of Nathaniel Page, who carried the Bedford Flag to the North Bridge."
        }
      }
    },
    {
      "type": "Feature",
      "id": "marker.bedford_flag",
      "geometry": {
        "type": "Point",
        "coordinates": [
          1057.2,
          1701.6
        ]
      },
      "properties": {
        "id": "marker.bedford_flag",
        "name": "The Bedford Flag",
        "category": "battle_marker",
        "kind": "relic",
        "layer": 70,
        "playable": false,
        "insidePlayArea": false,
        "historical": "Oldest flag known to have been flown in America; carried by the Bedford minute company to the North Bridge on 19 April.",
        "label": {
          "text": "The Bedford Flag",
          "anchor": [
            970.6,
            1731.0
          ],
          "align": "right",
          "fontSizePx": 26,
          "fontWeight": "regular",
          "color": "#b02030",
          "widthPx": 197.0,
          "heightPx": 30,
          "priority": 3,
          "subtitle": "Oldest flag known to have been flown in America; carried by the Bedford minute company to the North Bridge on 19 April."
        }
      }
    },
    {
      "type": "Feature",
      "id": "marker.danvers_march",
      "geometry": {
        "type": "Point",
        "coordinates": [
          2022.0,
          1764.0
        ]
      },
      "properties": {
        "id": "marker.danvers_march",
        "name": "Danvers march",
        "category": "battle_marker",
        "kind": "muster",
        "layer": 70,
        "playable": false,
        "insidePlayArea": false,
        "historical": "Sixteen miles in four hours to reach the road.",
        "label": {
          "text": "Danvers march",
          "anchor": [
            1946.4,
            1793.4
          ],
          "align": "right",
          "fontSizePx": 26,
          "fontWeight": "regular",
          "color": "#b02030",
          "widthPx": 175.0,
          "heightPx": 30,
          "priority": 3,
          "subtitle": "Sixteen miles in four hours to reach the road."
        }
      }
    },
    {
      "type": "Feature",
      "id": "terrain.woburn_training_field",
      "geometry": {
        "type": "Polygon",
        "coordinates": [
          [
            [
              1981.05,
              1716.0
            ],
            [
              1962.92,
              1696.62
            ],
            [
              1933.23,
              1682.18
            ],
            [
              1902.8,
              1670.39
            ],
            [
              1869.8,
              1658.76
            ],
            [
              1827.6,
              1650.18
            ],
            [
              1779.47,
              1650.73
            ],
            [
              1739.16,
              1662.35
            ],
            [
              1716.05,
              1680.28
            ],
            [
              1705.52,
              1698.52
            ],
            [
              1697.85,
              1716.0
            ],
            [
              1693.59,
              1735.19
            ],
            [
              1704.11,
              1755.54
            ],
            [
              1736.34,
              1771.35
            ],
            [
              1782.29,
              1777.45
            ],
            [
              1827.6,
              1774.98
            ],
            [
              1866.99,
              1769.42
            ],
            [
              1905.62,
              1763.32
            ],
            [
              1945.16,
              1753.64
            ],
            [
              1974.86,
              1737.09
            ],
            [
              1981.05,
              1716.0
            ]
          ]
        ]
      },
      "properties": {
        "id": "terrain.woburn_training_field",
        "name": "Woburn training field",
        "category": "terrain",
        "kind": "farmland",
        "layer": 20,
        "playable": false,
        "insidePlayArea": false,
        "historical": "Where the Woburn companies mustered before marching south.",
        "label": {
          "text": "Woburn training field",
          "anchor": [
            1854.9,
            1701.0
          ],
          "align": "left",
          "fontSizePx": 26,
          "fontWeight": "regular",
          "color": "#566a44",
          "widthPx": 235.0,
          "heightPx": 30,
          "priority": 4,
          "subtitle": "Where the Woburn companies mustered before marching south."
        }
      }
    },
    {
      "type": "Feature",
      "id": "terrain.north_woodlot",
      "geometry": {
        "type": "Polygon",
        "coordinates": [
          [
            [
              1553.76,
              1716.0
            ],
            [
              1524.96,
              1697.29
            ],
            [
              1501.29,
              1681.3
            ],
            [
              1480.0,
              1662.4
            ],
            [
              1442.86,
              1643.51
            ],
            [
              1386.0,
              1635.26
            ],
            [
              1329.26,
              1643.66
            ],
            [
              1292.27,
              1662.55
            ],
            [
              1270.83,
              1681.33
            ],
            [
              1246.77,
              1697.26
            ],
            [
              1217.76,
              1716.0
            ],
            [
              1205.41,
              1740.31
            ],
            [
              1229.46,
              1763.12
            ],
            [
              1282.5,
              1775.02
            ],
            [
              1339.03,
              1775.89
            ],
            [
              1386.0,
              1774.46
            ],
            [
              1433.09,
              1776.04
            ],
            [
              1489.76,
              1775.17
            ],
            [
              1542.66,
              1763.15
            ],
            [
              1566.33,
              1740.27
            ],
            [
              1553.76,
              1716.0
            ]
          ]
        ]
      },
      "properties": {
        "id": "terrain.north_woodlot",
        "name": "North woodlot",
        "category": "terrain",
        "kind": "woodland",
        "layer": 20,
        "playable": false,
        "insidePlayArea": false,
        "label": {
          "text": "North woodlot",
          "anchor": [
            1414.0,
            1701.0
          ],
          "align": "left",
          "fontSizePx": 26,
          "fontWeight": "regular",
          "color": "#566a44",
          "widthPx": 158.0,
          "heightPx": 30,
          "priority": 4
        }
      }
    },
    {
      "type": "Feature",
      "id": "water.nagog_pond",
      "geometry": {
        "type": "Polygon",
        "coordinates": [
          [
            [
              793.09,
              1740.0
            ],
            [
              788.54,
              1726.54
            ],
            [
              782.18,
              1712.48
            ],
            [
              768.04,
              1698.68
            ],
            [
              743.36,
              1689.79
            ],
            [
              714.0,
              1689.44
            ],
            [
              688.29,
              1696.04
            ],
            [
              668.14,
              1704.93
            ],
            [
              649.47,
              1713.95
            ],
            [
              631.28,
              1725.07
            ],
            [
              620.29,
              1740.0
            ],
            [
              624.2,
              1756.21
            ],
            [
              642.39,
              1768.91
            ],
            [
              666.47,
              1776.35
            ],
            [
              689.96,
              1781.1
            ],
            [
              714.0,
              1785.44
            ],
            [
              741.69,
              1787.35
            ],
            [
              769.71,
              1782.6
            ],
            [
              789.27,
              1770.38
            ],
            [
              795.63,
              1754.73
            ],
            [
              793.09,
              1740.0
            ]
          ]
        ]
      },
      "properties": {
        "id": "water.nagog_pond",
        "name": "Nagog Pond",
        "category": "water",
        "kind": "lake",
        "layer": 10,
        "playable": false,
        "insidePlayArea": false,
        "label": {
          "text": "Nagog Pond",
          "anchor": [
            737.8,
            1725.0
          ],
          "align": "left",
          "fontSizePx": 26,
          "fontWeight": "regular",
          "color": "#4a84aa",
          "widthPx": 141.0,
          "heightPx": 30,
          "priority": 5
        }
      }
    },
    {
      "type": "Feature",
      "id": "water.shawsheen",
      "geometry": {
        "type": "LineString",
        "coordinates": [
          [
            402.0,
            2040.0
          ],
          [
            642.0,
            1968.0
          ],
          [
            906.0,
            1920.0
          ],
          [
            1194.0,
            1886.4
          ],
          [
            1482.0,
            1872.0
          ]
        ]
      },
      "properties": {
        "id": "water.shawsheen",
        "name": "Shawsheen River",
        "category": "water",
        "kind": "river",
        "layer": 10,
        "playable": false,
        "insidePlayArea": false,
        "widthPx": 24.0,
        "label": {
          "text": "Shawsheen River",
          "anchor": [
            805.5,
            1795.0
          ],
          "align": "right",
          "fontSizePx": 26,
          "fontWeight": "regular",
          "color": "#4a84aa",
          "widthPx": 201.0,
          "heightPx": 30,
          "priority": 5
        }
      }
    },
    {
      "type": "Feature",
      "id": "town.watertown",
      "geometry": {
        "type": "Polygon",
        "coordinates": [
          [
            [
              1930.58,
              312.0
            ],
            [
              1912.44,
              294.66
            ],
            [
              1895.0,
              280.38
            ],
            [
              1878.89,
              264.63
            ],
            [
              1854.35,
              248.77
            ],
            [
              1818.0,
              240.95
            ],
            [
              1780.56,
              246.87
            ],
            [
              1754.67,
              262.73
            ],
            [
              1739.91,
              279.93
            ],
            [
              1726.0,
              295.1
            ],
            [
              1709.78,
              312.0
            ],
            [
              1702.45,
              333.22
            ],
            [
              1716.37,
              353.74
            ],
            [
              1749.11,
              365.59
            ],
            [
              1786.12,
              367.46
            ],
            [
              1818.0,
              365.75
            ],
            [
              1848.79,
              365.56
            ],
            [
              1884.45,
              363.7
            ],
            [
              1918.54,
              353.29
            ],
            [
              1935.99,
              333.67
            ],
            [
              1930.58,
              312.0
            ]
          ]
        ]
      },
      "properties": {
        "id": "town.watertown",
        "name": "Watertown",
        "category": "settlement",
        "kind": "town",
        "layer": 30,
        "playable": false,
        "insidePlayArea": false,
        "historical": "The Provincial Congress sat here; Heath rode from Watertown to take command.",
        "label": {
          "text": "Watertown",
          "anchor": [
            1843.4,
            295.0
          ],
          "align": "left",
          "fontSizePx": 30,
          "fontWeight": "bold",
          "color": "#966c4c",
          "widthPx": 153.0,
          "heightPx": 34,
          "priority": 2,
          "subtitle": "The Provincial Congress sat here; Heath rode from Watertown to take command."
        }
      }
    },
    {
      "type": "Feature",
      "id": "town.framingham",
      "geometry": {
        "type": "Polygon",
        "coordinates": [
          [
            [
              1093.36,
              192.0
            ],
            [
              1088.95,
              171.88
            ],
            [
              1064.46,
              156.94
            ],
            [
              1033.28,
              149.53
            ],
            [
              1005.43,
              144.88
            ],
            [
              978.0,
              138.76
            ],
            [
              944.49,
              134.43
            ],
            [
              909.13,
              139.09
            ],
            [
              885.46,
              154.48
            ],
            [
              880.64,
              174.34
            ],
            [
              886.96,
              192.0
            ],
            [
              892.65,
              207.48
            ],
            [
              897.48,
              224.65
            ],
            [
              911.96,
              242.73
            ],
            [
              941.65,
              254.44
            ],
            [
              978.0,
              253.96
            ],
            [
              1008.27,
              244.0
            ],
            [
              1030.45,
              232.29
            ],
            [
              1052.44,
              222.19
            ],
            [
              1076.94,
              209.94
            ],
            [
              1093.36,
              192.0
            ]
          ]
        ]
      },
      "properties": {
        "id": "town.framingham",
        "name": "Framingham",
        "category": "settlement",
        "kind": "town",
        "layer": 30,
        "playable": false,
        "insidePlayArea": false,
        "historical": "Framingham's minute company reached Meriam's Corner.",
        "label": {
          "text": "Framingham",
          "anchor": [
            1003.5,
            175.0
          ],
          "align": "left",
          "fontSizePx": 30,
          "fontWeight": "bold",
          "color": "#966c4c",
          "widthPx": 180.0,
          "heightPx": 34,
          "priority": 2,
          "subtitle": "Framingham's minute company reached Meriam's Corner."
        }
      }
    },
    {
      "type": "Feature",
      "id": "town.needham",
      "geometry": {
        "type": "Polygon",
        "coordinates": [
          [
            [
              2268.12,
              204.0
            ],
            [
              2260.8,
              188.63
            ],
            [
              2255.12,
              171.98
            ],
            [
              2241.54,
              154.02
            ],
            [
              2213.49,
              141.58
            ],
            [
              2178.0,
              141.13
            ],
            [
              2147.85,
              150.97
            ],
            [
              2126.4,
              163.41
            ],
            [
              2106.22,
              174.2
            ],
            [
              2083.26,
              186.41
            ],
            [
              2066.52,
              204.0
            ],
            [
              2069.07,
              224.23
            ],
            [
              2092.02,
              239.69
            ],
            [
              2123.05,
              247.22
            ],
            [
              2151.2,
              251.14
            ],
            [
              2178.0,
              256.33
            ],
            [
              2210.14,
              260.53
            ],
            [
              2244.89,
              256.61
            ],
            [
              2269.32,
              241.91
            ],
            [
              2274.99,
              222.01
            ],
            [
              2268.12,
              204.0
            ]
          ]
        ]
      },
      "properties": {
        "id": "town.needham",
        "name": "Needham",
        "category": "settlement",
        "kind": "town",
        "layer": 30,
        "playable": false,
        "insidePlayArea": false,
        "historical": "Needham lost five men, the heaviest toll of any town.",
        "label": {
          "text": "Needham",
          "anchor": [
            2202.3,
            187.0
          ],
          "align": "left",
          "fontSizePx": 30,
          "fontWeight": "bold",
          "color": "#966c4c",
          "widthPx": 136.0,
          "heightPx": 34,
          "priority": 2,
          "subtitle": "Needham lost five men, the heaviest toll of any town."
        }
      }
    },
    {
      "type": "Feature",
      "id": "town.dedham",
      "geometry": {
        "type": "Polygon",
        "coordinates": [
          [
            [
              2556.12,
              96.0
            ],
            [
              2548.8,
              80.63
            ],
            [
              2543.12,
              63.98
            ],
            [
              2529.54,
              46.02
            ],
            [
              2501.49,
              33.58
            ],
            [
              2466.0,
              33.13
            ],
            [
              2435.85,
              42.97
            ],
            [
              2414.4,
              55.41
            ],
            [
              2394.22,
              66.2
            ],
            [
              2371.26,
              78.41
            ],
            [
              2354.52,
              96.0
            ],
            [
              2357.07,
              116.23
            ],
            [
              2380.02,
              131.69
            ],
            [
              2411.05,
              139.22
            ],
            [
              2439.2,
              143.14
            ],
            [
              2466.0,
              148.33
            ],
            [
              2498.14,
              152.53
            ],
            [
              2532.89,
              148.61
            ],
            [
              2557.32,
              133.91
            ],
            [
              2562.99,
              114.01
            ],
            [
              2556.12,
              96.0
            ]
          ]
        ]
      },
      "properties": {
        "id": "town.dedham",
        "name": "Dedham",
        "category": "settlement",
        "kind": "town",
        "layer": 30,
        "playable": false,
        "insidePlayArea": false,
        "historical": "Dedham turned out almost every able man.",
        "label": {
          "text": "Dedham",
          "anchor": [
            2490.3,
            79.0
          ],
          "align": "left",
          "fontSizePx": 30,
          "fontWeight": "bold",
          "color": "#966c4c",
          "widthPx": 119.0,
          "heightPx": 34,
          "priority": 2,
          "subtitle": "Dedham turned out almost every able man."
        }
      }
    },
    {
      "type": "Feature",
      "id": "town.newton",
      "geometry": {
        "type": "Polygon",
        "coordinates": [
          [
            [
              2129.31,
              96.0
            ],
            [
              2125.21,
              76.72
            ],
            [
              2102.43,
              62.4
            ],
            [
              2073.42,
              55.3
            ],
            [
              2047.52,
              50.84
            ],
            [
              2022.0,
              44.98
            ],
            [
              1990.83,
              40.83
            ],
            [
              1957.93,
              45.29
            ],
            [
              1935.92,
              60.04
            ],
            [
              1931.43,
              79.08
            ],
            [
              1937.31,
              96.0
            ],
            [
              1942.61,
              110.83
            ],
            [
              1947.09,
              127.29
            ],
            [
              1960.57,
              144.62
            ],
            [
              1988.19,
              155.84
            ],
            [
              2022.0,
              155.38
            ],
            [
              2050.16,
              145.83
            ],
            [
              2070.79,
              134.61
            ],
            [
              2091.25,
              124.93
            ],
            [
              2114.04,
              113.2
            ],
            [
              2129.31,
              96.0
            ]
          ]
        ]
      },
      "properties": {
        "id": "town.newton",
        "name": "Newton",
        "category": "settlement",
        "kind": "town",
        "layer": 30,
        "playable": false,
        "insidePlayArea": false,
        "label": {
          "text": "Newton",
          "anchor": [
            2047.1,
            79.0
          ],
          "align": "left",
          "fontSizePx": 30,
          "fontWeight": "bold",
          "color": "#966c4c",
          "widthPx": 108.0,
          "heightPx": 34,
          "priority": 2
        }
      }
    },
    {
      "type": "Feature",
      "id": "town.waltham",
      "geometry": {
        "type": "Polygon",
        "coordinates": [
          [
            [
              1662.22,
              156.0
            ],
            [
              1647.83,
              138.47
            ],
            [
              1624.31,
              126.63
            ],
            [
              1602.58,
              117.55
            ],
            [
              1581.63,
              107.11
            ],
            [
              1554.0,
              97.58
            ],
            [
              1520.26,
              96.3
            ],
            [
              1491.76,
              106.74
            ],
            [
              1477.58,
              124.08
            ],
            [
              1473.83,
              141.02
            ],
            [
              1470.22,
              156.0
            ],
            [
              1465.23,
              172.59
            ],
            [
              1468.98,
              191.52
            ],
            [
              1489.73,
              206.87
            ],
            [
              1522.3,
              212.11
            ],
            [
              1554.0,
              207.98
            ],
            [
              1579.59,
              201.29
            ],
            [
              1604.61,
              196.05
            ],
            [
              1632.91,
              188.97
            ],
            [
              1656.44,
              175.14
            ],
            [
              1662.22,
              156.0
            ]
          ]
        ]
      },
      "properties": {
        "id": "town.waltham",
        "name": "Waltham",
        "category": "settlement",
        "kind": "town",
        "layer": 30,
        "playable": false,
        "insidePlayArea": false,
        "label": {
          "text": "Waltham",
          "anchor": [
            1414.2,
            139.0
          ],
          "align": "right",
          "fontSizePx": 30,
          "fontWeight": "bold",
          "color": "#966c4c",
          "widthPx": 125.0,
          "heightPx": 34,
          "priority": 2
        }
      }
    },
    {
      "type": "Feature",
      "id": "town.brookline",
      "geometry": {
        "type": "Polygon",
        "coordinates": [
          [
            [
              2623.83,
              300.0
            ],
            [
              2616.86,
              285.27
            ],
            [
              2611.45,
              269.32
            ],
            [
              2598.52,
              252.11
            ],
            [
              2571.8,
              240.18
            ],
            [
              2538.0,
              239.75
            ],
            [
              2509.28,
              249.18
            ],
            [
              2488.85,
              261.11
            ],
            [
              2469.64,
              271.44
            ],
            [
              2447.77,
              283.14
            ],
            [
              2431.83,
              300.0
            ],
            [
              2434.25,
              319.38
            ],
            [
              2456.12,
              334.21
            ],
            [
              2485.66,
              341.42
            ],
            [
              2512.47,
              345.17
            ],
            [
              2538.0,
              350.15
            ],
            [
              2568.61,
              354.17
            ],
            [
              2601.71,
              350.42
            ],
            [
              2624.97,
              336.33
            ],
            [
              2630.37,
              317.26
            ],
            [
              2623.83,
              300.0
            ]
          ]
        ]
      },
      "properties": {
        "id": "town.brookline",
        "name": "Brookline",
        "category": "settlement",
        "kind": "town",
        "layer": 30,
        "playable": false,
        "insidePlayArea": false,
        "historical": "Maj. Isaac Gardner fell at Watson's Corner.",
        "label": {
          "text": "Brookline",
          "anchor": [
            2473.1,
            320.0
          ],
          "align": "right",
          "fontSizePx": 30,
          "fontWeight": "bold",
          "color": "#966c4c",
          "widthPx": 138.0,
          "heightPx": 34,
          "priority": 2,
          "subtitle": "Maj. Isaac Gardner fell at Watson's Corner."
        }
      }
    },
    {
      "type": "Feature",
      "id": "building.watertown_meetinghouse",
      "geometry": {
        "type": "Polygon",
        "coordinates": [
          [
            [
              1805.98,
              436.05
            ],
            [
              1828.93,
              444.17
            ],
            [
              1848.76,
              430.04
            ],
            [
              1844.42,
              399.15
            ],
            [
              1801.64,
              405.16
            ],
            [
              1805.98,
              436.05
            ]
          ]
        ]
      },
      "properties": {
        "id": "building.watertown_meetinghouse",
        "name": "Watertown Meetinghouse",
        "category": "building",
        "kind": "structure",
        "layer": 60,
        "playable": false,
        "insidePlayArea": false,
        "historical": "Seat of the Provincial Congress.",
        "anchor": [
          1126,
          962
        ],
        "label": {
          "text": "Watertown Meetinghouse",
          "anchor": [
            1688.1,
            445.1
          ],
          "align": "right",
          "fontSizePx": 24,
          "fontWeight": "regular",
          "color": "#684e2e",
          "widthPx": 269.0,
          "heightPx": 28,
          "priority": 6,
          "subtitle": "Seat of the Provincial Congress."
        }
      }
    },
    {
      "type": "Feature",
      "id": "building.fowles_mill",
      "geometry": {
        "type": "Polygon",
        "coordinates": [
          [
            [
              1482.23,
              360.03
            ],
            [
              1501.8,
              374.5
            ],
            [
              1524.89,
              366.79
            ],
            [
              1529.77,
              335.97
            ],
            [
              1487.11,
              329.21
            ],
            [
              1482.23,
              360.03
            ]
          ]
        ]
      },
      "properties": {
        "id": "building.fowles_mill",
        "name": "Fowle's Mill",
        "category": "building",
        "kind": "structure",
        "layer": 60,
        "playable": false,
        "insidePlayArea": false,
        "anchor": [
          860,
          1020
        ],
        "label": {
          "text": "Fowle's Mill",
          "anchor": [
            1521.3,
            340.4
          ],
          "align": "left",
          "fontSizePx": 24,
          "fontWeight": "regular",
          "color": "#684e2e",
          "widthPx": 122.0,
          "heightPx": 28,
          "priority": 6
        }
      }
    },
    {
      "type": "Feature",
      "id": "building.needham_meetinghouse",
      "geometry": {
        "type": "Polygon",
        "coordinates": [
          [
            [
              2162.56,
              326.06
            ],
            [
              2183.33,
              338.77
            ],
            [
              2205.66,
              329.07
            ],
            [
              2207.84,
              297.94
            ],
            [
              2164.74,
              294.93
            ],
            [
              2162.56,
              326.06
            ]
          ]
        ]
      },
      "properties": {
        "id": "building.needham_meetinghouse",
        "name": "Needham Meetinghouse",
        "category": "building",
        "kind": "structure",
        "layer": 60,
        "playable": false,
        "insidePlayArea": false,
        "anchor": [
          1426,
          1050
        ],
        "label": {
          "text": "Needham Meetinghouse",
          "anchor": [
            2117.7,
            369.9
          ],
          "align": "right",
          "fontSizePx": 24,
          "fontWeight": "regular",
          "color": "#684e2e",
          "widthPx": 257.0,
          "heightPx": 28,
          "priority": 6
        }
      }
    },
    {
      "type": "Feature",
      "id": "building.framingham_tavern",
      "geometry": {
        "type": "Polygon",
        "coordinates": [
          [
            [
              962.09,
              313.26
            ],
            [
              982.4,
              326.69
            ],
            [
              1005.05,
              317.77
            ],
            [
              1008.31,
              286.74
            ],
            [
              965.35,
              282.23
            ],
            [
              962.09,
              313.26
            ]
          ]
        ]
      },
      "properties": {
        "id": "building.framingham_tavern",
        "name": "Framingham tavern",
        "category": "building",
        "kind": "structure",
        "layer": 60,
        "playable": false,
        "insidePlayArea": false,
        "anchor": [
          426,
          1060
        ],
        "label": {
          "text": "Framingham tavern",
          "anchor": [
            915.9,
            226.8
          ],
          "align": "right",
          "fontSizePx": 24,
          "fontWeight": "regular",
          "color": "#684e2e",
          "widthPx": 206.0,
          "heightPx": 28,
          "priority": 6
        }
      }
    },
    {
      "type": "Feature",
      "id": "building.waltham_farm",
      "geometry": {
        "type": "Polygon",
        "coordinates": [
          [
            [
              1290.89,
              277.26
            ],
            [
              1311.2,
              290.69
            ],
            [
              1333.85,
              281.77
            ],
            [
              1337.11,
              250.74
            ],
            [
              1294.15,
              246.23
            ],
            [
              1290.89,
              277.26
            ]
          ]
        ]
      },
      "properties": {
        "id": "building.waltham_farm",
        "name": "Waltham farmstead",
        "category": "building",
        "kind": "structure",
        "layer": 60,
        "playable": false,
        "insidePlayArea": false,
        "anchor": [
          700,
          1090
        ],
        "label": {
          "text": "Waltham farmstead",
          "anchor": [
            1329.7,
            256.7
          ],
          "align": "left",
          "fontSizePx": 24,
          "fontWeight": "regular",
          "color": "#684e2e",
          "widthPx": 207.0,
          "heightPx": 28,
          "priority": 6
        }
      }
    },
    {
      "type": "Feature",
      "id": "terrain.nonantum_hill",
      "geometry": {
        "type": "Polygon",
        "coordinates": [
          [
            [
              2099.85,
              360.0
            ],
            [
              2103.69,
              343.33
            ],
            [
              2098.24,
              324.89
            ],
            [
              2076.3,
              310.02
            ],
            [
              2042.96,
              304.46
            ],
            [
              2010.0,
              307.61
            ],
            [
              1982.52,
              313.69
            ],
            [
              1955.94,
              319.26
            ],
            [
              1927.24,
              327.07
            ],
            [
              1904.06,
              341.15
            ],
            [
              1898.25,
              360.0
            ],
            [
              1911.96,
              377.44
            ],
            [
              1935.14,
              389.79
            ],
            [
              1957.81,
              399.34
            ],
            [
              1980.66,
              409.45
            ],
            [
              2010.0,
              418.01
            ],
            [
              2044.82,
              418.68
            ],
            [
              2074.44,
              408.57
            ],
            [
              2090.34,
              391.96
            ],
            [
              2095.8,
              375.27
            ],
            [
              2099.85,
              360.0
            ]
          ]
        ]
      },
      "properties": {
        "id": "terrain.nonantum_hill",
        "name": "Nonantum Hill",
        "category": "terrain",
        "kind": "hill",
        "layer": 20,
        "playable": false,
        "insidePlayArea": false,
        "label": {
          "text": "Nonantum Hill",
          "anchor": [
            1899.3,
            345.0
          ],
          "align": "right",
          "fontSizePx": 26,
          "fontWeight": "regular",
          "color": "#566a44",
          "widthPx": 162.0,
          "heightPx": 30,
          "priority": 4
        }
      }
    },
    {
      "type": "Feature",
      "id": "terrain.south_woodlot",
      "geometry": {
        "type": "Polygon",
        "coordinates": [
          [
            [
              1406.44,
              396.0
            ],
            [
              1420.29,
              372.83
            ],
            [
              1399.3,
              350.28
            ],
            [
              1347.58,
              337.87
            ],
            [
              1289.96,
              336.95
            ],
            [
              1242.0,
              339.46
            ],
            [
              1195.81,
              339.14
            ],
            [
              1140.4,
              340.06
            ],
            [
              1086.47,
              350.8
            ],
            [
              1059.73,
              372.31
            ],
            [
              1070.44,
              396.0
            ],
            [
              1100.73,
              414.36
            ],
            [
              1127.47,
              429.28
            ],
            [
              1150.08,
              446.61
            ],
            [
              1186.14,
              464.77
            ],
            [
              1242.0,
              473.86
            ],
            [
              1299.64,
              466.96
            ],
            [
              1337.9,
              448.8
            ],
            [
              1358.3,
              429.8
            ],
            [
              1379.29,
              413.84
            ],
            [
              1406.44,
              396.0
            ]
          ]
        ]
      },
      "properties": {
        "id": "terrain.south_woodlot",
        "name": "South woodlot",
        "category": "terrain",
        "kind": "woodland",
        "layer": 20,
        "playable": false,
        "insidePlayArea": false,
        "label": {
          "text": "South woodlot",
          "anchor": [
            1269.8,
            381.0
          ],
          "align": "left",
          "fontSizePx": 26,
          "fontWeight": "regular",
          "color": "#566a44",
          "widthPx": 161.0,
          "heightPx": 30,
          "priority": 4
        }
      }
    },
    {
      "type": "Feature",
      "id": "water.sudbury_river",
      "geometry": {
        "type": "LineString",
        "coordinates": [
          [
            282.0,
            12.0
          ],
          [
            522.0,
            120.0
          ],
          [
            774.0,
            216.0
          ],
          [
            990.0,
            336.0
          ],
          [
            1146.0,
            420.0
          ]
        ]
      },
      "properties": {
        "id": "water.sudbury_river",
        "name": "Sudbury River",
        "category": "water",
        "kind": "river",
        "layer": 10,
        "playable": false,
        "insidePlayArea": false,
        "widthPx": 28.8,
        "label": {
          "text": "Sudbury River",
          "anchor": [
            772.2,
            155.0
          ],
          "align": "center",
          "fontSizePx": 26,
          "fontWeight": "regular",
          "color": "#4a84aa",
          "widthPx": 163.0,
          "heightPx": 30,
          "priority": 5
        }
      }
    },
    {
      "type": "Feature",
      "id": "water.charles_upper",
      "geometry": {
        "type": "LineString",
        "coordinates": [
          [
            1458.0,
            12.0
          ],
          [
            1674.0,
            120.0
          ],
          [
            1890.0,
            216.0
          ],
          [
            2106.0,
            276.0
          ],
          [
            2346.0,
            300.0
          ],
          [
            2562.0,
            264.0
          ]
        ]
      },
      "properties": {
        "id": "water.charles_upper",
        "name": "Charles River (upper)",
        "category": "water",
        "kind": "river",
        "layer": 10,
        "playable": false,
        "insidePlayArea": false,
        "widthPx": 31.2,
        "label": {
          "text": "Charles River (upper)",
          "anchor": [
            1927.5,
            165.7
          ],
          "align": "right",
          "fontSizePx": 26,
          "fontWeight": "regular",
          "color": "#4a84aa",
          "widthPx": 247.0,
          "heightPx": 30,
          "priority": 5
        }
      }
    },
    {
      "type": "Feature",
      "id": "marker.heath_command",
      "geometry": {
        "type": "Point",
        "coordinates": [
          1825.2,
          360.0
        ]
      },
      "properties": {
        "id": "marker.heath_command",
        "name": "Gen. Heath takes command",
        "category": "battle_marker",
        "kind": "command",
        "layer": 70,
        "playable": false,
        "insidePlayArea": false,
        "historical": "Brig. Gen. William Heath rode up from Watertown and organised the 'circle of fire' that closed on the column.",
        "label": {
          "text": "Gen. Heath takes command",
          "anchor": [
            1678.1,
            389.4
          ],
          "align": "right",
          "fontSizePx": 26,
          "fontWeight": "regular",
          "color": "#b02030",
          "widthPx": 318.0,
          "heightPx": 30,
          "priority": 3,
          "subtitle": "Brig. Gen. William Heath rode up from Watertown and organised the 'circle of fire' that closed on the column."
        }
      }
    },
    {
      "type": "Feature",
      "id": "marker.needham_losses",
      "geometry": {
        "type": "Point",
        "coordinates": [
          2178.0,
          300.0
        ]
      },
      "properties": {
        "id": "marker.needham_losses",
        "name": "Needham's losses",
        "category": "battle_marker",
        "kind": "muster",
        "layer": 70,
        "playable": false,
        "insidePlayArea": false,
        "historical": "Five Needham men killed - the heaviest loss of any town.",
        "label": {
          "text": "Needham's losses",
          "anchor": [
            2085.4,
            329.4
          ],
          "align": "right",
          "fontSizePx": 26,
          "fontWeight": "regular",
          "color": "#b02030",
          "widthPx": 209.0,
          "heightPx": 30,
          "priority": 3,
          "subtitle": "Five Needham men killed - the heaviest loss of any town."
        }
      }
    },
    {
      "type": "Feature",
      "id": "gameplay.call_wave_button.0",
      "geometry": {
        "type": "Point",
        "coordinates": [
          574.8,
          817.4
        ]
      },
      "properties": {
        "id": "gameplay.call_wave_button.0",
        "name": "gameplay.call_wave_button.0",
        "category": "gameplay",
        "kind": "call_wave_button",
        "layer": 100,
        "playable": true,
        "insidePlayArea": true,
        "pathIndices": [
          0
        ]
      }
    },
    {
      "type": "Feature",
      "id": "gameplay.hero_spawn.primary",
      "geometry": {
        "type": "Point",
        "coordinates": [
          2147.0270072155654,
          1035.0639445266474
        ]
      },
      "properties": {
        "id": "gameplay.hero_spawn.primary",
        "name": "Primary hero start",
        "category": "gameplay",
        "kind": "hero_spawn",
        "layer": 75,
        "playable": true,
        "insidePlayArea": true,
        "heroRoles": [
          "primary"
        ]
      }
    }
  ],
  "heroCount": 1
}
