{
  "type": "FeatureCollection",
  "name": "level_01_battle_road",
  "coordinateReferenceSystem": {
    "type": "local-cartesian",
    "note": "NOT WGS84. [x, y] in canvas pixels, origin top-left, +y DOWN.",
    "canvas": {
      "width": 2868.0,
      "height": 2064.0
    },
    "playableRect": {
      "x": 474.0,
      "y": 492.0,
      "width": 1920.0,
      "height": 1080.0
    },
    "designSpace": {
      "width": 1600.0,
      "height": 900.0,
      "scale": 1.2,
      "toDesign": "design = (canvas - [474, 492]) / 1.2"
    }
  },
  "style": {
    "note": "Suggested paint values. Keys are matched category.kind, then category.",
    "background": "#f7f4ec",
    "grid": "#dfdacd",
    "byKind": {
      "water.river": {
        "stroke": "#96c4de",
        "casing": "#4a84aa",
        "casingWidth": 3
      },
      "water.lake": {
        "fill": "#96c4de",
        "stroke": "#4a84aa",
        "strokeWidth": 3
      },
      "water.sea": {
        "fill": "#96c4de",
        "stroke": "#4a84aa",
        "strokeWidth": 3
      },
      "water.bay": {
        "fill": "#96c4de",
        "stroke": "#4a84aa",
        "strokeWidth": 3
      },
      "terrain.woodland": {
        "fill": "#96b28a",
        "stroke": "#5c7a52",
        "strokeWidth": 3,
        "alpha": 150
      },
      "terrain.farmland": {
        "fill": "#ded6b0",
        "stroke": "#9d9569",
        "strokeWidth": 3,
        "alpha": 150
      },
      "terrain.hill": {
        "fill": "#c6bea0",
        "stroke": "#8e8663",
        "strokeWidth": 3,
        "alpha": 150
      },
      "terrain.marsh": {
        "fill": "#a9bfa2",
        "stroke": "#6f8a68",
        "strokeWidth": 3,
        "alpha": 150
      },
      "route.country_road": {
        "stroke": "#b09a76",
        "casing": null,
        "casingWidth": 0
      },
      "route.militia_march": {
        "stroke": "#5f7fa8",
        "casing": null,
        "casingWidth": 0
      },
      "boundary_wall.stone_wall": {
        "stroke": "#8d8778",
        "casing": null,
        "casingWidth": 0
      },
      "vessel.small_craft": {
        "fill": "#4a6488"
      },
      "settlement.town": {
        "fill": "#ceb298",
        "stroke": "#966c4c",
        "strokeWidth": 3,
        "alpha": 170,
        "emphasisFill": "#e0a35c",
        "emphasisStroke": "#8a4a1e",
        "emphasisStrokeWidth": 6,
        "emphasisAlpha": 225
      },
      "bridge.bridge_centreline": {
        "stroke": "#5a3e1e",
        "casing": null,
        "casingWidth": 0
      },
      "bridge.bridge_deck": {
        "fill": "#8a6438",
        "stroke": "#5a3e1e",
        "strokeWidth": 4,
        "alpha": 255
      },
      "bridge.bridge_railing": {
        "stroke": "#563a1c",
        "casing": null,
        "casingWidth": 0
      },
      "gameplay.enemy_path": {
        "stroke": "#243454",
        "casing": "#ffffff",
        "casingWidth": 14,
        "arrow": "#ffffff",
        "arrowEveryPx": 150
      },
      "gameplay.spawn_point": {
        "fill": "#247038",
        "stroke": "#ffffff",
        "radiusPx": 30
      },
      "gameplay.goal_point": {
        "fill": "#a32828",
        "stroke": "#ffffff",
        "radiusPx": 30
      },
      "gameplay.tower_slot": {
        "fill": "#1f3a63",
        "emphasisFill": "#b02030",
        "stroke": "#c9973f",
        "radiusPx": 27,
        "emphasisRadiusPx": 32,
        "rangeAlpha": 12,
        "emphasisRangeAlpha": 22
      },
      "building.structure": {
        "fill": "#684e2e",
        "stroke": "#ffffff",
        "strokeWidth": 2
      },
      "battle_marker.engagement": {
        "stroke": "#b02030",
        "strokeWidth": 5,
        "radiusPx": 15
      },
      "vessel.ship_of_the_line": {
        "fill": "#344a6e"
      },
      "boundary.playable_rect": {
        "stroke": "#b72234",
        "strokeWidth": 5,
        "fill": null
      },
      "boundary.canvas": {
        "stroke": null,
        "fill": null
      }
    },
    "labelColorByCategory": {
      "water": "#4a84aa",
      "terrain": "#566a44",
      "settlement": "#966c4c",
      "route": "#8a7550",
      "boundary_wall": "#6f6a5e",
      "bridge": "#7a5830",
      "building": "#684e2e",
      "battle_marker": "#b02030",
      "vessel": "#344a6e",
      "gameplay": "#1f3a63",
      "boundary": "#b72234"
    }
  },
  "metadata": {
    "level": 1,
    "levelName": "Battle Road",
    "title": "Lexington & Concord, 19 April 1775 - the British retreat",
    "entry": "Old North Bridge (west)",
    "exit": "Charlestown / Boston (east)",
    "towerRangeL1DesignUnits": 140.0,
    "categories": [
      "boundary",
      "water",
      "terrain",
      "route",
      "boundary_wall",
      "settlement",
      "gameplay",
      "bridge",
      "building",
      "vessel",
      "battle_marker"
    ],
    "paintOrder": "ascending properties.layer",
    "sources": [
      "Images/Level Maps/01/battle-road-map-1..5",
      "https://en.wikipedia.org/wiki/Bloody_Angle_(Lexington_and_Concord)",
      "https://en.wikipedia.org/wiki/Battle_Road_Trail",
      "https://www.battlefields.org/visit/heritage-sites/jason-russell-house",
      "https://arlingtonhistorical.org/learn/articles/the-battle-of-menotomy/"
    ],
    "labels": {
      "note": "Every visible feature carries properties.label. Draw label.text at label.anchor (canvas px, top-left of the text box) using label.fontSizePx and label.fontWeight. Anchors are pre-solved to avoid overlapping each other and the map geometry. label.leaderFrom is the feature it belongs to, for an optional leader line.",
      "placed": 143,
      "unplaced": [],
      "fontFamily": "system sans (Arial / Helvetica); substitute the game's UI face"
    }
  },
  "features": [
    {
      "type": "Feature",
      "id": "boundary.canvas",
      "geometry": {
        "type": "Polygon",
        "coordinates": [
          [
            [
              0,
              0
            ],
            [
              2868.0,
              0
            ],
            [
              2868.0,
              2064.0
            ],
            [
              0,
              2064.0
            ],
            [
              0,
              0
            ]
          ]
        ]
      },
      "properties": {
        "id": "boundary.canvas",
        "name": "Canvas bounds",
        "category": "boundary",
        "kind": "canvas",
        "layer": 0,
        "playable": false,
        "insidePlayableRect": true,
        "note": "Full art canvas, 2868 x 2064."
      }
    },
    {
      "type": "Feature",
      "id": "boundary.playable_rect",
      "geometry": {
        "type": "Polygon",
        "coordinates": [
          [
            [
              474.0,
              12.0
            ],
            [
              2394.0,
              12.0
            ],
            [
              2394.0,
              2052.0
            ],
            [
              474.0,
              2052.0
            ],
            [
              474.0,
              12.0
            ]
          ]
        ]
      },
      "properties": {
        "id": "boundary.playable_rect",
        "name": "Playable rect",
        "category": "boundary",
        "kind": "playable_rect",
        "layer": 0,
        "playable": false,
        "insidePlayableRect": true,
        "note": "Gameplay bounds, 1920 x 1080 at (474, 492); 16:9."
      }
    },
    {
      "type": "Feature",
      "id": "gameplay.road",
      "geometry": {
        "type": "LineString",
        "coordinates": [
          [
            550.8,
            1242.41
          ],
          [
            570.0,
            1239.15
          ],
          [
            589.2,
            1235.9
          ],
          [
            608.4,
            1232.64
          ],
          [
            649.6,
            1243.28
          ],
          [
            690.8,
            1253.92
          ],
          [
            732.0,
            1264.56
          ],
          [
            778.0,
            1276.72
          ],
          [
            824.0,
            1288.88
          ],
          [
            870.0,
            1301.04
          ],
          [
            918.0,
            1305.6
          ],
          [
            966.0,
            1310.16
          ],
          [
            1014.0,
            1314.72
          ],
          [
            1052.4,
            1311.68
          ],
          [
            1090.8,
            1308.64
          ],
          [
            1129.2,
            1305.6
          ],
          [
            1150.8,
            1298.0
          ],
          [
            1172.4,
            1290.4
          ],
          [
            1194.0,
            1282.8
          ],
          [
            1199.22,
            1282.15
          ],
          [
            1204.44,
            1281.5
          ],
          [
            1209.66,
            1280.85
          ],
          [
            1214.79,
            1278.91
          ],
          [
            1219.93,
            1276.97
          ],
          [
            1225.06,
            1275.03
          ],
          [
            1230.01,
            1271.84
          ],
          [
            1234.97,
            1268.64
          ],
          [
            1239.92,
            1265.44
          ],
          [
            1244.61,
            1261.05
          ],
          [
            1249.31,
            1256.65
          ],
          [
            1254.0,
            1252.25
          ],
          [
            1258.35,
            1246.73
          ],
          [
            1262.7,
            1241.21
          ],
          [
            1267.05,
            1235.68
          ],
          [
            1270.99,
            1229.13
          ],
          [
            1274.92,
            1222.58
          ],
          [
            1278.85,
            1216.02
          ],
          [
            1282.3,
            1208.55
          ],
          [
            1285.75,
            1201.07
          ],
          [
            1289.2,
            1193.6
          ],
          [
            1292.11,
            1185.33
          ],
          [
            1295.02,
            1177.07
          ],
          [
            1297.92,
            1168.8
          ],
          [
            1300.24,
            1159.88
          ],
          [
            1302.55,
            1150.97
          ],
          [
            1304.87,
            1142.05
          ],
          [
            1306.55,
            1132.64
          ],
          [
            1308.23,
            1123.22
          ],
          [
            1309.91,
            1113.81
          ],
          [
            1310.93,
            1104.06
          ],
          [
            1311.95,
            1094.31
          ],
          [
            1312.97,
            1084.56
          ],
          [
            1313.32,
            1074.64
          ],
          [
            1313.66,
            1064.72
          ],
          [
            1314.0,
            1054.8
          ],
          [
            1314.34,
            1044.88
          ],
          [
            1314.68,
            1034.96
          ],
          [
            1315.03,
            1025.04
          ],
          [
            1316.05,
            1015.29
          ],
          [
            1317.07,
            1005.54
          ],
          [
            1318.09,
            995.79
          ],
          [
            1319.77,
            986.38
          ],
          [
            1321.45,
            976.96
          ],
          [
            1323.13,
            967.55
          ],
          [
            1325.45,
            958.63
          ],
          [
            1327.76,
            949.72
          ],
          [
            1330.08,
            940.8
          ],
          [
            1332.98,
            932.53
          ],
          [
            1335.89,
            924.27
          ],
          [
            1338.8,
            916.0
          ],
          [
            1342.25,
            908.53
          ],
          [
            1345.7,
            901.05
          ],
          [
            1349.15,
            893.58
          ],
          [
            1353.08,
            887.02
          ],
          [
            1357.01,
            880.47
          ],
          [
            1360.95,
            873.92
          ],
          [
            1365.3,
            868.39
          ],
          [
            1369.65,
            862.87
          ],
          [
            1374.0,
            857.35
          ],
          [
            1378.69,
            852.95
          ],
          [
            1383.39,
            848.55
          ],
          [
            1388.08,
            844.16
          ],
          [
            1393.03,
            840.96
          ],
          [
            1397.99,
            837.76
          ],
          [
            1402.94,
            834.57
          ],
          [
            1408.07,
            832.63
          ],
          [
            1413.21,
            830.69
          ],
          [
            1418.34,
            828.75
          ],
          [
            1423.56,
            828.1
          ],
          [
            1428.78,
            827.45
          ],
          [
            1434.0,
            826.8
          ],
          [
            1454.8,
            820.72
          ],
          [
            1475.6,
            814.64
          ],
          [
            1496.4,
            808.56
          ],
          [
            1526.8,
            814.64
          ],
          [
            1557.2,
            820.72
          ],
          [
            1587.6,
            826.8
          ],
          [
            1617.2,
            846.56
          ],
          [
            1646.8,
            866.32
          ],
          [
            1676.4,
            886.08
          ],
          [
            1704.4,
            907.36
          ],
          [
            1732.4,
            928.64
          ],
          [
            1760.4,
            949.92
          ],
          [
            1786.0,
            959.04
          ],
          [
            1811.6,
            968.16
          ],
          [
            1837.2,
            977.28
          ],
          [
            1863.6,
            959.04
          ],
          [
            1890.0,
            940.8
          ],
          [
            1916.4,
            922.56
          ],
          [
            1944.4,
            936.24
          ],
          [
            1972.4,
            949.92
          ],
          [
            2000.4,
            963.6
          ],
          [
            2026.8,
            989.44
          ],
          [
            2053.2,
            1015.28
          ],
          [
            2079.6,
            1041.12
          ],
          [
            2105.2,
            1062.4
          ],
          [
            2130.8,
            1083.68
          ],
          [
            2156.4,
            1104.96
          ],
          [
            2180.4,
            1111.04
          ],
          [
            2204.4,
            1117.12
          ],
          [
            2228.4,
            1123.2
          ],
          [
            2252.4,
            1108.0
          ],
          [
            2276.4,
            1092.8
          ],
          [
            2300.4,
            1077.6
          ],
          [
            2306.0,
            1071.22
          ],
          [
            2311.6,
            1064.83
          ],
          [
            2317.2,
            1058.45
          ]
        ]
      },
      "properties": {
        "id": "gameplay.road",
        "name": "Battle Road",
        "category": "gameplay",
        "kind": "enemy_path",
        "layer": 40,
        "playable": true,
        "insidePlayableRect": true,
        "widthPx": 102.0,
        "direction": "west_to_east",
        "lengthDesignUnits": 1628.0,
        "artNote": "Dirt road, cart ruts, stone walls either side.",
        "label": {
          "text": "Battle Road",
          "anchor": [
            1421.8,
            1000.3
          ],
          "anchorDesign": [
            789.8,
            423.6
          ],
          "align": "left",
          "fontSizePx": 34,
          "fontWeight": "bold",
          "color": "#1f3a63",
          "widthPx": 189.0,
          "heightPx": 38,
          "leaderFrom": [
            1323.1,
            967.5
          ],
          "priority": 0,
          "needsLeader": true
        }
      }
    },
    {
      "type": "Feature",
      "id": "gameplay.entry",
      "geometry": {
        "type": "Point",
        "coordinates": [
          550.8,
          1242.41
        ]
      },
      "properties": {
        "id": "gameplay.entry",
        "name": "Old North Bridge",
        "category": "gameplay",
        "kind": "spawn_point",
        "layer": 75,
        "playable": true,
        "insidePlayableRect": true,
        "side": "west",
        "pairsWith": "bridge.old_north",
        "artNote": "Enemies appear at the west end of the bridge.",
        "label": {
          "text": "Old North Bridge",
          "anchor": [
            241.1,
            1123.4
          ],
          "anchorDesign": [
            -194.1,
            526.2
          ],
          "align": "right",
          "fontSizePx": 34,
          "fontWeight": "bold",
          "color": "#1f3a63",
          "widthPx": 273.0,
          "heightPx": 38,
          "leaderFrom": [
            550.8,
            1242.4
          ],
          "priority": 0,
          "needsLeader": true
        }
      }
    },
    {
      "type": "Feature",
      "id": "gameplay.exit",
      "geometry": {
        "type": "Point",
        "coordinates": [
          2317.2,
          1058.45
        ]
      },
      "properties": {
        "id": "gameplay.exit",
        "name": "Charlestown / Boston",
        "category": "gameplay",
        "kind": "goal_point",
        "layer": 75,
        "playable": true,
        "insidePlayableRect": true,
        "side": "east",
        "pairsWith": "town.charlestown",
        "artNote": "Column escapes toward Charlestown Neck and the harbour.",
        "label": {
          "text": "Charlestown / Boston",
          "anchor": [
            2142.7,
            933.5
          ],
          "anchorDesign": [
            1390.6,
            367.9
          ],
          "align": "right",
          "fontSizePx": 34,
          "fontWeight": "bold",
          "color": "#1f3a63",
          "widthPx": 349.0,
          "heightPx": 38,
          "leaderFrom": [
            2317.2,
            1058.5
          ],
          "priority": 0,
          "needsLeader": false
        }
      }
    },
    {
      "type": "Feature",
      "id": "gameplay.tower_slot.1",
      "geometry": {
        "type": "Point",
        "coordinates": [
          739.96,
          1148.67
        ]
      },
      "properties": {
        "id": "gameplay.tower_slot.1",
        "name": "Meriam's Corner",
        "category": "gameplay",
        "kind": "tower_slot",
        "layer": 75,
        "playable": true,
        "insidePlayableRect": true,
        "slotIndex": 0,
        "slotNumber": 1,
        "emphasis": false,
        "rangeAtL1Px": 168.0,
        "roadInRangeAtL1": 201.9,
        "note": "Opening slot on a straight run - the baseline.",
        "label": {
          "text": "1. Meriam's Corner",
          "anchor": [
            688.5,
            956.5
          ],
          "anchorDesign": [
            178.7,
            387.1
          ],
          "align": "right",
          "fontSizePx": 34,
          "fontWeight": "bold",
          "color": "#1f3a63",
          "widthPx": 303.0,
          "heightPx": 38,
          "leaderFrom": [
            740.0,
            1148.7
          ],
          "priority": 0,
          "needsLeader": true
        }
      }
    },
    {
      "type": "Feature",
      "id": "gameplay.tower_slot.2",
      "geometry": {
        "type": "Point",
        "coordinates": [
          1042.21,
          1427.04
        ]
      },
      "properties": {
        "id": "gameplay.tower_slot.2",
        "name": "Brooks Hill",
        "category": "gameplay",
        "kind": "tower_slot",
        "layer": 75,
        "playable": true,
        "insidePlayableRect": true,
        "slotIndex": 1,
        "slotNumber": 2,
        "emphasis": false,
        "rangeAtL1Px": 168.0,
        "roadInRangeAtL1": 188.7,
        "note": "Low rise south of the road; thins the column before the bend.",
        "label": {
          "text": "2. Brooks Hill",
          "anchor": [
            963.2,
            1458.3
          ],
          "anchorDesign": [
            407.7,
            805.2
          ],
          "align": "right",
          "fontSizePx": 34,
          "fontWeight": "bold",
          "color": "#1f3a63",
          "widthPx": 216.0,
          "heightPx": 38,
          "leaderFrom": [
            1042.2,
            1427.0
          ],
          "priority": 0,
          "needsLeader": false
        }
      }
    },
    {
      "type": "Feature",
      "id": "gameplay.tower_slot.3",
      "geometry": {
        "type": "Point",
        "coordinates": [
          1472.4,
          928.8
        ]
      },
      "properties": {
        "id": "gameplay.tower_slot.3",
        "name": "Bloody Angle - inner bend",
        "category": "gameplay",
        "kind": "tower_slot",
        "layer": 75,
        "playable": true,
        "insidePlayableRect": true,
        "slotIndex": 2,
        "slotNumber": 3,
        "emphasis": true,
        "rangeAtL1Px": 168.0,
        "roadInRangeAtL1": 348.2,
        "note": "Bloody Angle emplacement. Four slots ring the bend so the player can concentrate early towers where the column stays in range longest. Best position on the map.",
        "label": {
          "text": "3. Bloody Angle - inner bend",
          "anchor": [
            1419.2,
            1086.6
          ],
          "anchorDesign": [
            787.7,
            495.5
          ],
          "align": "right",
          "fontSizePx": 34,
          "fontWeight": "bold",
          "color": "#1f3a63",
          "widthPx": 460.0,
          "heightPx": 38,
          "leaderFrom": [
            1472.4,
            928.8
          ],
          "priority": 0,
          "needsLeader": true
        }
      }
    },
    {
      "type": "Feature",
      "id": "gameplay.tower_slot.4",
      "geometry": {
        "type": "Point",
        "coordinates": [
          1184.4,
          1178.4
        ]
      },
      "properties": {
        "id": "gameplay.tower_slot.4",
        "name": "Bloody Angle - west shoulder",
        "category": "gameplay",
        "kind": "tower_slot",
        "layer": 75,
        "playable": true,
        "insidePlayableRect": true,
        "slotIndex": 3,
        "slotNumber": 4,
        "emphasis": true,
        "rangeAtL1Px": 168.0,
        "roadInRangeAtL1": 319.1,
        "note": "Bloody Angle emplacement. Four slots ring the bend so the player can concentrate early towers where the column stays in range longest. Covers the approach and the first sweep.",
        "label": {
          "text": "4. Bloody Angle - west shoulder",
          "anchor": [
            710.9,
            1034.4
          ],
          "anchorDesign": [
            197.4,
            452.0
          ],
          "align": "right",
          "fontSizePx": 34,
          "fontWeight": "bold",
          "color": "#1f3a63",
          "widthPx": 514.0,
          "heightPx": 38,
          "leaderFrom": [
            1184.4,
            1178.4
          ],
          "priority": 0,
          "needsLeader": true
        }
      }
    },
    {
      "type": "Feature",
      "id": "gameplay.tower_slot.5",
      "geometry": {
        "type": "Point",
        "coordinates": [
          1665.81,
          741.7
        ]
      },
      "properties": {
        "id": "gameplay.tower_slot.5",
        "name": "Hartwell Tavern",
        "category": "gameplay",
        "kind": "tower_slot",
        "layer": 75,
        "playable": true,
        "insidePlayableRect": true,
        "slotIndex": 4,
        "slotNumber": 5,
        "emphasis": false,
        "rangeAtL1Px": 168.0,
        "roadInRangeAtL1": 179.3,
        "note": "North of the road where it straightens out.",
        "label": {
          "text": "5. Hartwell Tavern",
          "anchor": [
            1478.4,
            562.4
          ],
          "anchorDesign": [
            837.0,
            58.6
          ],
          "align": "right",
          "fontSizePx": 34,
          "fontWeight": "bold",
          "color": "#1f3a63",
          "widthPx": 289.0,
          "heightPx": 38,
          "leaderFrom": [
            1665.8,
            741.7
          ],
          "priority": 0,
          "needsLeader": true
        }
      }
    },
    {
      "type": "Feature",
      "id": "gameplay.tower_slot.6",
      "geometry": {
        "type": "Point",
        "coordinates": [
          1798.8,
          852.0
        ]
      },
      "properties": {
        "id": "gameplay.tower_slot.6",
        "name": "Bloody Angle - east shoulder",
        "category": "gameplay",
        "kind": "tower_slot",
        "layer": 75,
        "playable": true,
        "insidePlayableRect": true,
        "slotIndex": 5,
        "slotNumber": 6,
        "emphasis": true,
        "rangeAtL1Px": 168.0,
        "roadInRangeAtL1": 308.1,
        "note": "Bloody Angle emplacement. Four slots ring the bend so the player can concentrate early towers where the column stays in range longest. Holds the column as it exits the bend.",
        "label": {
          "text": "6. Bloody Angle - east shoulder",
          "anchor": [
            1420.3,
            616.5
          ],
          "anchorDesign": [
            788.6,
            103.7
          ],
          "align": "right",
          "fontSizePx": 34,
          "fontWeight": "bold",
          "color": "#1f3a63",
          "widthPx": 507.0,
          "heightPx": 38,
          "leaderFrom": [
            1798.8,
            852.0
          ],
          "priority": 0,
          "needsLeader": true
        }
      }
    },
    {
      "type": "Feature",
      "id": "gameplay.tower_slot.7",
      "geometry": {
        "type": "Point",
        "coordinates": [
          2019.4,
          1139.58
        ]
      },
      "properties": {
        "id": "gameplay.tower_slot.7",
        "name": "Menotomy - Jason Russell House",
        "category": "gameplay",
        "kind": "tower_slot",
        "layer": 75,
        "playable": true,
        "insidePlayableRect": true,
        "slotIndex": 6,
        "slotNumber": 7,
        "emphasis": false,
        "rangeAtL1Px": 168.0,
        "roadInRangeAtL1": 190.1,
        "note": "Bloodiest stretch historically.",
        "label": {
          "text": "7. Menotomy - Jason Russell House",
          "anchor": [
            1750.6,
            1197.9
          ],
          "anchorDesign": [
            1063.8,
            588.2
          ],
          "align": "right",
          "fontSizePx": 34,
          "fontWeight": "bold",
          "color": "#1f3a63",
          "widthPx": 579.0,
          "heightPx": 38,
          "leaderFrom": [
            2019.4,
            1139.6
          ],
          "priority": 0,
          "needsLeader": false
        }
      }
    },
    {
      "type": "Feature",
      "id": "gameplay.tower_slot.8",
      "geometry": {
        "type": "Point",
        "coordinates": [
          1040.4,
          1207.2
        ]
      },
      "properties": {
        "id": "gameplay.tower_slot.8",
        "name": "Bloody Angle - throat",
        "category": "gameplay",
        "kind": "tower_slot",
        "layer": 75,
        "playable": true,
        "insidePlayableRect": true,
        "slotIndex": 7,
        "slotNumber": 8,
        "emphasis": true,
        "rangeAtL1Px": 168.0,
        "roadInRangeAtL1": 241.9,
        "note": "Bloody Angle emplacement. Four slots ring the bend so the player can concentrate early towers where the column stays in range longest. Inside the curve itself.",
        "label": {
          "text": "8. Bloody Angle - throat",
          "anchor": [
            828.7,
            1110.9
          ],
          "anchorDesign": [
            295.6,
            515.8
          ],
          "align": "right",
          "fontSizePx": 34,
          "fontWeight": "bold",
          "color": "#1f3a63",
          "widthPx": 382.0,
          "heightPx": 38,
          "leaderFrom": [
            1040.4,
            1207.2
          ],
          "priority": 0,
          "needsLeader": false
        }
      }
    },
    {
      "type": "Feature",
      "id": "water.concord_river",
      "geometry": {
        "type": "LineString",
        "coordinates": [
          [
            466.8,
            -72.0
          ],
          [
            493.2,
            132.0
          ],
          [
            514.8,
            324.0
          ],
          [
            548.4,
            516.0
          ],
          [
            570.0,
            564.0
          ],
          [
            598.8,
            744.0
          ],
          [
            606.0,
            924.0
          ],
          [
            596.4,
            1116.0
          ],
          [
            603.6,
            1284.0
          ],
          [
            630.0,
            1476.0
          ],
          [
            666.0,
            1668.0
          ],
          [
            706.8,
            1836.0
          ],
          [
            740.4,
            1992.0
          ],
          [
            771.6,
            2136.0
          ]
        ]
      },
      "properties": {
        "id": "water.concord_river",
        "name": "Concord River",
        "category": "water",
        "kind": "river",
        "layer": 10,
        "playable": false,
        "insidePlayableRect": true,
        "widthPx": 45.6,
        "flowsTo": "north",
        "artNote": "Runs north past the bridge; the entry crosses it.",
        "label": {
          "text": "Concord River",
          "anchor": [
            384.5,
            1066.3
          ],
          "anchorDesign": [
            -74.6,
            478.6
          ],
          "align": "right",
          "fontSizePx": 26,
          "fontWeight": "regular",
          "color": "#4a84aa",
          "widthPx": 165.0,
          "heightPx": 30,
          "leaderFrom": [
            596.4,
            1116.0
          ],
          "priority": 5,
          "needsLeader": true
        }
      }
    },
    {
      "type": "Feature",
      "id": "water.assabet",
      "geometry": {
        "type": "LineString",
        "coordinates": [
          [
            114.0,
            1550.4
          ],
          [
            246.0,
            1466.4
          ],
          [
            358.8,
            1394.4
          ],
          [
            450.0,
            1310.4
          ],
          [
            603.6,
            1262.4
          ]
        ]
      },
      "properties": {
        "id": "water.assabet",
        "name": "Assabet River",
        "category": "water",
        "kind": "river",
        "layer": 10,
        "playable": false,
        "insidePlayableRect": false,
        "widthPx": 31.2,
        "artNote": "Joins the Concord just south of the Old Manse.",
        "label": {
          "text": "Assabet River",
          "anchor": [
            187.0,
            1326.4
          ],
          "anchorDesign": [
            -239.2,
            695.3
          ],
          "align": "right",
          "fontSizePx": 26,
          "fontWeight": "regular",
          "color": "#4a84aa",
          "widthPx": 160.0,
          "heightPx": 30,
          "leaderFrom": [
            358.8,
            1394.4
          ],
          "priority": 5,
          "needsLeader": false
        }
      }
    },
    {
      "type": "Feature",
      "id": "water.mystic_lakes",
      "geometry": {
        "type": "Polygon",
        "coordinates": [
          [
            [
              2283.69,
              577.05
            ],
            [
              2278.57,
              594.88
            ],
            [
              2254.36,
              608.87
            ],
            [
              2222.22,
              617.06
            ],
            [
              2190.84,
              622.25
            ],
            [
              2158.8,
              626.99
            ],
            [
              2121.91,
              629.09
            ],
            [
              2084.54,
              623.89
            ],
            [
              2058.39,
              610.48
            ],
            [
              2049.87,
              593.27
            ],
            [
              2053.29,
              577.05
            ],
            [
              2059.45,
              562.25
            ],
            [
              2067.97,
              546.8
            ],
            [
              2086.8,
              531.62
            ],
            [
              2119.65,
              521.82
            ],
            [
              2158.8,
              521.39
            ],
            [
              2193.11,
              528.65
            ],
            [
              2219.96,
              538.46
            ],
            [
              2244.79,
              548.41
            ],
            [
              2268.99,
              560.64
            ],
            [
              2283.69,
              577.05
            ]
          ]
        ]
      },
      "properties": {
        "id": "water.mystic_lakes",
        "name": "Mystic Lakes",
        "category": "water",
        "kind": "lake",
        "layer": 10,
        "playable": false,
        "insidePlayableRect": true,
        "artNote": "Twin lakes north of Menotomy.",
        "label": {
          "text": "Mystic Lakes",
          "anchor": [
            2090.2,
            527.0
          ],
          "anchorDesign": [
            1346.9,
            29.2
          ],
          "align": "right",
          "fontSizePx": 26,
          "fontWeight": "regular",
          "color": "#4a84aa",
          "widthPx": 149.0,
          "heightPx": 30,
          "leaderFrom": [
            2164.7,
            577.0
          ],
          "priority": 5,
          "needsLeader": false
        }
      }
    },
    {
      "type": "Feature",
      "id": "water.mystic_river",
      "geometry": {
        "type": "LineString",
        "coordinates": [
          [
            2202.0,
            694.08
          ],
          [
            2298.0,
            739.68
          ],
          [
            2406.0,
            797.28
          ],
          [
            2514.0,
            850.08
          ],
          [
            2646.0,
            893.28
          ]
        ]
      },
      "properties": {
        "id": "water.mystic_river",
        "name": "Mystic River",
        "category": "water",
        "kind": "river",
        "layer": 10,
        "playable": false,
        "insidePlayableRect": false,
        "widthPx": 31.2,
        "label": {
          "text": "Mystic River",
          "anchor": [
            2375.0,
            713.0
          ],
          "anchorDesign": [
            1584.2,
            184.2
          ],
          "align": "right",
          "fontSizePx": 26,
          "fontWeight": "regular",
          "color": "#4a84aa",
          "widthPx": 142.0,
          "heightPx": 30,
          "leaderFrom": [
            2406.0,
            797.3
          ],
          "priority": 5,
          "needsLeader": false
        }
      }
    },
    {
      "type": "Feature",
      "id": "water.walden_pond",
      "geometry": {
        "type": "Polygon",
        "coordinates": [
          [
            [
              1593.01,
              1492.28
            ],
            [
              1585.08,
              1507.35
            ],
            [
              1570.13,
              1518.97
            ],
            [
              1553.46,
              1528.03
            ],
            [
              1535.29,
              1536.14
            ],
            [
              1513.2,
              1541.88
            ],
            [
              1488.41,
              1541.51
            ],
            [
              1466.89,
              1533.4
            ],
            [
              1453.56,
              1520.23
            ],
            [
              1447.37,
              1506.08
            ],
            [
              1444.21,
              1492.28
            ],
            [
              1443.56,
              1477.68
            ],
            [
              1449.75,
              1462.54
            ],
            [
              1465.99,
              1450.36
            ],
            [
              1489.31,
              1444.84
            ],
            [
              1513.2,
              1445.88
            ],
            [
              1534.39,
              1450.21
            ],
            [
              1554.36,
              1455.73
            ],
            [
              1573.94,
              1463.81
            ],
            [
              1588.89,
              1476.41
            ],
            [
              1593.01,
              1492.28
            ]
          ]
        ]
      },
      "properties": {
        "id": "water.walden_pond",
        "name": "Walden Pond",
        "category": "water",
        "kind": "lake",
        "layer": 10,
        "playable": false,
        "insidePlayableRect": true,
        "label": {
          "text": "Walden Pond",
          "anchor": [
            1537.0,
            1477.3
          ],
          "anchorDesign": [
            885.8,
            821.1
          ],
          "align": "left",
          "fontSizePx": 26,
          "fontWeight": "regular",
          "color": "#4a84aa",
          "widthPx": 153.0,
          "heightPx": 30,
          "leaderFrom": [
            1517.0,
            1492.3
          ],
          "priority": 5,
          "needsLeader": false
        }
      }
    },
    {
      "type": "Feature",
      "id": "water.charles_river",
      "geometry": {
        "type": "LineString",
        "coordinates": [
          [
            2298.0,
            1568.88
          ],
          [
            2406.0,
            1484.88
          ],
          [
            2514.0,
            1417.68
          ],
          [
            2622.0,
            1379.28
          ],
          [
            2730.0,
            1379.28
          ]
        ]
      },
      "properties": {
        "id": "water.charles_river",
        "name": "Charles River",
        "category": "water",
        "kind": "river",
        "layer": 10,
        "playable": false,
        "insidePlayableRect": false,
        "widthPx": 40.8,
        "label": {
          "text": "Charles River",
          "anchor": [
            2414.8,
            1325.4
          ],
          "anchorDesign": [
            1617.3,
            694.5
          ],
          "align": "right",
          "fontSizePx": 26,
          "fontWeight": "regular",
          "color": "#4a84aa",
          "widthPx": 157.0,
          "heightPx": 30,
          "leaderFrom": [
            2514.0,
            1417.7
          ],
          "priority": 5,
          "needsLeader": false
        }
      }
    },
    {
      "type": "Feature",
      "id": "water.boston_harbour",
      "geometry": {
        "type": "Polygon",
        "coordinates": [
          [
            [
              2995.73,
              1252.8
            ],
            [
              2975.66,
              1337.96
            ],
            [
              2945.28,
              1412.08
            ],
            [
              2906.74,
              1479.64
            ],
            [
              2854.81,
              1534.39
            ],
            [
              2790.0,
              1557.91
            ],
            [
              2724.33,
              1538.14
            ],
            [
              2671.33,
              1483.4
            ],
            [
              2633.85,
              1412.96
            ],
            [
              2606.27,
              1337.08
            ],
            [
              2587.73,
              1252.8
            ],
            [
              2587.63,
              1159.97
            ],
            [
              2615.21,
              1073.51
            ],
            [
              2666.93,
              1013.65
            ],
            [
              2728.73,
              986.58
            ],
            [
              2790.0,
              981.91
            ],
            [
              2850.41,
              990.34
            ],
            [
              2911.14,
              1017.4
            ],
            [
              2963.93,
              1074.4
            ],
            [
              2994.3,
              1159.08
            ],
            [
              2995.73,
              1252.8
            ]
          ]
        ]
      },
      "properties": {
        "id": "water.boston_harbour",
        "name": "Boston Harbour",
        "category": "water",
        "kind": "sea",
        "layer": 10,
        "playable": false,
        "insidePlayableRect": false,
        "artNote": "Open water east of Charlestown; HMS Somerset sits here.",
        "label": {
          "text": "Boston Harbour",
          "anchor": [
            2600.8,
            1237.8
          ],
          "anchorDesign": [
            1772.3,
            621.5
          ],
          "align": "right",
          "fontSizePx": 26,
          "fontWeight": "regular",
          "color": "#4a84aa",
          "widthPx": 179.0,
          "heightPx": 30,
          "leaderFrom": [
            2799.8,
            1252.8
          ],
          "priority": 5,
          "needsLeader": false
        }
      }
    },
    {
      "type": "Feature",
      "id": "water.back_bay",
      "geometry": {
        "type": "Polygon",
        "coordinates": [
          [
            [
              2749.43,
              1468.05
            ],
            [
              2742.23,
              1488.57
            ],
            [
              2731.51,
              1509.06
            ],
            [
              2711.72,
              1528.72
            ],
            [
              2679.64,
              1541.99
            ],
            [
              2641.2,
              1543.82
            ],
            [
              2606.25,
              1535.28
            ],
            [
              2578.48,
              1522.01
            ],
            [
              2554.38,
              1507.48
            ],
            [
              2532.37,
              1490.15
            ],
            [
              2519.03,
              1468.05
            ],
            [
              2523.1,
              1444.07
            ],
            [
              2545.11,
              1424.42
            ],
            [
              2576.29,
              1412.22
            ],
            [
              2608.44,
              1405.04
            ],
            [
              2641.2,
              1399.82
            ],
            [
              2677.45,
              1398.33
            ],
            [
              2713.91,
              1405.51
            ],
            [
              2740.78,
              1422.84
            ],
            [
              2751.5,
              1445.66
            ],
            [
              2749.43,
              1468.05
            ]
          ]
        ]
      },
      "properties": {
        "id": "water.back_bay",
        "name": "Back Bay",
        "category": "water",
        "kind": "bay",
        "layer": 10,
        "playable": false,
        "insidePlayableRect": false,
        "label": {
          "text": "Back Bay",
          "anchor": [
            2633.4,
            1494.1
          ],
          "anchorDesign": [
            1799.5,
            835.1
          ],
          "align": "right",
          "fontSizePx": 26,
          "fontWeight": "regular",
          "color": "#4a84aa",
          "widthPx": 108.0,
          "heightPx": 30,
          "leaderFrom": [
            2646.4,
            1468.1
          ],
          "priority": 5,
          "needsLeader": false
        }
      }
    },
    {
      "type": "Feature",
      "id": "bridge.old_north.deck",
      "geometry": {
        "type": "Polygon",
        "coordinates": [
          [
            [
              487.7,
              1329.45
            ],
            [
              734.9,
              1311.45
            ],
            [
              726.7,
              1198.95
            ],
            [
              479.5,
              1216.95
            ],
            [
              487.7,
              1329.45
            ]
          ]
        ]
      },
      "properties": {
        "id": "bridge.old_north.deck",
        "name": "Old North Bridge deck",
        "category": "bridge",
        "kind": "bridge_deck",
        "layer": 50,
        "playable": true,
        "insidePlayableRect": true,
        "historical": "Where the militia fired 'the shot heard round the world', 19 Apr 1775.",
        "artNote": "ENTRY LANDMARK. Timber deck carrying the road over the Concord River. Deck is deliberately WIDER than the road so it reads beneath it."
      }
    },
    {
      "type": "Feature",
      "id": "bridge.old_north.rail_n",
      "geometry": {
        "type": "LineString",
        "coordinates": [
          [
            487.7,
            1329.45
          ],
          [
            734.9,
            1311.45
          ]
        ]
      },
      "properties": {
        "id": "bridge.old_north.rail_n",
        "name": "Old North Bridge railing (north)",
        "category": "bridge",
        "kind": "bridge_railing",
        "layer": 50,
        "playable": true,
        "insidePlayableRect": true,
        "widthPx": 10.8,
        "artNote": "Wooden parapet along the upstream side of the deck."
      }
    },
    {
      "type": "Feature",
      "id": "bridge.old_north.rail_s",
      "geometry": {
        "type": "LineString",
        "coordinates": [
          [
            726.7,
            1198.95
          ],
          [
            479.5,
            1216.95
          ]
        ]
      },
      "properties": {
        "id": "bridge.old_north.rail_s",
        "name": "Old North Bridge railing (south)",
        "category": "bridge",
        "kind": "bridge_railing",
        "layer": 50,
        "playable": true,
        "insidePlayableRect": true,
        "widthPx": 10.8,
        "artNote": "Wooden parapet along the downstream side of the deck."
      }
    },
    {
      "type": "Feature",
      "id": "bridge.old_north",
      "geometry": {
        "type": "LineString",
        "coordinates": [
          [
            483.6,
            1273.2
          ],
          [
            730.8,
            1255.2
          ]
        ]
      },
      "properties": {
        "id": "bridge.old_north",
        "name": "Old North Bridge",
        "category": "bridge",
        "kind": "bridge_centreline",
        "layer": 50,
        "playable": true,
        "insidePlayableRect": true,
        "widthPx": 6.0,
        "role": "centreline",
        "historical": "Where the militia fired 'the shot heard round the world', 19 Apr 1775.",
        "artNote": "ENTRY LANDMARK. Wooden arched span carrying the road over the Concord River.",
        "label": {
          "text": "Old North Bridge",
          "anchor": [
            717.8,
            1412.4
          ],
          "anchorDesign": [
            203.2,
            767.0
          ],
          "align": "right",
          "fontSizePx": 28,
          "fontWeight": "bold",
          "color": "#7a5830",
          "widthPx": 226.0,
          "heightPx": 32,
          "leaderFrom": [
            730.8,
            1255.2
          ],
          "priority": 1,
          "needsLeader": true,
          "subtitle": "Where the militia fired 'the shot heard round the world', 19 Apr 1775."
        }
      }
    },
    {
      "type": "Feature",
      "id": "bridge.concord_south",
      "geometry": {
        "type": "LineString",
        "coordinates": [
          [
            294.0,
            1540.8
          ],
          [
            411.6,
            1528.8
          ]
        ]
      },
      "properties": {
        "id": "bridge.concord_south",
        "name": "Concord South Bridge",
        "category": "bridge",
        "kind": "timber_bridge",
        "layer": 50,
        "playable": false,
        "insidePlayableRect": false,
        "widthPx": 31.2,
        "artNote": "Second Concord crossing, decorative, west bleed.",
        "label": {
          "text": "Concord South Bridge",
          "anchor": [
            302.1,
            1582.1
          ],
          "anchorDesign": [
            -143.2,
            908.4
          ],
          "align": "right",
          "fontSizePx": 28,
          "fontWeight": "bold",
          "color": "#7a5830",
          "widthPx": 299.0,
          "heightPx": 32,
          "leaderFrom": [
            411.6,
            1528.8
          ],
          "priority": 1,
          "needsLeader": false
        }
      }
    },
    {
      "type": "Feature",
      "id": "bridge.cambridge",
      "geometry": {
        "type": "LineString",
        "coordinates": [
          [
            2163.6,
            1593.6
          ],
          [
            2274.0,
            1562.4
          ]
        ]
      },
      "properties": {
        "id": "bridge.cambridge",
        "name": "Cambridge Bridge",
        "category": "bridge",
        "kind": "timber_bridge",
        "layer": 50,
        "playable": false,
        "insidePlayableRect": true,
        "widthPx": 31.2,
        "artNote": "Great Bridge over the Charles, decorative.",
        "label": {
          "text": "Cambridge Bridge",
          "anchor": [
            2152.0,
            1626.4
          ],
          "anchorDesign": [
            1398.3,
            945.3
          ],
          "align": "right",
          "fontSizePx": 28,
          "fontWeight": "bold",
          "color": "#7a5830",
          "widthPx": 244.0,
          "heightPx": 32,
          "leaderFrom": [
            2274.0,
            1562.4
          ],
          "priority": 1,
          "needsLeader": false
        }
      }
    },
    {
      "type": "Feature",
      "id": "terrain.punkatasset",
      "geometry": {
        "type": "Polygon",
        "coordinates": [
          [
            [
              274.8,
              840.48
            ],
            [
              278.86,
              859.19
            ],
            [
              265.57,
              876.63
            ],
            [
              238.26,
              886.79
            ],
            [
              208.08,
              889.28
            ],
            [
              181.2,
              889.06
            ],
            [
              154.32,
              889.28
            ],
            [
              124.14,
              886.79
            ],
            [
              96.83,
              876.63
            ],
            [
              83.54,
              859.19
            ],
            [
              87.6,
              840.48
            ],
            [
              100.82,
              825.08
            ],
            [
              114.12,
              811.74
            ],
            [
              128.22,
              797.48
            ],
            [
              150.24,
              784.28
            ],
            [
              181.2,
              778.66
            ],
            [
              212.16,
              784.28
            ],
            [
              234.18,
              797.48
            ],
            [
              248.28,
              811.74
            ],
            [
              261.58,
              825.08
            ],
            [
              274.8,
              840.48
            ]
          ]
        ]
      },
      "properties": {
        "id": "terrain.punkatasset",
        "name": "Punkatasset Hill",
        "category": "terrain",
        "kind": "hill",
        "layer": 20,
        "playable": false,
        "insidePlayableRect": false,
        "label": {
          "text": "Punkatasset Hill",
          "anchor": [
            205.7,
            825.5
          ],
          "anchorDesign": [
            -223.6,
            277.9
          ],
          "align": "left",
          "fontSizePx": 26,
          "fontWeight": "regular",
          "color": "#566a44",
          "widthPx": 184.0,
          "heightPx": 30,
          "leaderFrom": [
            185.7,
            840.5
          ],
          "priority": 4,
          "needsLeader": false
        }
      }
    },
    {
      "type": "Feature",
      "id": "terrain.brooks_hill",
      "geometry": {
        "type": "Polygon",
        "coordinates": [
          [
            [
              1144.17,
              1476.22
            ],
            [
              1128.56,
              1495.96
            ],
            [
              1102.03,
              1509.91
            ],
            [
              1076.04,
              1520.68
            ],
            [
              1049.9,
              1532.06
            ],
            [
              1016.4,
              1541.73
            ],
            [
              976.61,
              1542.54
            ],
            [
              942.71,
              1531.16
            ],
            [
              924.49,
              1512.39
            ],
            [
              918.29,
              1493.48
            ],
            [
              913.77,
              1476.22
            ],
            [
              909.44,
              1457.39
            ],
            [
              915.63,
              1436.56
            ],
            [
              940.62,
              1419.71
            ],
            [
              978.7,
              1413.37
            ],
            [
              1016.4,
              1416.93
            ],
            [
              1047.81,
              1423.85
            ],
            [
              1078.13,
              1430.19
            ],
            [
              1110.88,
              1439.03
            ],
            [
              1137.41,
              1454.92
            ],
            [
              1144.17,
              1476.22
            ]
          ]
        ]
      },
      "properties": {
        "id": "terrain.brooks_hill",
        "name": "Brooks Hill",
        "category": "terrain",
        "kind": "hill",
        "layer": 20,
        "playable": false,
        "insidePlayableRect": true,
        "label": {
          "text": "Brooks Hill",
          "anchor": [
            989.5,
            1511.4
          ],
          "anchorDesign": [
            429.6,
            849.5
          ],
          "align": "right",
          "fontSizePx": 26,
          "fontWeight": "regular",
          "color": "#566a44",
          "widthPx": 124.0,
          "heightPx": 30,
          "leaderFrom": [
            1022.5,
            1476.2
          ],
          "priority": 4,
          "needsLeader": false
        }
      }
    },
    {
      "type": "Feature",
      "id": "terrain.fiske_hill",
      "geometry": {
        "type": "Polygon",
        "coordinates": [
          [
            [
              1867.71,
              1209.84
            ],
            [
              1852.81,
              1225.43
            ],
            [
              1837.11,
              1238.45
            ],
            [
              1821.32,
              1252.14
            ],
            [
              1798.1,
              1265.28
            ],
            [
              1765.2,
              1271.6
            ],
            [
              1731.45,
              1266.72
            ],
            [
              1707.17,
              1253.58
            ],
            [
              1692.44,
              1238.79
            ],
            [
              1679.5,
              1225.09
            ],
            [
              1666.11,
              1209.84
            ],
            [
              1661.07,
              1191.31
            ],
            [
              1674.01,
              1173.56
            ],
            [
              1702.82,
              1162.82
            ],
            [
              1735.8,
              1160.29
            ],
            [
              1765.2,
              1161.2
            ],
            [
              1793.75,
              1161.73
            ],
            [
              1825.67,
              1164.26
            ],
            [
              1855.54,
              1173.9
            ],
            [
              1871.23,
              1190.97
            ],
            [
              1867.71,
              1209.84
            ]
          ]
        ]
      },
      "properties": {
        "id": "terrain.fiske_hill",
        "name": "Fiske Hill",
        "category": "terrain",
        "kind": "hill",
        "layer": 20,
        "playable": false,
        "insidePlayableRect": true,
        "label": {
          "text": "Fiske Hill",
          "anchor": [
            1732.1,
            1250.9
          ],
          "anchorDesign": [
            1048.4,
            632.4
          ],
          "align": "right",
          "fontSizePx": 26,
          "fontWeight": "regular",
          "color": "#566a44",
          "widthPx": 106.0,
          "heightPx": 30,
          "leaderFrom": [
            1770.1,
            1209.8
          ],
          "priority": 4,
          "needsLeader": false
        }
      }
    },
    {
      "type": "Feature",
      "id": "terrain.pierces_hill",
      "geometry": {
        "type": "Polygon",
        "coordinates": [
          [
            [
              2268.14,
              717.36
            ],
            [
              2256.43,
              730.24
            ],
            [
              2244.1,
              740.99
            ],
            [
              2231.69,
              752.3
            ],
            [
              2213.45,
              763.16
            ],
            [
              2187.6,
              768.38
            ],
            [
              2161.08,
              764.35
            ],
            [
              2142.01,
              753.49
            ],
            [
              2130.43,
              741.27
            ],
            [
              2120.27,
              729.96
            ],
            [
              2109.74,
              717.36
            ],
            [
              2105.79,
              702.05
            ],
            [
              2115.95,
              687.39
            ],
            [
              2138.59,
              678.52
            ],
            [
              2164.5,
              676.43
            ],
            [
              2187.6,
              677.18
            ],
            [
              2210.03,
              677.61
            ],
            [
              2235.11,
              679.71
            ],
            [
              2258.58,
              687.67
            ],
            [
              2270.91,
              701.77
            ],
            [
              2268.14,
              717.36
            ]
          ]
        ]
      },
      "properties": {
        "id": "terrain.pierces_hill",
        "name": "Pierce's Hill",
        "category": "terrain",
        "kind": "hill",
        "layer": 20,
        "playable": false,
        "insidePlayableRect": true,
        "label": {
          "text": "Pierce's Hill",
          "anchor": [
            2123.9,
            760.4
          ],
          "anchorDesign": [
            1374.9,
            223.6
          ],
          "align": "right",
          "fontSizePx": 26,
          "fontWeight": "regular",
          "color": "#566a44",
          "widthPx": 135.0,
          "heightPx": 30,
          "leaderFrom": [
            2191.4,
            717.4
          ],
          "priority": 4,
          "needsLeader": false
        }
      }
    },
    {
      "type": "Feature",
      "id": "terrain.prospect_hill",
      "geometry": {
        "type": "Polygon",
        "coordinates": [
          [
            [
              2175.6,
              594.24
            ],
            [
              2179.04,
              609.7
            ],
            [
              2167.79,
              624.1
            ],
            [
              2144.68,
              632.5
            ],
            [
              2119.15,
              634.55
            ],
            [
              2096.4,
              634.37
            ],
            [
              2073.65,
              634.55
            ],
            [
              2048.12,
              632.5
            ],
            [
              2025.01,
              624.1
            ],
            [
              2013.76,
              609.7
            ],
            [
              2017.2,
              594.24
            ],
            [
              2028.39,
              581.52
            ],
            [
              2039.64,
              570.5
            ],
            [
              2051.57,
              558.72
            ],
            [
              2070.2,
              547.81
            ],
            [
              2096.4,
              543.17
            ],
            [
              2122.6,
              547.81
            ],
            [
              2141.23,
              558.72
            ],
            [
              2153.16,
              570.5
            ],
            [
              2164.41,
              581.52
            ],
            [
              2175.6,
              594.24
            ]
          ]
        ]
      },
      "properties": {
        "id": "terrain.prospect_hill",
        "name": "Prospect Hill",
        "category": "terrain",
        "kind": "hill",
        "layer": 20,
        "playable": false,
        "insidePlayableRect": true,
        "label": {
          "text": "Prospect Hill",
          "anchor": [
            2120.2,
            579.2
          ],
          "anchorDesign": [
            1371.8,
            72.7
          ],
          "align": "left",
          "fontSizePx": 26,
          "fontWeight": "regular",
          "color": "#566a44",
          "widthPx": 145.0,
          "heightPx": 30,
          "leaderFrom": [
            2100.2,
            594.2
          ],
          "priority": 4,
          "needsLeader": false
        }
      }
    },
    {
      "type": "Feature",
      "id": "terrain.winter_hill",
      "geometry": {
        "type": "Polygon",
        "coordinates": [
          [
            [
              2447.46,
              565.13
            ],
            [
              2442.48,
              576.27
            ],
            [
              2437.54,
              588.0
            ],
            [
              2426.95,
              600.19
            ],
            [
              2406.91,
              608.58
            ],
            [
              2382.0,
              609.13
            ],
            [
              2360.36,
              602.87
            ],
            [
              2344.36,
              594.49
            ],
            [
              2329.73,
              586.65
            ],
            [
              2314.21,
              577.61
            ],
            [
              2303.46,
              565.13
            ],
            [
              2305.52,
              551.05
            ],
            [
              2321.04,
              540.04
            ],
            [
              2342.31,
              534.18
            ],
            [
              2362.41,
              530.97
            ],
            [
              2382.0,
              527.53
            ],
            [
              2404.86,
              525.27
            ],
            [
              2429.0,
              528.47
            ],
            [
              2446.23,
              538.69
            ],
            [
              2451.17,
              552.4
            ],
            [
              2447.46,
              565.13
            ]
          ]
        ]
      },
      "properties": {
        "id": "terrain.winter_hill",
        "name": "Winter Hill",
        "category": "terrain",
        "kind": "hill",
        "layer": 20,
        "playable": false,
        "insidePlayableRect": true,
        "label": {
          "text": "Winter Hill",
          "anchor": [
            2405.1,
            550.1
          ],
          "anchorDesign": [
            1609.3,
            48.4
          ],
          "align": "left",
          "fontSizePx": 26,
          "fontWeight": "regular",
          "color": "#566a44",
          "widthPx": 119.0,
          "heightPx": 30,
          "leaderFrom": [
            2385.1,
            565.1
          ],
          "priority": 4,
          "needsLeader": false
        }
      }
    },
    {
      "type": "Feature",
      "id": "terrain.bunker_hill",
      "geometry": {
        "type": "Polygon",
        "coordinates": [
          [
            [
              2732.52,
              583.08
            ],
            [
              2735.41,
              600.17
            ],
            [
              2730.36,
              619.24
            ],
            [
              2709.14,
              635.27
            ],
            [
              2675.42,
              641.87
            ],
            [
              2641.2,
              638.72
            ],
            [
              2612.92,
              631.67
            ],
            [
              2586.54,
              625.07
            ],
            [
              2557.98,
              616.83
            ],
            [
              2533.71,
              602.57
            ],
            [
              2526.12,
              583.08
            ],
            [
              2539.12,
              564.57
            ],
            [
              2563.38,
              551.52
            ],
            [
              2587.82,
              542.07
            ],
            [
              2611.64,
              532.3
            ],
            [
              2641.2,
              523.52
            ],
            [
              2676.7,
              522.1
            ],
            [
              2707.86,
              531.87
            ],
            [
              2724.96,
              549.12
            ],
            [
              2730.01,
              566.98
            ],
            [
              2732.52,
              583.08
            ]
          ]
        ]
      },
      "properties": {
        "id": "terrain.bunker_hill",
        "name": "Breed's / Bunker Hill",
        "category": "terrain",
        "kind": "hill",
        "layer": 20,
        "playable": false,
        "insidePlayableRect": false,
        "label": {
          "text": "Breed's / Bunker Hill",
          "anchor": [
            2567.5,
            568.1
          ],
          "anchorDesign": [
            1744.6,
            63.4
          ],
          "align": "right",
          "fontSizePx": 26,
          "fontWeight": "regular",
          "color": "#566a44",
          "widthPx": 232.0,
          "heightPx": 30,
          "leaderFrom": [
            2645.5,
            583.1
          ],
          "priority": 4,
          "needsLeader": false
        }
      }
    },
    {
      "type": "Feature",
      "id": "terrain.concord_hill",
      "geometry": {
        "type": "Polygon",
        "coordinates": [
          [
            [
              1935.91,
              758.4
            ],
            [
              1932.67,
              772.42
            ],
            [
              1916.02,
              783.11
            ],
            [
              1894.41,
              788.9
            ],
            [
              1874.24,
              792.55
            ],
            [
              1854.0,
              796.55
            ],
            [
              1830.01,
              798.89
            ],
            [
              1805.19,
              795.24
            ],
            [
              1788.22,
              784.61
            ],
            [
              1783.73,
              770.92
            ],
            [
              1787.11,
              758.4
            ],
            [
              1791.15,
              747.2
            ],
            [
              1795.64,
              735.15
            ],
            [
              1806.95,
              722.88
            ],
            [
              1828.25,
              714.95
            ],
            [
              1854.0,
              714.95
            ],
            [
              1875.99,
              721.29
            ],
            [
              1892.66,
              729.22
            ],
            [
              1908.6,
              736.65
            ],
            [
              1925.25,
              745.71
            ],
            [
              1935.91,
              758.4
            ]
          ]
        ]
      },
      "properties": {
        "id": "terrain.concord_hill",
        "name": "Concord Hill",
        "category": "terrain",
        "kind": "hill",
        "layer": 20,
        "playable": false,
        "insidePlayableRect": true,
        "label": {
          "text": "Concord Hill",
          "anchor": [
            1746.4,
            702.4
          ],
          "anchorDesign": [
            1060.3,
            175.3
          ],
          "align": "right",
          "fontSizePx": 26,
          "fontWeight": "regular",
          "color": "#566a44",
          "widthPx": 141.0,
          "heightPx": 30,
          "leaderFrom": [
            1857.9,
            758.4
          ],
          "priority": 4,
          "needsLeader": false
        }
      }
    },
    {
      "type": "Feature",
      "id": "terrain.angle_woods",
      "geometry": {
        "type": "Polygon",
        "coordinates": [
          [
            [
              1534.54,
              1036.56
            ],
            [
              1548.05,
              1089.21
            ],
            [
              1543.54,
              1151.94
            ],
            [
              1493.01,
              1205.47
            ],
            [
              1406.66,
              1224.43
            ],
            [
              1321.2,
              1208.39
            ],
            [
              1255.07,
              1181.93
            ],
            [
              1192.61,
              1162.98
            ],
            [
              1118.19,
              1141.91
            ],
            [
              1051.12,
              1099.24
            ],
            [
              1030.54,
              1036.56
            ],
            [
              1068.72,
              977.96
            ],
            [
              1135.79,
              940.34
            ],
            [
              1196.77,
              914.23
            ],
            [
              1250.92,
              882.05
            ],
            [
              1321.2,
              848.39
            ],
            [
              1410.82,
              839.55
            ],
            [
              1488.86,
              871.73
            ],
            [
              1525.94,
              930.31
            ],
            [
              1530.45,
              988.0
            ],
            [
              1534.54,
              1036.56
            ]
          ]
        ]
      },
      "properties": {
        "id": "terrain.angle_woods",
        "name": "Bloody Angle woods",
        "category": "terrain",
        "kind": "woodland",
        "layer": 20,
        "playable": true,
        "insidePlayableRect": true,
        "historical": "Unlike the open farmland either side, the angle was wooded - the cover that let the militia close on the road.",
        "artNote": "Dense trees hugging both sides of the S-bend. This is the level's set piece.",
        "label": {
          "text": "Bloody Angle woods",
          "anchor": [
            1392.6,
            1198.3
          ],
          "anchorDesign": [
            765.5,
            588.6
          ],
          "align": "left",
          "fontSizePx": 26,
          "fontWeight": "regular",
          "color": "#566a44",
          "widthPx": 231.0,
          "heightPx": 30,
          "leaderFrom": [
            1331.4,
            1036.6
          ],
          "priority": 4,
          "needsLeader": true,
          "subtitle": "Unlike the open farmland either side, the angle was wooded - the cover that let the militia close on the road."
        }
      }
    },
    {
      "type": "Feature",
      "id": "terrain.meriam_fields",
      "geometry": {
        "type": "Polygon",
        "coordinates": [
          [
            [
              971.63,
              1419.6
            ],
            [
              980.12,
              1457.38
            ],
            [
              952.89,
              1494.08
            ],
            [
              891.55,
              1518.04
            ],
            [
              818.07,
              1525.45
            ],
            [
              750.0,
              1523.74
            ],
            [
              685.11,
              1520.5
            ],
            [
              615.57,
              1513.09
            ],
            [
              550.29,
              1492.91
            ],
            [
              512.75,
              1458.55
            ],
            [
              515.63,
              1419.6
            ],
            [
              546.44,
              1386.18
            ],
            [
              583.98,
              1358.66
            ],
            [
              623.52,
              1331.64
            ],
            [
              677.16,
              1306.33
            ],
            [
              750.0,
              1293.34
            ],
            [
              826.02,
              1301.38
            ],
            [
              883.6,
              1326.69
            ],
            [
              919.2,
              1357.49
            ],
            [
              946.44,
              1387.35
            ],
            [
              971.63,
              1419.6
            ]
          ]
        ]
      },
      "properties": {
        "id": "terrain.meriam_fields",
        "name": "Meriam's Corner fields",
        "category": "terrain",
        "kind": "farmland",
        "layer": 20,
        "playable": true,
        "insidePlayableRect": true,
        "label": {
          "text": "Meriam's Corner fields",
          "anchor": [
            698.6,
            1520.6
          ],
          "anchorDesign": [
            187.1,
            857.2
          ],
          "align": "right",
          "fontSizePx": 26,
          "fontWeight": "regular",
          "color": "#566a44",
          "widthPx": 258.0,
          "heightPx": 30,
          "leaderFrom": [
            760.6,
            1419.6
          ],
          "priority": 4,
          "needsLeader": true
        }
      }
    },
    {
      "type": "Feature",
      "id": "terrain.menotomy_fields",
      "geometry": {
        "type": "Polygon",
        "coordinates": [
          [
            [
              2287.4,
              1282.8
            ],
            [
              2283.34,
              1319.5
            ],
            [
              2243.52,
              1349.54
            ],
            [
              2185.21,
              1366.75
            ],
            [
              2126.9,
              1375.5
            ],
            [
              2070.0,
              1382.66
            ],
            [
              2006.4,
              1386.42
            ],
            [
              1939.81,
              1377.67
            ],
            [
              1889.78,
              1352.12
            ],
            [
              1871.64,
              1316.92
            ],
            [
              1879.4,
              1282.8
            ],
            [
              1895.31,
              1252.75
            ],
            [
              1913.44,
              1222.58
            ],
            [
              1945.39,
              1192.0
            ],
            [
              2000.82,
              1170.07
            ],
            [
              2070.0,
              1166.66
            ],
            [
              2132.48,
              1180.99
            ],
            [
              2179.62,
              1202.92
            ],
            [
              2219.86,
              1225.16
            ],
            [
              2259.67,
              1250.17
            ],
            [
              2287.4,
              1282.8
            ]
          ]
        ]
      },
      "properties": {
        "id": "terrain.menotomy_fields",
        "name": "Menotomy farmland",
        "category": "terrain",
        "kind": "farmland",
        "layer": 20,
        "playable": true,
        "insidePlayableRect": true,
        "label": {
          "text": "Menotomy farmland",
          "anchor": [
            2100.4,
            1267.8
          ],
          "anchorDesign": [
            1355.3,
            646.5
          ],
          "align": "left",
          "fontSizePx": 26,
          "fontWeight": "regular",
          "color": "#566a44",
          "widthPx": 227.0,
          "heightPx": 30,
          "leaderFrom": [
            2080.4,
            1282.8
          ],
          "priority": 4,
          "needsLeader": true
        }
      }
    },
    {
      "type": "Feature",
      "id": "town.concord",
      "geometry": {
        "type": "Polygon",
        "coordinates": [
          [
            [
              379.23,
              1445.13
            ],
            [
              358.0,
              1474.09
            ],
            [
              323.3,
              1493.66
            ],
            [
              291.26,
              1508.65
            ],
            [
              260.35,
              1525.9
            ],
            [
              219.6,
              1541.64
            ],
            [
              169.84,
              1543.77
            ],
            [
              127.79,
              1526.52
            ],
            [
              106.88,
              1497.88
            ],
            [
              101.35,
              1469.88
            ],
            [
              96.03,
              1445.13
            ],
            [
              88.66,
              1417.73
            ],
            [
              94.19,
              1386.45
            ],
            [
              124.79,
              1361.09
            ],
            [
              172.84,
              1352.43
            ],
            [
              219.6,
              1359.24
            ],
            [
              257.35,
              1370.3
            ],
            [
              294.25,
              1378.95
            ],
            [
              336.0,
              1390.66
            ],
            [
              370.69,
              1413.51
            ],
            [
              379.23,
              1445.13
            ]
          ]
        ]
      },
      "properties": {
        "id": "town.concord",
        "name": "Concord village",
        "category": "settlement",
        "kind": "town",
        "layer": 30,
        "playable": false,
        "insidePlayableRect": false,
        "label": {
          "text": "Concord village",
          "anchor": [
            58.6,
            1371.6
          ],
          "anchorDesign": [
            -346.1,
            733.0
          ],
          "align": "right",
          "fontSizePx": 30,
          "fontWeight": "bold",
          "color": "#966c4c",
          "widthPx": 224.0,
          "heightPx": 34,
          "leaderFrom": [
            227.2,
            1445.1
          ],
          "priority": 2,
          "needsLeader": false
        }
      }
    },
    {
      "type": "Feature",
      "id": "town.lincoln",
      "geometry": {
        "type": "Polygon",
        "coordinates": [
          [
            [
              1436.56,
              1478.3
            ],
            [
              1432.15,
              1499.26
            ],
            [
              1407.66,
              1514.82
            ],
            [
              1376.48,
              1522.54
            ],
            [
              1348.63,
              1527.39
            ],
            [
              1321.2,
              1533.76
            ],
            [
              1287.69,
              1538.26
            ],
            [
              1252.33,
              1533.41
            ],
            [
              1228.66,
              1517.39
            ],
            [
              1223.84,
              1496.69
            ],
            [
              1230.16,
              1478.3
            ],
            [
              1235.85,
              1462.18
            ],
            [
              1240.68,
              1444.28
            ],
            [
              1255.16,
              1425.45
            ],
            [
              1284.85,
              1413.26
            ],
            [
              1321.2,
              1413.76
            ],
            [
              1351.47,
              1424.14
            ],
            [
              1373.65,
              1436.33
            ],
            [
              1395.64,
              1446.85
            ],
            [
              1420.14,
              1459.61
            ],
            [
              1436.56,
              1478.3
            ]
          ]
        ]
      },
      "properties": {
        "id": "town.lincoln",
        "name": "Lincoln",
        "category": "settlement",
        "kind": "town",
        "layer": 30,
        "playable": false,
        "insidePlayableRect": false,
        "label": {
          "text": "Lincoln",
          "anchor": [
            1346.7,
            1461.3
          ],
          "anchorDesign": [
            727.2,
            807.7
          ],
          "align": "left",
          "fontSizePx": 30,
          "fontWeight": "bold",
          "color": "#966c4c",
          "widthPx": 105.0,
          "heightPx": 34,
          "leaderFrom": [
            1326.7,
            1478.3
          ],
          "priority": 2,
          "needsLeader": false
        }
      }
    },
    {
      "type": "Feature",
      "id": "town.lexington",
      "geometry": {
        "type": "Polygon",
        "coordinates": [
          [
            [
              2048.4,
              690.0
            ],
            [
              2057.71,
              720.55
            ],
            [
              2035.21,
              749.15
            ],
            [
              1987.13,
              764.95
            ],
            [
              1934.92,
              767.5
            ],
            [
              1890.0,
              766.37
            ],
            [
              1845.08,
              767.5
            ],
            [
              1792.87,
              764.95
            ],
            [
              1744.79,
              749.15
            ],
            [
              1722.29,
              720.55
            ],
            [
              1731.6,
              690.0
            ],
            [
              1756.42,
              665.67
            ],
            [
              1778.91,
              644.75
            ],
            [
              1800.92,
              621.27
            ],
            [
              1837.02,
              598.6
            ],
            [
              1890.0,
              588.77
            ],
            [
              1942.98,
              598.6
            ],
            [
              1979.08,
              621.27
            ],
            [
              2001.09,
              644.75
            ],
            [
              2023.58,
              665.67
            ],
            [
              2048.4,
              690.0
            ]
          ]
        ]
      },
      "properties": {
        "id": "town.lexington",
        "name": "Lexington",
        "category": "settlement",
        "kind": "town",
        "layer": 30,
        "playable": false,
        "insidePlayableRect": true,
        "label": {
          "text": "Lexington",
          "anchor": [
            1917.5,
            673.0
          ],
          "anchorDesign": [
            1203.0,
            150.8
          ],
          "align": "left",
          "fontSizePx": 30,
          "fontWeight": "bold",
          "color": "#966c4c",
          "widthPx": 142.0,
          "heightPx": 34,
          "leaderFrom": [
            1897.5,
            690.0
          ],
          "priority": 2,
          "needsLeader": false
        }
      }
    },
    {
      "type": "Feature",
      "id": "town.menotomy",
      "geometry": {
        "type": "Polygon",
        "coordinates": [
          [
            [
              2194.45,
              1463.69
            ],
            [
              2184.34,
              1483.54
            ],
            [
              2176.5,
              1505.04
            ],
            [
              2157.75,
              1528.24
            ],
            [
              2119.02,
              1544.32
            ],
            [
              2070.0,
              1544.9
            ],
            [
              2028.36,
              1532.19
            ],
            [
              1998.74,
              1516.11
            ],
            [
              1970.87,
              1502.18
            ],
            [
              1939.17,
              1486.41
            ],
            [
              1916.05,
              1463.69
            ],
            [
              1919.57,
              1437.56
            ],
            [
              1951.27,
              1417.58
            ],
            [
              1994.11,
              1407.86
            ],
            [
              2032.99,
              1402.8
            ],
            [
              2070.0,
              1396.1
            ],
            [
              2114.39,
              1390.67
            ],
            [
              2162.38,
              1395.73
            ],
            [
              2196.1,
              1414.72
            ],
            [
              2203.94,
              1440.43
            ],
            [
              2194.45,
              1463.69
            ]
          ]
        ]
      },
      "properties": {
        "id": "town.menotomy",
        "name": "Menotomy (Arlington)",
        "category": "settlement",
        "kind": "town",
        "layer": 30,
        "playable": false,
        "insidePlayableRect": true,
        "label": {
          "text": "Menotomy (Arlington)",
          "anchor": [
            1745.9,
            1446.7
          ],
          "anchorDesign": [
            1059.9,
            795.6
          ],
          "align": "right",
          "fontSizePx": 30,
          "fontWeight": "bold",
          "color": "#966c4c",
          "widthPx": 310.0,
          "heightPx": 34,
          "leaderFrom": [
            2075.9,
            1463.7
          ],
          "priority": 2,
          "needsLeader": true
        }
      }
    },
    {
      "type": "Feature",
      "id": "town.cambridge",
      "geometry": {
        "type": "Polygon",
        "coordinates": [
          [
            [
              2486.69,
              1462.75
            ],
            [
              2467.98,
              1486.38
            ],
            [
              2437.4,
              1502.34
            ],
            [
              2409.15,
              1514.57
            ],
            [
              2381.91,
              1528.65
            ],
            [
              2346.0,
              1541.49
            ],
            [
              2302.14,
              1543.22
            ],
            [
              2265.08,
              1529.15
            ],
            [
              2246.66,
              1505.78
            ],
            [
              2241.78,
              1482.94
            ],
            [
              2237.09,
              1462.75
            ],
            [
              2230.59,
              1440.4
            ],
            [
              2235.47,
              1414.88
            ],
            [
              2262.44,
              1394.19
            ],
            [
              2304.78,
              1387.13
            ],
            [
              2346.0,
              1392.69
            ],
            [
              2379.27,
              1401.71
            ],
            [
              2411.8,
              1408.77
            ],
            [
              2448.59,
              1418.32
            ],
            [
              2479.17,
              1436.96
            ],
            [
              2486.69,
              1462.75
            ]
          ]
        ]
      },
      "properties": {
        "id": "town.cambridge",
        "name": "Cambridge",
        "category": "settlement",
        "kind": "town",
        "layer": 30,
        "playable": false,
        "insidePlayableRect": true,
        "label": {
          "text": "Cambridge",
          "anchor": [
            2245.2,
            1395.5
          ],
          "anchorDesign": [
            1476.0,
            752.9
          ],
          "align": "right",
          "fontSizePx": 30,
          "fontWeight": "bold",
          "color": "#966c4c",
          "widthPx": 157.0,
          "heightPx": 34,
          "leaderFrom": [
            2352.7,
            1462.8
          ],
          "priority": 2,
          "needsLeader": false
        }
      }
    },
    {
      "type": "Feature",
      "id": "town.charlestown",
      "geometry": {
        "type": "Polygon",
        "coordinates": [
          [
            [
              2370.05,
              758.4
            ],
            [
              2361.86,
              776.98
            ],
            [
              2355.5,
              797.09
            ],
            [
              2340.31,
              818.79
            ],
            [
              2308.92,
              833.83
            ],
            [
              2269.2,
              834.37
            ],
            [
              2235.46,
              822.48
            ],
            [
              2211.45,
              807.44
            ],
            [
              2188.87,
              794.41
            ],
            [
              2163.18,
              779.65
            ],
            [
              2144.45,
              758.4
            ],
            [
              2147.3,
              733.96
            ],
            [
              2172.99,
              715.27
            ],
            [
              2207.7,
              706.17
            ],
            [
              2239.21,
              701.44
            ],
            [
              2269.2,
              695.17
            ],
            [
              2305.17,
              690.09
            ],
            [
              2344.06,
              694.83
            ],
            [
              2371.39,
              712.59
            ],
            [
              2377.74,
              736.64
            ],
            [
              2370.05,
              758.4
            ]
          ]
        ]
      },
      "properties": {
        "id": "town.charlestown",
        "name": "Charlestown",
        "category": "settlement",
        "kind": "town",
        "layer": 30,
        "playable": false,
        "insidePlayableRect": true,
        "emphasis": true,
        "highlightReason": "Primary exit landmark - the column's objective; must read clearly inside the playable rect.",
        "label": {
          "text": "Charlestown",
          "anchor": [
            2145.3,
            815.7
          ],
          "anchorDesign": [
            1392.7,
            269.7
          ],
          "align": "right",
          "fontSizePx": 36,
          "fontWeight": "bold",
          "color": "#966c4c",
          "widthPx": 216.0,
          "heightPx": 40,
          "leaderFrom": [
            2274.0,
            758.4
          ],
          "priority": 2,
          "needsLeader": false
        }
      }
    },
    {
      "type": "Feature",
      "id": "town.boston",
      "geometry": {
        "type": "Polygon",
        "coordinates": [
          [
            [
              2905.2,
              1441.77
            ],
            [
              2914.09,
              1475.62
            ],
            [
              2892.61,
              1507.31
            ],
            [
              2846.72,
              1524.82
            ],
            [
              2796.88,
              1527.65
            ],
            [
              2754.0,
              1526.39
            ],
            [
              2711.12,
              1527.65
            ],
            [
              2661.28,
              1524.82
            ],
            [
              2615.39,
              1507.31
            ],
            [
              2593.91,
              1475.62
            ],
            [
              2602.8,
              1441.77
            ],
            [
              2626.49,
              1414.81
            ],
            [
              2647.96,
              1391.63
            ],
            [
              2668.97,
              1365.61
            ],
            [
              2703.43,
              1340.49
            ],
            [
              2754.0,
              1329.59
            ],
            [
              2804.57,
              1340.49
            ],
            [
              2839.03,
              1365.61
            ],
            [
              2860.04,
              1391.63
            ],
            [
              2881.51,
              1414.81
            ],
            [
              2905.2,
              1441.77
            ]
          ]
        ]
      },
      "properties": {
        "id": "town.boston",
        "name": "Boston",
        "category": "settlement",
        "kind": "town",
        "layer": 30,
        "playable": false,
        "insidePlayableRect": false,
        "emphasis": true,
        "highlightReason": "Secondary landmark - the British base across the harbour; decorative, but should still read as a named place.",
        "label": {
          "text": "Boston",
          "anchor": [
            2737.2,
            1421.8
          ],
          "anchorDesign": [
            1886.0,
            774.8
          ],
          "align": "right",
          "fontSizePx": 36,
          "fontWeight": "bold",
          "color": "#966c4c",
          "widthPx": 124.0,
          "heightPx": 40,
          "leaderFrom": [
            2761.2,
            1441.8
          ],
          "priority": 2,
          "needsLeader": false
        }
      }
    },
    {
      "type": "Feature",
      "id": "building.old_manse",
      "geometry": {
        "type": "Polygon",
        "coordinates": [
          [
            [
              661.43,
              1512.55
            ],
            [
              681.0,
              1498.08
            ],
            [
              704.09,
              1505.79
            ],
            [
              708.97,
              1536.61
            ],
            [
              666.31,
              1543.36
            ],
            [
              661.43,
              1512.55
            ]
          ]
        ]
      },
      "properties": {
        "id": "building.old_manse",
        "name": "The Old Manse",
        "category": "building",
        "kind": "structure",
        "layer": 60,
        "playable": false,
        "insidePlayableRect": true,
        "historical": "Emerson house overlooking the bridge.",
        "anchor": [
          176,
          672
        ],
        "artNote": "Draw the outline; anchor is the label/pin point.",
        "label": {
          "text": "The Old Manse",
          "anchor": [
            715.1,
            1571.2
          ],
          "anchorDesign": [
            200.9,
            899.3
          ],
          "align": "left",
          "fontSizePx": 24,
          "fontWeight": "regular",
          "color": "#684e2e",
          "widthPx": 163.0,
          "heightPx": 28,
          "leaderFrom": [
            680.5,
            1518.2
          ],
          "priority": 6,
          "needsLeader": true,
          "subtitle": "Emerson house overlooking the bridge."
        }
      }
    },
    {
      "type": "Feature",
      "id": "building.buttrick",
      "geometry": {
        "type": "Polygon",
        "coordinates": [
          [
            [
              272.06,
              1043.65
            ],
            [
              294.87,
              1035.14
            ],
            [
              314.94,
              1048.92
            ],
            [
              311.14,
              1079.88
            ],
            [
              268.26,
              1074.62
            ],
            [
              272.06,
              1043.65
            ]
          ]
        ]
      },
      "properties": {
        "id": "building.buttrick",
        "name": "Buttrick House",
        "category": "building",
        "kind": "structure",
        "layer": 60,
        "playable": false,
        "insidePlayableRect": false,
        "anchor": [
          -152,
          466
        ],
        "artNote": "Draw the outline; anchor is the label/pin point.",
        "label": {
          "text": "Buttrick House",
          "anchor": [
            211.4,
            1074.3
          ],
          "anchorDesign": [
            -218.8,
            485.3
          ],
          "align": "right",
          "fontSizePx": 24,
          "fontWeight": "regular",
          "color": "#684e2e",
          "widthPx": 155.0,
          "heightPx": 28,
          "leaderFrom": [
            288.9,
            1054.3
          ],
          "priority": 6,
          "needsLeader": false
        }
      }
    },
    {
      "type": "Feature",
      "id": "building.barretts_farm",
      "geometry": {
        "type": "Polygon",
        "coordinates": [
          [
            [
              96.46,
              1269.49
            ],
            [
              120.04,
              1263.41
            ],
            [
              138.56,
              1279.21
            ],
            [
              131.54,
              1309.61
            ],
            [
              89.44,
              1299.89
            ],
            [
              96.46,
              1269.49
            ]
          ]
        ]
      },
      "properties": {
        "id": "building.barretts_farm",
        "name": "Barrett's Farm",
        "category": "building",
        "kind": "structure",
        "layer": 60,
        "playable": false,
        "insidePlayableRect": false,
        "historical": "The British objective.",
        "anchor": [
          -300,
          566
        ],
        "artNote": "Draw the outline; anchor is the label/pin point.",
        "label": {
          "text": "Barrett's Farm",
          "anchor": [
            132.1,
            1267.9
          ],
          "anchorDesign": [
            -284.9,
            646.5
          ],
          "align": "left",
          "fontSizePx": 24,
          "fontWeight": "regular",
          "color": "#684e2e",
          "widthPx": 152.0,
          "heightPx": 28,
          "leaderFrom": [
            112.1,
            1281.9
          ],
          "priority": 6,
          "needsLeader": false,
          "subtitle": "The British objective."
        }
      }
    },
    {
      "type": "Feature",
      "id": "building.wright_tavern",
      "geometry": {
        "type": "Polygon",
        "coordinates": [
          [
            [
              281.82,
              1512.98
            ],
            [
              300.88,
              1497.83
            ],
            [
              324.23,
              1504.73
            ],
            [
              330.18,
              1535.36
            ],
            [
              287.77,
              1543.6
            ],
            [
              281.82,
              1512.98
            ]
          ]
        ]
      },
      "properties": {
        "id": "building.wright_tavern",
        "name": "Wright Tavern",
        "category": "building",
        "kind": "structure",
        "layer": 60,
        "playable": false,
        "insidePlayableRect": false,
        "anchor": [
          -140,
          818
        ],
        "artNote": "Draw the outline; anchor is the label/pin point.",
        "label": {
          "text": "Wright Tavern",
          "anchor": [
            367.6,
            1645.3
          ],
          "anchorDesign": [
            -88.7,
            961.1
          ],
          "align": "left",
          "fontSizePx": 24,
          "fontWeight": "regular",
          "color": "#684e2e",
          "widthPx": 150.0,
          "heightPx": 28,
          "leaderFrom": [
            301.1,
            1517.9
          ],
          "priority": 6,
          "needsLeader": true
        }
      }
    },
    {
      "type": "Feature",
      "id": "building.meriam_house",
      "geometry": {
        "type": "Polygon",
        "coordinates": [
          [
            [
              731.36,
              1497.1
            ],
            [
              753.34,
              1486.63
            ],
            [
              774.53,
              1498.61
            ],
            [
              773.44,
              1529.79
            ],
            [
              730.27,
              1528.28
            ],
            [
              731.36,
              1497.1
            ]
          ]
        ]
      },
      "properties": {
        "id": "building.meriam_house",
        "name": "Meriam House",
        "category": "building",
        "kind": "structure",
        "layer": 60,
        "playable": false,
        "insidePlayableRect": true,
        "historical": "Corner house at the first ambush.",
        "anchor": [
          232,
          664
        ],
        "artNote": "Draw the outline; anchor is the label/pin point.",
        "label": {
          "text": "Meriam House",
          "anchor": [
            706.7,
            1621.7
          ],
          "anchorDesign": [
            193.9,
            941.4
          ],
          "align": "right",
          "fontSizePx": 24,
          "fontWeight": "regular",
          "color": "#684e2e",
          "widthPx": 154.0,
          "heightPx": 28,
          "leaderFrom": [
            749.1,
            1506.3
          ],
          "priority": 6,
          "needsLeader": true,
          "subtitle": "Corner house at the first ambush."
        }
      }
    },
    {
      "type": "Feature",
      "id": "building.brooks_tavern",
      "geometry": {
        "type": "Polygon",
        "coordinates": [
          [
            [
              1019.94,
              1509.12
            ],
            [
              1042.27,
              1499.42
            ],
            [
              1063.04,
              1512.13
            ],
            [
              1060.86,
              1543.26
            ],
            [
              1017.76,
              1540.24
            ],
            [
              1019.94,
              1509.12
            ]
          ]
        ]
      },
      "properties": {
        "id": "building.brooks_tavern",
        "name": "Brooks Tavern",
        "category": "building",
        "kind": "structure",
        "layer": 60,
        "playable": false,
        "insidePlayableRect": true,
        "anchor": [
          472,
          742
        ],
        "artNote": "Draw the outline; anchor is the label/pin point.",
        "label": {
          "text": "Brooks Tavern",
          "anchor": [
            988.8,
            1555.1
          ],
          "anchorDesign": [
            429.0,
            885.9
          ],
          "align": "right",
          "fontSizePx": 24,
          "fontWeight": "regular",
          "color": "#684e2e",
          "widthPx": 155.0,
          "heightPx": 28,
          "leaderFrom": [
            1037.3,
            1518.9
          ],
          "priority": 6,
          "needsLeader": false
        }
      }
    },
    {
      "type": "Feature",
      "id": "building.hartwell_tavern",
      "geometry": {
        "type": "Polygon",
        "coordinates": [
          [
            [
              1577.26,
              533.94
            ],
            [
              1600.84,
              527.86
            ],
            [
              1619.36,
              543.66
            ],
            [
              1612.34,
              574.06
            ],
            [
              1570.24,
              564.34
            ],
            [
              1577.26,
              533.94
            ]
          ]
        ]
      },
      "properties": {
        "id": "building.hartwell_tavern",
        "name": "Hartwell Tavern",
        "category": "building",
        "kind": "structure",
        "layer": 60,
        "playable": false,
        "insidePlayableRect": true,
        "historical": "Still standing on the Battle Road.",
        "anchor": [
          934,
          238
        ],
        "artNote": "Draw the outline; anchor is the label/pin point.",
        "label": {
          "text": "Hartwell Tavern",
          "anchor": [
            1509.9,
            474.3
          ],
          "anchorDesign": [
            863.3,
            -14.7
          ],
          "align": "right",
          "fontSizePx": 24,
          "fontWeight": "regular",
          "color": "#684e2e",
          "widthPx": 166.0,
          "heightPx": 28,
          "leaderFrom": [
            1592.9,
            546.3
          ],
          "priority": 6,
          "needsLeader": false,
          "subtitle": "Still standing on the Battle Road."
        }
      }
    },
    {
      "type": "Feature",
      "id": "building.capt_smith",
      "geometry": {
        "type": "Polygon",
        "coordinates": [
          [
            [
              1200.67,
              550.36
            ],
            [
              1221.86,
              538.38
            ],
            [
              1243.84,
              548.85
            ],
            [
              1244.93,
              580.03
            ],
            [
              1201.76,
              581.54
            ],
            [
              1200.67,
              550.36
            ]
          ]
        ]
      },
      "properties": {
        "id": "building.capt_smith",
        "name": "Capt. William Smith House",
        "category": "building",
        "kind": "structure",
        "layer": 60,
        "playable": false,
        "insidePlayableRect": true,
        "anchor": [
          624,
          248
        ],
        "artNote": "Draw the outline; anchor is the label/pin point.",
        "label": {
          "text": "Capt. William Smith House",
          "anchor": [
            916.0,
            544.3
          ],
          "anchorDesign": [
            368.3,
            43.5
          ],
          "align": "right",
          "fontSizePx": 24,
          "fontWeight": "regular",
          "color": "#684e2e",
          "widthPx": 283.0,
          "heightPx": 28,
          "leaderFrom": [
            1219.0,
            558.3
          ],
          "priority": 6,
          "needsLeader": true
        }
      }
    },
    {
      "type": "Feature",
      "id": "building.fiske_house",
      "geometry": {
        "type": "Polygon",
        "coordinates": [
          [
            [
              1764.24,
              1272.43
            ],
            [
              1786.74,
              1263.13
            ],
            [
              1807.28,
              1276.2
            ],
            [
              1804.56,
              1307.28
            ],
            [
              1761.52,
              1303.52
            ],
            [
              1764.24,
              1272.43
            ]
          ]
        ]
      },
      "properties": {
        "id": "building.fiske_house",
        "name": "Fiske House",
        "category": "building",
        "kind": "structure",
        "layer": 60,
        "playable": false,
        "insidePlayableRect": true,
        "anchor": [
          1092,
          566
        ],
        "artNote": "Draw the outline; anchor is the label/pin point.",
        "label": {
          "text": "Fiske House",
          "anchor": [
            1715.4,
            1302.5
          ],
          "anchorDesign": [
            1034.5,
            675.4
          ],
          "align": "right",
          "fontSizePx": 24,
          "fontWeight": "regular",
          "color": "#684e2e",
          "widthPx": 132.0,
          "heightPx": 28,
          "leaderFrom": [
            1781.4,
            1282.5
          ],
          "priority": 6,
          "needsLeader": false
        }
      }
    },
    {
      "type": "Feature",
      "id": "building.hancock_clarke",
      "geometry": {
        "type": "Polygon",
        "coordinates": [
          [
            [
              1817.1,
              542.91
            ],
            [
              1835.06,
              526.47
            ],
            [
              1858.83,
              531.73
            ],
            [
              1866.9,
              561.87
            ],
            [
              1825.17,
              573.05
            ],
            [
              1817.1,
              542.91
            ]
          ]
        ]
      },
      "properties": {
        "id": "building.hancock_clarke",
        "name": "Hancock-Clarke House",
        "category": "building",
        "kind": "structure",
        "layer": 60,
        "playable": false,
        "insidePlayableRect": true,
        "historical": "Where Adams and Hancock slept.",
        "anchor": [
          1140,
          226
        ],
        "artNote": "Draw the outline; anchor is the label/pin point.",
        "label": {
          "text": "Hancock-Clarke House",
          "anchor": [
            1715.2,
            474.5
          ],
          "anchorDesign": [
            1034.3,
            -14.6
          ],
          "align": "right",
          "fontSizePx": 24,
          "fontWeight": "regular",
          "color": "#684e2e",
          "widthPx": 243.0,
          "heightPx": 28,
          "leaderFrom": [
            1836.7,
            546.5
          ],
          "priority": 6,
          "needsLeader": false,
          "subtitle": "Where Adams and Hancock slept."
        }
      }
    },
    {
      "type": "Feature",
      "id": "building.buckman_tavern",
      "geometry": {
        "type": "Polygon",
        "coordinates": [
          [
            [
              1945.02,
              568.3
            ],
            [
              1964.08,
              553.15
            ],
            [
              1987.43,
              560.06
            ],
            [
              1993.38,
              590.68
            ],
            [
              1950.97,
              598.93
            ],
            [
              1945.02,
              568.3
            ]
          ]
        ]
      },
      "properties": {
        "id": "building.buckman_tavern",
        "name": "Buckman Tavern",
        "category": "building",
        "kind": "structure",
        "layer": 60,
        "playable": false,
        "insidePlayableRect": true,
        "historical": "Militia mustered here.",
        "anchor": [
          1246,
          254
        ],
        "artNote": "Draw the outline; anchor is the label/pin point.",
        "label": {
          "text": "Buckman Tavern",
          "anchor": [
            1874.3,
            525.2
          ],
          "anchorDesign": [
            1167.0,
            27.7
          ],
          "align": "right",
          "fontSizePx": 24,
          "fontWeight": "regular",
          "color": "#684e2e",
          "widthPx": 180.0,
          "heightPx": 28,
          "leaderFrom": [
            1964.3,
            573.2
          ],
          "priority": 6,
          "needsLeader": false,
          "subtitle": "Militia mustered here."
        }
      }
    },
    {
      "type": "Feature",
      "id": "building.munroe_tavern",
      "geometry": {
        "type": "Polygon",
        "coordinates": [
          [
            [
              1956.64,
              1239.63
            ],
            [
              1975.16,
              1223.82
            ],
            [
              1998.74,
              1229.91
            ],
            [
              2005.76,
              1260.31
            ],
            [
              1963.66,
              1270.03
            ],
            [
              1956.64,
              1239.63
            ]
          ]
        ]
      },
      "properties": {
        "id": "building.munroe_tavern",
        "name": "Munroe Tavern",
        "category": "building",
        "kind": "structure",
        "layer": 60,
        "playable": false,
        "insidePlayableRect": true,
        "historical": "Percy's headquarters and field hospital.",
        "anchor": [
          1256,
          548
        ],
        "artNote": "Draw the outline; anchor is the label/pin point.",
        "label": {
          "text": "Munroe Tavern",
          "anchor": [
            1895.6,
            1263.9
          ],
          "anchorDesign": [
            1184.7,
            643.2
          ],
          "align": "right",
          "fontSizePx": 24,
          "fontWeight": "regular",
          "color": "#684e2e",
          "widthPx": 161.0,
          "heightPx": 28,
          "leaderFrom": [
            1976.1,
            1243.9
          ],
          "priority": 6,
          "needsLeader": false,
          "subtitle": "Percy's headquarters and field hospital."
        }
      }
    },
    {
      "type": "Feature",
      "id": "building.jason_russell",
      "geometry": {
        "type": "Polygon",
        "coordinates": [
          [
            [
              2058.56,
              959.02
            ],
            [
              2080.54,
              948.55
            ],
            [
              2101.73,
              960.53
            ],
            [
              2100.64,
              991.71
            ],
            [
              2057.47,
              990.2
            ],
            [
              2058.56,
              959.02
            ]
          ]
        ]
      },
      "properties": {
        "id": "building.jason_russell",
        "name": "Jason Russell House",
        "category": "building",
        "kind": "structure",
        "layer": 60,
        "playable": false,
        "insidePlayableRect": true,
        "historical": "Twelve Americans killed here.",
        "anchor": [
          1338,
          428
        ],
        "artNote": "Draw the outline; anchor is the label/pin point.",
        "label": {
          "text": "Jason Russell House",
          "anchor": [
            2081.3,
            887.2
          ],
          "anchorDesign": [
            1339.4,
            329.3
          ],
          "align": "center",
          "fontSizePx": 24,
          "fontWeight": "regular",
          "color": "#684e2e",
          "widthPx": 222.0,
          "heightPx": 28,
          "leaderFrom": [
            2076.2,
            968.2
          ],
          "priority": 6,
          "needsLeader": true,
          "subtitle": "Twelve Americans killed here."
        }
      }
    },
    {
      "type": "Feature",
      "id": "building.coopers_tavern",
      "geometry": {
        "type": "Polygon",
        "coordinates": [
          [
            [
              2124.86,
              1340.05
            ],
            [
              2147.67,
              1331.54
            ],
            [
              2167.74,
              1345.32
            ],
            [
              2163.94,
              1376.28
            ],
            [
              2121.06,
              1371.02
            ],
            [
              2124.86,
              1340.05
            ]
          ]
        ]
      },
      "properties": {
        "id": "building.coopers_tavern",
        "name": "Cooper's Tavern",
        "category": "building",
        "kind": "structure",
        "layer": 60,
        "playable": false,
        "insidePlayableRect": true,
        "historical": "Two unarmed men killed inside.",
        "anchor": [
          1392,
          596
        ],
        "artNote": "Draw the outline; anchor is the label/pin point.",
        "label": {
          "text": "Cooper's Tavern",
          "anchor": [
            2161.7,
            1336.7
          ],
          "anchorDesign": [
            1406.4,
            703.9
          ],
          "align": "left",
          "fontSizePx": 24,
          "fontWeight": "regular",
          "color": "#684e2e",
          "widthPx": 175.0,
          "heightPx": 28,
          "leaderFrom": [
            2141.7,
            1350.7
          ],
          "priority": 6,
          "needsLeader": false,
          "subtitle": "Two unarmed men killed inside."
        }
      }
    },
    {
      "type": "Feature",
      "id": "marker.meriams_corner",
      "geometry": {
        "type": "Point",
        "coordinates": [
          732.0,
          1374.0
        ]
      },
      "properties": {
        "id": "marker.meriams_corner",
        "name": "Meriam's Corner",
        "category": "battle_marker",
        "kind": "engagement",
        "layer": 70,
        "playable": false,
        "insidePlayableRect": true,
        "historical": "12:30 pm - first volley of the retreat.",
        "label": {
          "text": "Meriam's Corner",
          "anchor": [
            703.5,
            1475.0
          ],
          "anchorDesign": [
            191.2,
            819.2
          ],
          "align": "right",
          "fontSizePx": 26,
          "fontWeight": "regular",
          "color": "#b02030",
          "widthPx": 191.0,
          "heightPx": 30,
          "leaderFrom": [
            732.0,
            1374.0
          ],
          "priority": 3,
          "needsLeader": true,
          "subtitle": "12:30 pm - first volley of the retreat."
        }
      }
    },
    {
      "type": "Feature",
      "id": "marker.bloody_angle",
      "geometry": {
        "type": "Point",
        "coordinates": [
          1424.4,
          1364.88
        ]
      },
      "properties": {
        "id": "marker.bloody_angle",
        "name": "Bloody Angle",
        "category": "battle_marker",
        "kind": "engagement",
        "layer": 70,
        "playable": false,
        "insidePlayableRect": true,
        "historical": "1:00 pm - heaviest British loss of the day.",
        "label": {
          "text": "Bloody Angle",
          "anchor": [
            1378.4,
            1400.1
          ],
          "anchorDesign": [
            753.7,
            756.8
          ],
          "align": "right",
          "fontSizePx": 26,
          "fontWeight": "regular",
          "color": "#b02030",
          "widthPx": 150.0,
          "heightPx": 30,
          "leaderFrom": [
            1424.4,
            1364.9
          ],
          "priority": 3,
          "needsLeader": false,
          "subtitle": "1:00 pm - heaviest British loss of the day."
        }
      }
    },
    {
      "type": "Feature",
      "id": "marker.british_grave",
      "geometry": {
        "type": "Point",
        "coordinates": [
          1237.2,
          1519.92
        ]
      },
      "properties": {
        "id": "marker.british_grave",
        "name": "British grave",
        "category": "battle_marker",
        "kind": "engagement",
        "layer": 70,
        "playable": false,
        "insidePlayableRect": true,
        "historical": "Two regulars buried where they fell.",
        "label": {
          "text": "British grave",
          "anchor": [
            1194.7,
            1555.1
          ],
          "anchorDesign": [
            600.6,
            886.0
          ],
          "align": "right",
          "fontSizePx": 26,
          "fontWeight": "regular",
          "color": "#b02030",
          "widthPx": 143.0,
          "heightPx": 30,
          "leaderFrom": [
            1237.2,
            1519.9
          ],
          "priority": 3,
          "needsLeader": false,
          "subtitle": "Two regulars buried where they fell."
        }
      }
    },
    {
      "type": "Feature",
      "id": "marker.parkers_revenge",
      "geometry": {
        "type": "Point",
        "coordinates": [
          1676.4,
          1036.56
        ]
      },
      "properties": {
        "id": "marker.parkers_revenge",
        "name": "Parker's Revenge",
        "category": "battle_marker",
        "kind": "engagement",
        "layer": 70,
        "playable": false,
        "insidePlayableRect": true,
        "historical": "2:00 pm - Capt. Parker's militia return the ambush.",
        "label": {
          "text": "Parker's Revenge",
          "anchor": [
            1641.9,
            1137.6
          ],
          "anchorDesign": [
            973.3,
            538.0
          ],
          "align": "right",
          "fontSizePx": 26,
          "fontWeight": "regular",
          "color": "#b02030",
          "widthPx": 203.0,
          "heightPx": 30,
          "leaderFrom": [
            1676.4,
            1036.6
          ],
          "priority": 3,
          "needsLeader": true,
          "subtitle": "2:00 pm - Capt. Parker's militia return the ambush."
        }
      }
    },
    {
      "type": "Feature",
      "id": "marker.revere_capture",
      "geometry": {
        "type": "Point",
        "coordinates": [
          1678.8,
          690.0
        ]
      },
      "properties": {
        "id": "marker.revere_capture",
        "name": "Paul Revere capture site",
        "category": "battle_marker",
        "kind": "engagement",
        "layer": 70,
        "playable": false,
        "insidePlayableRect": true,
        "historical": "Revere taken by a British patrol.",
        "label": {
          "text": "Paul Revere capture site",
          "anchor": [
            1495.8,
            514.7
          ],
          "anchorDesign": [
            851.5,
            18.9
          ],
          "align": "right",
          "fontSizePx": 26,
          "fontWeight": "regular",
          "color": "#b02030",
          "widthPx": 280.0,
          "heightPx": 30,
          "leaderFrom": [
            1678.8,
            690.0
          ],
          "priority": 3,
          "needsLeader": true,
          "subtitle": "Revere taken by a British patrol."
        }
      }
    },
    {
      "type": "Feature",
      "id": "marker.lexington_green",
      "geometry": {
        "type": "Point",
        "coordinates": [
          1918.8,
          817.68
        ]
      },
      "properties": {
        "id": "marker.lexington_green",
        "name": "Lexington Green",
        "category": "battle_marker",
        "kind": "engagement",
        "layer": 70,
        "playable": false,
        "insidePlayableRect": true,
        "historical": "5:30 am - the first shots of the war.",
        "label": {
          "text": "Lexington Green",
          "anchor": [
            1795.8,
            752.5
          ],
          "anchorDesign": [
            1101.5,
            217.0
          ],
          "align": "right",
          "fontSizePx": 26,
          "fontWeight": "regular",
          "color": "#b02030",
          "widthPx": 188.0,
          "heightPx": 30,
          "leaderFrom": [
            1918.8,
            817.7
          ],
          "priority": 3,
          "needsLeader": false,
          "subtitle": "5:30 am - the first shots of the war."
        }
      }
    },
    {
      "type": "Feature",
      "id": "marker.watsons_corner",
      "geometry": {
        "type": "Point",
        "coordinates": [
          2228.4,
          1465.2
        ]
      },
      "properties": {
        "id": "marker.watsons_corner",
        "name": "Watson's Corner",
        "category": "battle_marker",
        "kind": "engagement",
        "layer": 70,
        "playable": false,
        "insidePlayableRect": true,
        "historical": "Maj. Gardner and the Cambridge militia caught by flankers.",
        "label": {
          "text": "Watson's Corner",
          "anchor": [
            2103.9,
            1500.4
          ],
          "anchorDesign": [
            1358.3,
            840.4
          ],
          "align": "right",
          "fontSizePx": 26,
          "fontWeight": "regular",
          "color": "#b02030",
          "widthPx": 191.0,
          "heightPx": 30,
          "leaderFrom": [
            2228.4,
            1465.2
          ],
          "priority": 3,
          "needsLeader": false,
          "subtitle": "Maj. Gardner and the Cambridge militia caught by flankers."
        }
      }
    },
    {
      "type": "Feature",
      "id": "marker.charlestown_neck",
      "geometry": {
        "type": "Point",
        "coordinates": [
          2391.6,
          1200.72
        ]
      },
      "properties": {
        "id": "marker.charlestown_neck",
        "name": "Charlestown Neck",
        "category": "battle_marker",
        "kind": "engagement",
        "layer": 70,
        "playable": false,
        "insidePlayableRect": true,
        "historical": "7:00 pm - Heath halts the pursuit; the column reaches safety.",
        "label": {
          "text": "Charlestown Neck",
          "anchor": [
            2343.7,
            1242.3
          ],
          "anchorDesign": [
            1558.1,
            625.2
          ],
          "align": "right",
          "fontSizePx": 26,
          "fontWeight": "regular",
          "color": "#b02030",
          "widthPx": 209.0,
          "heightPx": 30,
          "leaderFrom": [
            2391.6,
            1200.7
          ],
          "priority": 3,
          "needsLeader": false,
          "subtitle": "7:00 pm - Heath halts the pursuit; the column reaches safety."
        }
      }
    },
    {
      "type": "Feature",
      "id": "vessel.hms_somerset",
      "geometry": {
        "type": "Point",
        "coordinates": [
          2677.2,
          1465.2
        ]
      },
      "properties": {
        "id": "vessel.hms_somerset",
        "name": "HMS Somerset",
        "category": "vessel",
        "kind": "ship_of_the_line",
        "layer": 65,
        "playable": false,
        "insidePlayableRect": false,
        "historical": "64-gun ship anchored in the harbour; covered the Charlestown ferry way.",
        "label": {
          "text": "HMS Somerset",
          "anchor": [
            2596.2,
            1557.2
          ],
          "anchorDesign": [
            1768.5,
            887.7
          ],
          "align": "right",
          "fontSizePx": 24,
          "fontWeight": "regular",
          "color": "#344a6e",
          "widthPx": 162.0,
          "heightPx": 28,
          "leaderFrom": [
            2677.2,
            1465.2
          ],
          "priority": 7,
          "needsLeader": false,
          "subtitle": "64-gun ship anchored in the harbour; covered the Charlestown ferry way."
        }
      }
    },
    {
      "type": "Feature",
      "id": "terrain.copps_hill",
      "geometry": {
        "type": "Polygon",
        "coordinates": [
          [
            [
              2751.6,
              566.68
            ],
            [
              2755.97,
              581.54
            ],
            [
              2745.41,
              595.45
            ],
            [
              2722.82,
              603.14
            ],
            [
              2698.3,
              604.38
            ],
            [
              2677.2,
              603.83
            ],
            [
              2656.1,
              604.38
            ],
            [
              2631.58,
              603.14
            ],
            [
              2608.99,
              595.45
            ],
            [
              2598.43,
              581.54
            ],
            [
              2602.8,
              566.68
            ],
            [
              2614.46,
              554.84
            ],
            [
              2625.02,
              544.66
            ],
            [
              2635.36,
              533.24
            ],
            [
              2652.32,
              522.21
            ],
            [
              2677.2,
              517.43
            ],
            [
              2702.08,
              522.21
            ],
            [
              2719.04,
              533.24
            ],
            [
              2729.38,
              544.66
            ],
            [
              2739.94,
              554.84
            ],
            [
              2751.6,
              566.68
            ]
          ]
        ]
      },
      "properties": {
        "id": "terrain.copps_hill",
        "name": "Copp's Hill",
        "category": "terrain",
        "kind": "hill",
        "layer": 20,
        "playable": false,
        "insidePlayableRect": false,
        "label": {
          "text": "Copp's Hill",
          "anchor": [
            2619.2,
            516.7
          ],
          "anchorDesign": [
            1787.7,
            20.6
          ],
          "align": "right",
          "fontSizePx": 26,
          "fontWeight": "regular",
          "color": "#566a44",
          "widthPx": 123.0,
          "heightPx": 30,
          "leaderFrom": [
            2680.7,
            566.7
          ],
          "priority": 4,
          "needsLeader": false
        }
      }
    },
    {
      "type": "Feature",
      "id": "terrain.dorchester",
      "geometry": {
        "type": "Polygon",
        "coordinates": [
          [
            [
              2862.05,
              1704.0
            ],
            [
              2867.14,
              1723.09
            ],
            [
              2862.97,
              1745.11
            ],
            [
              2837.62,
              1763.76
            ],
            [
              2795.85,
              1770.88
            ],
            [
              2754.0,
              1766.23
            ],
            [
              2720.52,
              1757.5
            ],
            [
              2689.11,
              1750.37
            ],
            [
              2653.41,
              1741.95
            ],
            [
              2622.13,
              1726.25
            ],
            [
              2612.45,
              1704.0
            ],
            [
              2629.76,
              1683.04
            ],
            [
              2661.04,
              1668.93
            ],
            [
              2690.91,
              1658.91
            ],
            [
              2718.72,
              1647.63
            ],
            [
              2754.0,
              1636.63
            ],
            [
              2797.65,
              1634.24
            ],
            [
              2835.82,
              1645.53
            ],
            [
              2855.34,
              1665.77
            ],
            [
              2859.51,
              1686.2
            ],
            [
              2862.05,
              1704.0
            ]
          ]
        ]
      },
      "properties": {
        "id": "terrain.dorchester",
        "name": "Dorchester Heights",
        "category": "terrain",
        "kind": "hill",
        "layer": 20,
        "playable": false,
        "insidePlayableRect": false,
        "label": {
          "text": "Dorchester Heights",
          "anchor": [
            2639.3,
            1725.7
          ],
          "anchorDesign": [
            1804.4,
            1028.1
          ],
          "align": "right",
          "fontSizePx": 26,
          "fontWeight": "regular",
          "color": "#566a44",
          "widthPx": 220.0,
          "heightPx": 30,
          "leaderFrom": [
            2759.1,
            1704.0
          ],
          "priority": 4,
          "needsLeader": false
        }
      }
    },
    {
      "type": "Feature",
      "id": "terrain.concord_orchard",
      "geometry": {
        "type": "Polygon",
        "coordinates": [
          [
            [
              212.95,
              1036.56
            ],
            [
              212.04,
              1059.38
            ],
            [
              188.14,
              1077.39
            ],
            [
              153.73,
              1086.11
            ],
            [
              121.86,
              1089.78
            ],
            [
              92.4,
              1094.52
            ],
            [
              57.86,
              1098.95
            ],
            [
              19.72,
              1095.28
            ],
            [
              -8.42,
              1079.55
            ],
            [
              -15.89,
              1057.21
            ],
            [
              -7.85,
              1036.56
            ],
            [
              2.05,
              1019.33
            ],
            [
              9.51,
              1001.21
            ],
            [
              23.95,
              981.26
            ],
            [
              53.63,
              966.52
            ],
            [
              92.4,
              964.92
            ],
            [
              126.09,
              975.69
            ],
            [
              149.5,
              990.43
            ],
            [
              170.21,
              1003.38
            ],
            [
              194.11,
              1017.16
            ],
            [
              212.95,
              1036.56
            ]
          ]
        ]
      },
      "properties": {
        "id": "terrain.concord_orchard",
        "name": "Barrett's orchard",
        "category": "terrain",
        "kind": "hill",
        "layer": 20,
        "playable": false,
        "insidePlayableRect": false,
        "label": {
          "text": "Barrett's orchard",
          "anchor": [
            118.1,
            1021.6
          ],
          "anchorDesign": [
            -296.6,
            441.3
          ],
          "align": "left",
          "fontSizePx": 26,
          "fontWeight": "regular",
          "color": "#566a44",
          "widthPx": 189.0,
          "heightPx": 30,
          "leaderFrom": [
            98.1,
            1036.6
          ],
          "priority": 4,
          "needsLeader": false
        }
      }
    },
    {
      "type": "Feature",
      "id": "terrain.great_meadows",
      "geometry": {
        "type": "Polygon",
        "coordinates": [
          [
            [
              1027.71,
              1800.0
            ],
            [
              1042.18,
              1826.57
            ],
            [
              1019.92,
              1853.07
            ],
            [
              961.83,
              1869.12
            ],
            [
              893.35,
              1871.76
            ],
            [
              834.0,
              1868.55
            ],
            [
              778.6,
              1866.99
            ],
            [
              714.99,
              1864.35
            ],
            [
              652.02,
              1851.94
            ],
            [
              617.01,
              1827.7
            ],
            [
              624.51,
              1800.0
            ],
            [
              658.71,
              1777.62
            ],
            [
              693.72,
              1759.96
            ],
            [
              724.83,
              1740.97
            ],
            [
              768.75,
              1721.11
            ],
            [
              834.0,
              1710.15
            ],
            [
              903.19,
              1716.34
            ],
            [
              951.98,
              1736.2
            ],
            [
              978.22,
              1758.84
            ],
            [
              1000.47,
              1778.75
            ],
            [
              1027.71,
              1800.0
            ]
          ]
        ]
      },
      "properties": {
        "id": "terrain.great_meadows",
        "name": "Great Meadows marsh",
        "category": "terrain",
        "kind": "marsh",
        "layer": 20,
        "playable": false,
        "insidePlayableRect": false,
        "label": {
          "text": "Great Meadows marsh",
          "anchor": [
            780.2,
            1901.0
          ],
          "anchorDesign": [
            255.2,
            1174.2
          ],
          "align": "right",
          "fontSizePx": 26,
          "fontWeight": "regular",
          "color": "#566a44",
          "widthPx": 260.0,
          "heightPx": 30,
          "leaderFrom": [
            843.2,
            1800.0
          ],
          "priority": 4,
          "needsLeader": true
        }
      }
    },
    {
      "type": "Feature",
      "id": "terrain.woburn_woods",
      "geometry": {
        "type": "Polygon",
        "coordinates": [
          [
            [
              1822.96,
              192.0
            ],
            [
              1835.87,
              223.4
            ],
            [
              1816.0,
              254.72
            ],
            [
              1764.13,
              273.69
            ],
            [
              1702.99,
              276.8
            ],
            [
              1650.0,
              273.02
            ],
            [
              1600.53,
              271.17
            ],
            [
              1543.74,
              268.05
            ],
            [
              1487.52,
              253.39
            ],
            [
              1456.26,
              224.73
            ],
            [
              1462.96,
              192.0
            ],
            [
              1493.49,
              165.56
            ],
            [
              1524.75,
              144.68
            ],
            [
              1552.53,
              122.24
            ],
            [
              1591.74,
              98.76
            ],
            [
              1650.0,
              85.82
            ],
            [
              1711.78,
              93.13
            ],
            [
              1755.34,
              116.6
            ],
            [
              1778.77,
              143.35
            ],
            [
              1798.64,
              166.89
            ],
            [
              1822.96,
              192.0
            ]
          ]
        ]
      },
      "properties": {
        "id": "terrain.woburn_woods",
        "name": "Woburn woods",
        "category": "terrain",
        "kind": "woodland",
        "layer": 20,
        "playable": false,
        "insidePlayableRect": false,
        "label": {
          "text": "Woburn woods",
          "anchor": [
            1601.7,
            227.2
          ],
          "anchorDesign": [
            939.8,
            -220.6
          ],
          "align": "right",
          "fontSizePx": 26,
          "fontWeight": "regular",
          "color": "#566a44",
          "widthPx": 171.0,
          "heightPx": 30,
          "leaderFrom": [
            1658.2,
            192.0
          ],
          "priority": 4,
          "needsLeader": false
        }
      }
    },
    {
      "type": "Feature",
      "id": "terrain.bedford_woods",
      "geometry": {
        "type": "Polygon",
        "coordinates": [
          [
            [
              1175.11,
              216.0
            ],
            [
              1168.04,
              245.34
            ],
            [
              1128.73,
              267.13
            ],
            [
              1078.71,
              277.93
            ],
            [
              1034.02,
              284.72
            ],
            [
              990.0,
              293.65
            ],
            [
              936.22,
              299.95
            ],
            [
              879.48,
              293.16
            ],
            [
              841.51,
              270.72
            ],
            [
              833.77,
              241.75
            ],
            [
              843.91,
              216.0
            ],
            [
              853.05,
              193.43
            ],
            [
              860.79,
              168.38
            ],
            [
              884.03,
              142.02
            ],
            [
              931.67,
              124.95
            ],
            [
              990.0,
              125.65
            ],
            [
              1038.57,
              140.17
            ],
            [
              1074.16,
              157.25
            ],
            [
              1109.46,
              171.98
            ],
            [
              1148.76,
              189.83
            ],
            [
              1175.11,
              216.0
            ]
          ]
        ]
      },
      "properties": {
        "id": "terrain.bedford_woods",
        "name": "Bedford woods",
        "category": "terrain",
        "kind": "woodland",
        "layer": 20,
        "playable": false,
        "insidePlayableRect": false,
        "label": {
          "text": "Bedford woods",
          "anchor": [
            808.8,
            201.0
          ],
          "anchorDesign": [
            279.0,
            -242.5
          ],
          "align": "right",
          "fontSizePx": 26,
          "fontWeight": "regular",
          "color": "#566a44",
          "widthPx": 170.0,
          "heightPx": 30,
          "leaderFrom": [
            998.8,
            216.0
          ],
          "priority": 4,
          "needsLeader": false
        }
      }
    },
    {
      "type": "Feature",
      "id": "town.roxbury",
      "geometry": {
        "type": "Polygon",
        "coordinates": [
          [
            [
              2765.58,
              1908.0
            ],
            [
              2770.08,
              1927.79
            ],
            [
              2766.39,
              1950.63
            ],
            [
              2743.97,
              1969.97
            ],
            [
              2707.02,
              1977.36
            ],
            [
              2670.0,
              1972.53
            ],
            [
              2640.39,
              1963.48
            ],
            [
              2612.6,
              1956.09
            ],
            [
              2581.02,
              1947.35
            ],
            [
              2553.34,
              1931.07
            ],
            [
              2544.78,
              1908.0
            ],
            [
              2560.09,
              1886.26
            ],
            [
              2587.76,
              1871.63
            ],
            [
              2614.19,
              1861.24
            ],
            [
              2638.79,
              1849.54
            ],
            [
              2670.0,
              1838.13
            ],
            [
              2708.62,
              1835.66
            ],
            [
              2742.38,
              1847.36
            ],
            [
              2759.65,
              1868.35
            ],
            [
              2763.34,
              1889.54
            ],
            [
              2765.58,
              1908.0
            ]
          ]
        ]
      },
      "properties": {
        "id": "town.roxbury",
        "name": "Roxbury",
        "category": "settlement",
        "kind": "town",
        "layer": 30,
        "playable": false,
        "insidePlayableRect": false,
        "label": {
          "text": "Roxbury",
          "anchor": [
            2694.6,
            1891.0
          ],
          "anchorDesign": [
            1850.5,
            1165.8
          ],
          "align": "left",
          "fontSizePx": 30,
          "fontWeight": "bold",
          "color": "#966c4c",
          "widthPx": 122.0,
          "heightPx": 34,
          "leaderFrom": [
            2674.6,
            1908.0
          ],
          "priority": 2,
          "needsLeader": false
        }
      }
    },
    {
      "type": "Feature",
      "id": "town.billerica",
      "geometry": {
        "type": "Polygon",
        "coordinates": [
          [
            [
              865.42,
              96.0
            ],
            [
              869.73,
              114.38
            ],
            [
              866.2,
              135.58
            ],
            [
              844.76,
              153.55
            ],
            [
              809.41,
              160.41
            ],
            [
              774.0,
              155.92
            ],
            [
              745.67,
              147.52
            ],
            [
              719.09,
              140.66
            ],
            [
              688.89,
              132.54
            ],
            [
              662.42,
              117.42
            ],
            [
              654.22,
              96.0
            ],
            [
              668.87,
              75.82
            ],
            [
              695.34,
              62.23
            ],
            [
              720.62,
              52.58
            ],
            [
              744.15,
              41.71
            ],
            [
              774.0,
              31.12
            ],
            [
              810.94,
              28.82
            ],
            [
              843.23,
              39.69
            ],
            [
              859.75,
              59.19
            ],
            [
              863.28,
              78.86
            ],
            [
              865.42,
              96.0
            ]
          ]
        ]
      },
      "properties": {
        "id": "town.billerica",
        "name": "Billerica",
        "category": "settlement",
        "kind": "town",
        "layer": 30,
        "playable": false,
        "insidePlayableRect": false,
        "label": {
          "text": "Billerica",
          "anchor": [
            719.9,
            42.0
          ],
          "anchorDesign": [
            204.9,
            -375.0
          ],
          "align": "right",
          "fontSizePx": 30,
          "fontWeight": "bold",
          "color": "#966c4c",
          "widthPx": 117.0,
          "heightPx": 34,
          "leaderFrom": [
            778.4,
            96.0
          ],
          "priority": 2,
          "needsLeader": false
        }
      }
    },
    {
      "type": "Feature",
      "id": "town.woburn",
      "geometry": {
        "type": "Polygon",
        "coordinates": [
          [
            [
              1917.27,
              96.0
            ],
            [
              1921.38,
              113.67
            ],
            [
              1918.01,
              134.06
            ],
            [
              1897.54,
              151.33
            ],
            [
              1863.8,
              157.93
            ],
            [
              1830.0,
              153.62
            ],
            [
              1802.96,
              145.53
            ],
            [
              1777.59,
              138.94
            ],
            [
              1748.75,
              131.14
            ],
            [
              1723.49,
              116.6
            ],
            [
              1715.67,
              96.0
            ],
            [
              1729.65,
              76.59
            ],
            [
              1754.91,
              63.53
            ],
            [
              1779.04,
              54.25
            ],
            [
              1801.51,
              43.8
            ],
            [
              1830.0,
              33.62
            ],
            [
              1865.26,
              31.41
            ],
            [
              1896.09,
              41.86
            ],
            [
              1911.85,
              60.6
            ],
            [
              1915.22,
              79.52
            ],
            [
              1917.27,
              96.0
            ]
          ]
        ]
      },
      "properties": {
        "id": "town.woburn",
        "name": "Woburn",
        "category": "settlement",
        "kind": "town",
        "layer": 30,
        "playable": false,
        "insidePlayableRect": false,
        "label": {
          "text": "Woburn",
          "anchor": [
            1854.2,
            79.0
          ],
          "anchorDesign": [
            1150.1,
            -344.2
          ],
          "align": "left",
          "fontSizePx": 30,
          "fontWeight": "bold",
          "color": "#966c4c",
          "widthPx": 112.0,
          "heightPx": 34,
          "leaderFrom": [
            1834.2,
            96.0
          ],
          "priority": 2,
          "needsLeader": false
        }
      }
    },
    {
      "type": "Feature",
      "id": "town.sudbury",
      "geometry": {
        "type": "Polygon",
        "coordinates": [
          [
            [
              413.04,
              1908.0
            ],
            [
              397.21,
              1927.82
            ],
            [
              371.34,
              1941.2
            ],
            [
              347.44,
              1951.46
            ],
            [
              324.39,
              1963.27
            ],
            [
              294.0,
              1974.04
            ],
            [
              256.89,
              1975.49
            ],
            [
              225.53,
              1963.69
            ],
            [
              209.94,
              1944.09
            ],
            [
              205.82,
              1924.93
            ],
            [
              201.84,
              1908.0
            ],
            [
              196.35,
              1889.25
            ],
            [
              200.47,
              1867.85
            ],
            [
              223.3,
              1850.5
            ],
            [
              259.12,
              1844.57
            ],
            [
              294.0,
              1849.24
            ],
            [
              322.15,
              1856.8
            ],
            [
              349.67,
              1862.72
            ],
            [
              380.81,
              1870.73
            ],
            [
              406.68,
              1886.37
            ],
            [
              413.04,
              1908.0
            ]
          ]
        ]
      },
      "properties": {
        "id": "town.sudbury",
        "name": "Sudbury",
        "category": "settlement",
        "kind": "town",
        "layer": 30,
        "playable": false,
        "insidePlayableRect": false,
        "label": {
          "text": "Sudbury",
          "anchor": [
            319.7,
            1891.0
          ],
          "anchorDesign": [
            -128.6,
            1165.8
          ],
          "align": "left",
          "fontSizePx": 30,
          "fontWeight": "bold",
          "color": "#966c4c",
          "widthPx": 121.0,
          "heightPx": 34,
          "leaderFrom": [
            299.7,
            1908.0
          ],
          "priority": 2,
          "needsLeader": false
        }
      }
    },
    {
      "type": "Feature",
      "id": "town.medford",
      "geometry": {
        "type": "Polygon",
        "coordinates": [
          [
            [
              2446.8,
              204.0
            ],
            [
              2452.72,
              224.64
            ],
            [
              2438.41,
              243.96
            ],
            [
              2407.81,
              254.64
            ],
            [
              2374.59,
              256.37
            ],
            [
              2346.0,
              255.6
            ],
            [
              2317.41,
              256.37
            ],
            [
              2284.19,
              254.64
            ],
            [
              2253.59,
              243.96
            ],
            [
              2239.28,
              224.64
            ],
            [
              2245.2,
              204.0
            ],
            [
              2260.99,
              187.56
            ],
            [
              2275.31,
              173.43
            ],
            [
              2289.31,
              157.56
            ],
            [
              2312.29,
              142.24
            ],
            [
              2346.0,
              135.6
            ],
            [
              2379.71,
              142.24
            ],
            [
              2402.69,
              157.56
            ],
            [
              2416.69,
              173.43
            ],
            [
              2431.01,
              187.56
            ],
            [
              2446.8,
              204.0
            ]
          ]
        ]
      },
      "properties": {
        "id": "town.medford",
        "name": "Medford",
        "category": "settlement",
        "kind": "town",
        "layer": 30,
        "playable": false,
        "insidePlayableRect": false,
        "label": {
          "text": "Medford",
          "anchor": [
            2370.8,
            187.0
          ],
          "anchorDesign": [
            1580.7,
            -254.2
          ],
          "align": "left",
          "fontSizePx": 30,
          "fontWeight": "bold",
          "color": "#966c4c",
          "widthPx": 118.0,
          "heightPx": 34,
          "leaderFrom": [
            2350.8,
            204.0
          ],
          "priority": 2,
          "needsLeader": false
        }
      }
    },
    {
      "type": "Feature",
      "id": "building.old_north_church",
      "geometry": {
        "type": "Polygon",
        "coordinates": [
          [
            [
              2708.13,
              736.87
            ],
            [
              2729.53,
              725.26
            ],
            [
              2751.32,
              736.12
            ],
            [
              2751.87,
              767.31
            ],
            [
              2708.68,
              768.07
            ],
            [
              2708.13,
              736.87
            ]
          ]
        ]
      },
      "properties": {
        "id": "building.old_north_church",
        "name": "Old North Church",
        "category": "building",
        "kind": "structure",
        "layer": 60,
        "playable": false,
        "insidePlayableRect": false,
        "historical": "Two lanterns hung in the steeple on the night of 18 April 1775.",
        "anchor": [
          1880,
          330
        ],
        "label": {
          "text": "Old North Church",
          "anchor": [
            2633.8,
            765.1
          ],
          "anchorDesign": [
            1799.8,
            227.6
          ],
          "align": "right",
          "fontSizePx": 24,
          "fontWeight": "regular",
          "color": "#684e2e",
          "widthPx": 185.0,
          "heightPx": 28,
          "leaderFrom": [
            2726.3,
            745.1
          ],
          "priority": 6,
          "needsLeader": false,
          "subtitle": "Two lanterns hung in the steeple on the night of 18 April 1775."
        }
      }
    },
    {
      "type": "Feature",
      "id": "building.concord_meetinghouse",
      "geometry": {
        "type": "Polygon",
        "coordinates": [
          [
            [
              176.84,
              1512.35
            ],
            [
              196.67,
              1498.22
            ],
            [
              219.62,
              1506.34
            ],
            [
              223.96,
              1537.23
            ],
            [
              181.18,
              1543.24
            ],
            [
              176.84,
              1512.35
            ]
          ]
        ]
      },
      "properties": {
        "id": "building.concord_meetinghouse",
        "name": "Concord Meetinghouse",
        "category": "building",
        "kind": "structure",
        "layer": 60,
        "playable": false,
        "insidePlayableRect": false,
        "anchor": [
          -228,
          764
        ],
        "label": {
          "text": "Concord Meetinghouse",
          "anchor": [
            125.6,
            1697.5
          ],
          "anchorDesign": [
            -290.3,
            1004.6
          ],
          "align": "right",
          "fontSizePx": 24,
          "fontWeight": "regular",
          "color": "#684e2e",
          "widthPx": 244.0,
          "heightPx": 28,
          "leaderFrom": [
            195.9,
            1518.3
          ],
          "priority": 6,
          "needsLeader": true
        }
      }
    },
    {
      "type": "Feature",
      "id": "building.barretts_mill",
      "geometry": {
        "type": "Polygon",
        "coordinates": [
          [
            [
              30.66,
              1378.03
            ],
            [
              50.73,
              1364.25
            ],
            [
              73.54,
              1372.76
            ],
            [
              77.34,
              1403.73
            ],
            [
              34.46,
              1408.99
            ],
            [
              30.66,
              1378.03
            ]
          ]
        ]
      },
      "properties": {
        "id": "building.barretts_mill",
        "name": "Barrett's Mill",
        "category": "building",
        "kind": "structure",
        "layer": 60,
        "playable": false,
        "insidePlayableRect": false,
        "anchor": [
          -350,
          610
        ],
        "label": {
          "text": "Barrett's Mill",
          "anchor": [
            13.1,
            1420.5
          ],
          "anchorDesign": [
            -384.1,
            773.8
          ],
          "align": "right",
          "fontSizePx": 24,
          "fontWeight": "regular",
          "color": "#684e2e",
          "widthPx": 131.0,
          "heightPx": 28,
          "leaderFrom": [
            49.6,
            1384.3
          ],
          "priority": 6,
          "needsLeader": false
        }
      }
    },
    {
      "type": "Feature",
      "id": "building.powder_house",
      "geometry": {
        "type": "Polygon",
        "coordinates": [
          [
            [
              2218.46,
              245.88
            ],
            [
              2241.27,
              237.37
            ],
            [
              2261.34,
              251.15
            ],
            [
              2257.54,
              282.12
            ],
            [
              2214.66,
              276.85
            ],
            [
              2218.46,
              245.88
            ]
          ]
        ]
      },
      "properties": {
        "id": "building.powder_house",
        "name": "Provincial Powder House",
        "category": "building",
        "kind": "structure",
        "layer": 60,
        "playable": false,
        "insidePlayableRect": false,
        "anchor": [
          1470,
          -190
        ],
        "label": {
          "text": "Provincial Powder House",
          "anchor": [
            2255.3,
            242.5
          ],
          "anchorDesign": [
            1484.4,
            -207.9
          ],
          "align": "left",
          "fontSizePx": 24,
          "fontWeight": "regular",
          "color": "#684e2e",
          "widthPx": 264.0,
          "heightPx": 28,
          "leaderFrom": [
            2235.3,
            256.5
          ],
          "priority": 6,
          "needsLeader": true
        }
      }
    },
    {
      "type": "Feature",
      "id": "building.buckman_farm",
      "geometry": {
        "type": "Polygon",
        "coordinates": [
          [
            [
              382.46,
              1853.88
            ],
            [
              405.27,
              1845.37
            ],
            [
              425.34,
              1859.15
            ],
            [
              421.54,
              1890.12
            ],
            [
              378.66,
              1884.85
            ],
            [
              382.46,
              1853.88
            ]
          ]
        ]
      },
      "properties": {
        "id": "building.buckman_farm",
        "name": "Sudbury farmstead",
        "category": "building",
        "kind": "structure",
        "layer": 60,
        "playable": false,
        "insidePlayableRect": false,
        "anchor": [
          -60,
          1150
        ],
        "label": {
          "text": "Sudbury farmstead",
          "anchor": [
            178.3,
            1850.5
          ],
          "anchorDesign": [
            -246.4,
            1132.1
          ],
          "align": "right",
          "fontSizePx": 24,
          "fontWeight": "regular",
          "color": "#684e2e",
          "widthPx": 201.0,
          "heightPx": 28,
          "leaderFrom": [
            399.3,
            1864.5
          ],
          "priority": 6,
          "needsLeader": true
        }
      }
    },
    {
      "type": "Feature",
      "id": "building.bedford_meetinghouse",
      "geometry": {
        "type": "Polygon",
        "coordinates": [
          [
            [
              1016.68,
              92.03
            ],
            [
              1038.47,
              81.17
            ],
            [
              1059.87,
              92.78
            ],
            [
              1059.32,
              123.97
            ],
            [
              1016.13,
              123.22
            ],
            [
              1016.68,
              92.03
            ]
          ]
        ]
      },
      "properties": {
        "id": "building.bedford_meetinghouse",
        "name": "Bedford Meetinghouse",
        "category": "building",
        "kind": "structure",
        "layer": 60,
        "playable": false,
        "insidePlayableRect": false,
        "anchor": [
          470,
          -320
        ],
        "label": {
          "text": "Bedford Meetinghouse",
          "anchor": [
            894.8,
            9.6
          ],
          "anchorDesign": [
            350.7,
            -402.0
          ],
          "align": "right",
          "fontSizePx": 24,
          "fontWeight": "regular",
          "color": "#684e2e",
          "widthPx": 238.0,
          "heightPx": 28,
          "leaderFrom": [
            1034.5,
            100.9
          ],
          "priority": 6,
          "needsLeader": false
        }
      }
    },
    {
      "type": "Feature",
      "id": "water.mill_brook",
      "geometry": {
        "type": "LineString",
        "coordinates": [
          [
            -30.0,
            1555.68
          ],
          [
            114.0,
            1502.88
          ],
          [
            246.0,
            1466.88
          ],
          [
            378.0,
            1442.88
          ],
          [
            510.0,
            1435.68
          ]
        ]
      },
      "properties": {
        "id": "water.mill_brook",
        "name": "Mill Brook",
        "category": "water",
        "kind": "stream",
        "layer": 10,
        "playable": false,
        "insidePlayableRect": false,
        "widthPx": 21.6,
        "label": {
          "text": "Mill Brook",
          "anchor": [
            240.8,
            1645.1
          ],
          "anchorDesign": [
            -194.4,
            960.9
          ],
          "align": "center",
          "fontSizePx": 26,
          "fontWeight": "regular",
          "color": "#4a84aa",
          "widthPx": 114.0,
          "heightPx": 30,
          "leaderFrom": [
            246.0,
            1466.9
          ],
          "priority": 5,
          "needsLeader": true
        }
      }
    },
    {
      "type": "Feature",
      "id": "water.mill_pond",
      "geometry": {
        "type": "Polygon",
        "coordinates": [
          [
            [
              2725.92,
              572.54
            ],
            [
              2725.52,
              586.51
            ],
            [
              2720.09,
              601.64
            ],
            [
              2703.17,
              615.08
            ],
            [
              2675.65,
              621.88
            ],
            [
              2646.0,
              620.52
            ],
            [
              2620.79,
              614.49
            ],
            [
              2598.76,
              607.69
            ],
            [
              2576.35,
              599.9
            ],
            [
              2556.55,
              588.25
            ],
            [
              2548.32,
              572.54
            ],
            [
              2556.61,
              556.84
            ],
            [
              2576.41,
              545.21
            ],
            [
              2598.78,
              537.41
            ],
            [
              2620.77,
              530.57
            ],
            [
              2646.0,
              524.52
            ],
            [
              2675.67,
              523.19
            ],
            [
              2703.15,
              530.02
            ],
            [
              2720.03,
              543.47
            ],
            [
              2725.46,
              558.59
            ],
            [
              2725.92,
              572.54
            ]
          ]
        ]
      },
      "properties": {
        "id": "water.mill_pond",
        "name": "Mill Pond",
        "category": "water",
        "kind": "lake",
        "layer": 10,
        "playable": false,
        "insidePlayableRect": false,
        "label": {
          "text": "Mill Pond",
          "anchor": [
            2581.8,
            613.6
          ],
          "anchorDesign": [
            1756.5,
            101.3
          ],
          "align": "right",
          "fontSizePx": 26,
          "fontWeight": "regular",
          "color": "#4a84aa",
          "widthPx": 106.0,
          "heightPx": 30,
          "leaderFrom": [
            2649.8,
            572.5
          ],
          "priority": 5,
          "needsLeader": false
        }
      }
    },
    {
      "type": "Feature",
      "id": "water.spot_pond",
      "geometry": {
        "type": "Polygon",
        "coordinates": [
          [
            [
              2149.49,
              132.0
            ],
            [
              2152.82,
              147.38
            ],
            [
              2144.54,
              162.95
            ],
            [
              2123.18,
              173.83
            ],
            [
              2095.8,
              177.37
            ],
            [
              2070.0,
              175.95
            ],
            [
              2046.46,
              173.4
            ],
            [
              2021.86,
              169.86
            ],
            [
              1997.72,
              162.01
            ],
            [
              1982.14,
              148.31
            ],
            [
              1981.49,
              132.0
            ],
            [
              1993.05,
              117.71
            ],
            [
              2008.62,
              106.52
            ],
            [
              2024.43,
              96.16
            ],
            [
              2043.88,
              86.07
            ],
            [
              2070.0,
              79.95
            ],
            [
              2098.37,
              82.1
            ],
            [
              2120.61,
              92.2
            ],
            [
              2133.63,
              105.58
            ],
            [
              2141.92,
              118.65
            ],
            [
              2149.49,
              132.0
            ]
          ]
        ]
      },
      "properties": {
        "id": "water.spot_pond",
        "name": "Spot Pond",
        "category": "water",
        "kind": "lake",
        "layer": 10,
        "playable": false,
        "insidePlayableRect": false,
        "label": {
          "text": "Spot Pond",
          "anchor": [
            2093.8,
            117.0
          ],
          "anchorDesign": [
            1349.8,
            -312.5
          ],
          "align": "left",
          "fontSizePx": 26,
          "fontWeight": "regular",
          "color": "#4a84aa",
          "widthPx": 118.0,
          "heightPx": 30,
          "leaderFrom": [
            2073.8,
            132.0
          ],
          "priority": 5,
          "needsLeader": false
        }
      }
    },
    {
      "type": "Feature",
      "id": "route.bedford_road",
      "geometry": {
        "type": "LineString",
        "coordinates": [
          [
            990.0,
            456.0
          ],
          [
            1016.4,
            324.0
          ],
          [
            1057.2,
            192.0
          ],
          [
            1086.0,
            72.0
          ]
        ]
      },
      "properties": {
        "id": "route.bedford_road",
        "name": "Road to Bedford",
        "category": "route",
        "kind": "country_road",
        "layer": 24,
        "playable": false,
        "insidePlayableRect": false,
        "widthPx": 19.2,
        "artNote": "Period cart road leaving the map; dressing only.",
        "label": {
          "text": "Road to Bedford",
          "anchor": [
            1100.1,
            212.7
          ],
          "anchorDesign": [
            521.8,
            -232.8
          ],
          "align": "left",
          "fontSizePx": 24,
          "fontWeight": "regular",
          "color": "#8a7550",
          "widthPx": 173.0,
          "heightPx": 28,
          "leaderFrom": [
            1057.2,
            192.0
          ],
          "priority": 9,
          "needsLeader": true
        }
      }
    },
    {
      "type": "Feature",
      "id": "route.woburn_road",
      "geometry": {
        "type": "LineString",
        "coordinates": [
          [
            1782.0,
            468.0
          ],
          [
            1803.6,
            324.0
          ],
          [
            1825.2,
            192.0
          ],
          [
            1842.0,
            72.0
          ]
        ]
      },
      "properties": {
        "id": "route.woburn_road",
        "name": "Road to Woburn",
        "category": "route",
        "kind": "country_road",
        "layer": 24,
        "playable": false,
        "insidePlayableRect": false,
        "widthPx": 19.2,
        "artNote": "Period cart road leaving the map; dressing only.",
        "label": {
          "text": "Road to Woburn",
          "anchor": [
            1738.7,
            144.0
          ],
          "anchorDesign": [
            1053.9,
            -290.0
          ],
          "align": "right",
          "fontSizePx": 24,
          "fontWeight": "regular",
          "color": "#8a7550",
          "widthPx": 173.0,
          "heightPx": 28,
          "leaderFrom": [
            1825.2,
            192.0
          ],
          "priority": 9,
          "needsLeader": false
        }
      }
    },
    {
      "type": "Feature",
      "id": "route.sudbury_road",
      "geometry": {
        "type": "LineString",
        "coordinates": [
          [
            690.0,
            1608.0
          ],
          [
            606.0,
            1716.0
          ],
          [
            498.0,
            1812.0
          ],
          [
            366.0,
            1896.0
          ]
        ]
      },
      "properties": {
        "id": "route.sudbury_road",
        "name": "Road to Sudbury",
        "category": "route",
        "kind": "country_road",
        "layer": 24,
        "playable": false,
        "insidePlayableRect": false,
        "widthPx": 19.2,
        "artNote": "Period cart road leaving the map; dressing only.",
        "label": {
          "text": "Road to Sudbury",
          "anchor": [
            300.0,
            1798.0
          ],
          "anchorDesign": [
            -145.0,
            1088.3
          ],
          "align": "right",
          "fontSizePx": 24,
          "fontWeight": "regular",
          "color": "#8a7550",
          "widthPx": 178.0,
          "heightPx": 28,
          "leaderFrom": [
            498.0,
            1812.0
          ],
          "priority": 9,
          "needsLeader": false
        }
      }
    },
    {
      "type": "Feature",
      "id": "route.roxbury_road",
      "geometry": {
        "type": "LineString",
        "coordinates": [
          [
            2466.0,
            1620.0
          ],
          [
            2550.0,
            1728.0
          ],
          [
            2634.0,
            1824.0
          ],
          [
            2694.0,
            1896.0
          ]
        ]
      },
      "properties": {
        "id": "route.roxbury_road",
        "name": "Percy's road to Roxbury",
        "category": "route",
        "kind": "country_road",
        "layer": 24,
        "playable": false,
        "insidePlayableRect": false,
        "widthPx": 19.2,
        "artNote": "Period cart road leaving the map; dressing only.",
        "label": {
          "text": "Percy's road to Roxbury",
          "anchor": [
            2507.0,
            1844.0
          ],
          "anchorDesign": [
            1694.2,
            1126.7
          ],
          "align": "right",
          "fontSizePx": 24,
          "fontWeight": "regular",
          "color": "#8a7550",
          "widthPx": 254.0,
          "heightPx": 28,
          "leaderFrom": [
            2634.0,
            1824.0
          ],
          "priority": 9,
          "needsLeader": false
        }
      }
    },
    {
      "type": "Feature",
      "id": "route.ferry_way",
      "geometry": {
        "type": "LineString",
        "coordinates": [
          [
            2502.0,
            1146.18
          ],
          [
            2586.0,
            1196.58
          ],
          [
            2670.0,
            1249.38
          ],
          [
            2742.0,
            1297.38
          ]
        ]
      },
      "properties": {
        "id": "route.ferry_way",
        "name": "Charlestown ferry way",
        "category": "route",
        "kind": "country_road",
        "layer": 24,
        "playable": false,
        "insidePlayableRect": false,
        "widthPx": 19.2,
        "artNote": "Period cart road leaving the map; dressing only.",
        "label": {
          "text": "Charlestown ferry way",
          "anchor": [
            2609.1,
            1291.9
          ],
          "anchorDesign": [
            1779.2,
            666.6
          ],
          "align": "right",
          "fontSizePx": 24,
          "fontWeight": "regular",
          "color": "#8a7550",
          "widthPx": 235.0,
          "heightPx": 28,
          "leaderFrom": [
            2670.0,
            1249.4
          ],
          "priority": 9,
          "needsLeader": false
        }
      }
    },
    {
      "type": "Feature",
      "id": "wall.meriam",
      "geometry": {
        "type": "LineString",
        "coordinates": [
          [
            618.0,
            1533.6
          ],
          [
            762.0,
            1540.8
          ],
          [
            906.0,
            1533.6
          ],
          [
            1038.0,
            1526.4
          ]
        ]
      },
      "properties": {
        "id": "wall.meriam",
        "name": "Stone wall",
        "category": "boundary_wall",
        "kind": "stone_wall",
        "layer": 26,
        "playable": false,
        "insidePlayableRect": true,
        "widthPx": 8.4,
        "artNote": "Dry-laid New England field wall - the cover the militia fired from.",
        "label": {
          "text": "Stone wall",
          "anchor": [
            904.5,
            1611.4
          ],
          "anchorDesign": [
            358.8,
            932.8
          ],
          "align": "center",
          "fontSizePx": 24,
          "fontWeight": "regular",
          "color": "#6f6a5e",
          "widthPx": 109.0,
          "heightPx": 28,
          "leaderFrom": [
            906.0,
            1533.6
          ],
          "priority": 9,
          "needsLeader": false
        }
      }
    },
    {
      "type": "Feature",
      "id": "wall.angle_n",
      "geometry": {
        "type": "LineString",
        "coordinates": [
          [
            1194.0,
            570.06
          ],
          [
            1314.0,
            553.26
          ],
          [
            1446.0,
            558.06
          ],
          [
            1578.0,
            572.46
          ]
        ]
      },
      "properties": {
        "id": "wall.angle_n",
        "name": "Stone wall",
        "category": "boundary_wall",
        "kind": "stone_wall",
        "layer": 26,
        "playable": false,
        "insidePlayableRect": true,
        "widthPx": 8.4,
        "artNote": "Dry-laid New England field wall - the cover the militia fired from.",
        "label": {
          "text": "Stone wall",
          "anchor": [
            1317.0,
            544.1
          ],
          "anchorDesign": [
            702.5,
            43.4
          ],
          "align": "right",
          "fontSizePx": 24,
          "fontWeight": "regular",
          "color": "#6f6a5e",
          "widthPx": 109.0,
          "heightPx": 28,
          "leaderFrom": [
            1446.0,
            558.1
          ],
          "priority": 9,
          "needsLeader": false
        }
      }
    },
    {
      "type": "Feature",
      "id": "wall.brooks",
      "geometry": {
        "type": "LineString",
        "coordinates": [
          [
            858.0,
            1532.0
          ],
          [
            990.0,
            1541.6
          ],
          [
            1122.0,
            1534.4
          ]
        ]
      },
      "properties": {
        "id": "wall.brooks",
        "name": "Stone wall",
        "category": "boundary_wall",
        "kind": "stone_wall",
        "layer": 26,
        "playable": false,
        "insidePlayableRect": true,
        "widthPx": 8.4,
        "artNote": "Dry-laid New England field wall - the cover the militia fired from.",
        "label": {
          "text": "Stone wall",
          "anchor": [
            1076.9,
            1386.2
          ],
          "anchorDesign": [
            502.4,
            745.1
          ],
          "align": "left",
          "fontSizePx": 24,
          "fontWeight": "regular",
          "color": "#6f6a5e",
          "widthPx": 109.0,
          "heightPx": 28,
          "leaderFrom": [
            990.0,
            1541.6
          ],
          "priority": 9,
          "needsLeader": true
        }
      }
    },
    {
      "type": "Feature",
      "id": "wall.menotomy",
      "geometry": {
        "type": "LineString",
        "coordinates": [
          [
            1974.0,
            1532.8
          ],
          [
            2106.0,
            1542.4
          ],
          [
            2238.0,
            1532.8
          ]
        ]
      },
      "properties": {
        "id": "wall.menotomy",
        "name": "Stone wall",
        "category": "boundary_wall",
        "kind": "stone_wall",
        "layer": 26,
        "playable": false,
        "insidePlayableRect": true,
        "widthPx": 8.4,
        "artNote": "Dry-laid New England field wall - the cover the militia fired from.",
        "label": {
          "text": "Stone wall",
          "anchor": [
            1977.0,
            1528.4
          ],
          "anchorDesign": [
            1252.5,
            863.7
          ],
          "align": "right",
          "fontSizePx": 24,
          "fontWeight": "regular",
          "color": "#6f6a5e",
          "widthPx": 109.0,
          "heightPx": 28,
          "leaderFrom": [
            2106.0,
            1542.4
          ],
          "priority": 9,
          "needsLeader": false
        }
      }
    },
    {
      "type": "Feature",
      "id": "vessel.hms_lively",
      "geometry": {
        "type": "Point",
        "coordinates": [
          2826.0,
          1146.0
        ]
      },
      "properties": {
        "id": "vessel.hms_lively",
        "name": "HMS Lively",
        "category": "vessel",
        "kind": "ship_of_the_line",
        "layer": 65,
        "playable": false,
        "insidePlayableRect": false,
        "historical": "Covered the Charlestown ferry.",
        "label": {
          "text": "HMS Lively",
          "anchor": [
            2737.0,
            1182.2
          ],
          "anchorDesign": [
            1885.8,
            575.2
          ],
          "align": "right",
          "fontSizePx": 24,
          "fontWeight": "regular",
          "color": "#344a6e",
          "widthPx": 120.0,
          "heightPx": 28,
          "leaderFrom": [
            2826.0,
            1146.0
          ],
          "priority": 7,
          "needsLeader": false,
          "subtitle": "Covered the Charlestown ferry."
        }
      }
    },
    {
      "type": "Feature",
      "id": "vessel.transport_1",
      "geometry": {
        "type": "Point",
        "coordinates": [
          2898.0,
          1540.8
        ]
      },
      "properties": {
        "id": "vessel.transport_1",
        "name": "Troop transport",
        "category": "vessel",
        "kind": "small_craft",
        "layer": 65,
        "playable": false,
        "insidePlayableRect": false,
        "label": {
          "text": "Troop transport",
          "anchor": [
            2672.7,
            1609.8
          ],
          "anchorDesign": [
            1832.3,
            931.5
          ],
          "align": "right",
          "fontSizePx": 24,
          "fontWeight": "regular",
          "color": "#344a6e",
          "widthPx": 163.0,
          "heightPx": 28,
          "leaderFrom": [
            2898.0,
            1540.8
          ],
          "priority": 7,
          "needsLeader": true
        }
      }
    },
    {
      "type": "Feature",
      "id": "vessel.longboat",
      "geometry": {
        "type": "Point",
        "coordinates": [
          2790.0,
          1540.8
        ]
      },
      "properties": {
        "id": "vessel.longboat",
        "name": "Ship's longboat",
        "category": "vessel",
        "kind": "small_craft",
        "layer": 65,
        "playable": false,
        "insidePlayableRect": false,
        "label": {
          "text": "Ship's longboat",
          "anchor": [
            2674.8,
            1656.2
          ],
          "anchorDesign": [
            1834.0,
            970.2
          ],
          "align": "right",
          "fontSizePx": 24,
          "fontWeight": "regular",
          "color": "#344a6e",
          "widthPx": 161.0,
          "heightPx": 28,
          "leaderFrom": [
            2790.0,
            1540.8
          ],
          "priority": 7,
          "needsLeader": true
        }
      }
    },
    {
      "type": "Feature",
      "id": "marker.concord_common",
      "geometry": {
        "type": "Point",
        "coordinates": [
          174.0,
          1540.8
        ]
      },
      "properties": {
        "id": "marker.concord_common",
        "name": "Concord Common",
        "category": "battle_marker",
        "kind": "muster",
        "layer": 70,
        "playable": false,
        "insidePlayableRect": false,
        "historical": "Where the Concord militia formed before marching to the bridge.",
        "label": {
          "text": "Concord Common",
          "anchor": [
            69.5,
            1583.8
          ],
          "anchorDesign": [
            -337.1,
            909.8
          ],
          "align": "right",
          "fontSizePx": 26,
          "fontWeight": "regular",
          "color": "#b02030",
          "widthPx": 209.0,
          "heightPx": 30,
          "leaderFrom": [
            174.0,
            1540.8
          ],
          "priority": 3,
          "needsLeader": false,
          "subtitle": "Where the Concord militia formed before marching to the bridge."
        }
      }
    },
    {
      "type": "Feature",
      "id": "marker.punkatasset_muster",
      "geometry": {
        "type": "Point",
        "coordinates": [
          181.2,
          918.0
        ]
      },
      "properties": {
        "id": "marker.punkatasset_muster",
        "name": "Punkatasset muster",
        "category": "battle_marker",
        "kind": "muster",
        "layer": 70,
        "playable": false,
        "insidePlayableRect": false,
        "historical": "Militia from Concord and the neighbouring towns assembled on this hill.",
        "label": {
          "text": "Punkatasset muster",
          "anchor": [
            97.2,
            953.2
          ],
          "anchorDesign": [
            -314.0,
            384.4
          ],
          "align": "right",
          "fontSizePx": 26,
          "fontWeight": "regular",
          "color": "#b02030",
          "widthPx": 226.0,
          "heightPx": 30,
          "leaderFrom": [
            181.2,
            918.0
          ],
          "priority": 3,
          "needsLeader": false,
          "subtitle": "Militia from Concord and the neighbouring towns assembled on this hill."
        }
      }
    },
    {
      "type": "Feature",
      "id": "marker.lantern_signal",
      "geometry": {
        "type": "Point",
        "coordinates": [
          2730.0,
          658.08
        ]
      },
      "properties": {
        "id": "marker.lantern_signal",
        "name": "Two lanterns signal",
        "category": "battle_marker",
        "kind": "signal",
        "layer": 70,
        "playable": false,
        "insidePlayableRect": false,
        "historical": "'One if by land, two if by sea' - hung in the Old North Church steeple.",
        "label": {
          "text": "Two lanterns signal",
          "anchor": [
            2634.5,
            699.1
          ],
          "anchorDesign": [
            1800.4,
            172.6
          ],
          "align": "right",
          "fontSizePx": 26,
          "fontWeight": "regular",
          "color": "#b02030",
          "widthPx": 221.0,
          "heightPx": 30,
          "leaderFrom": [
            2730.0,
            658.1
          ],
          "priority": 3,
          "needsLeader": false,
          "subtitle": "'One if by land, two if by sea' - hung in the Old North Church steeple."
        }
      }
    },
    {
      "type": "Feature",
      "id": "route.road_west_stub",
      "geometry": {
        "type": "LineString",
        "coordinates": [
          [
            42.0,
            1250.66
          ],
          [
            258.0,
            1245.86
          ],
          [
            426.0,
            1241.06
          ],
          [
            543.6,
            1243.8
          ]
        ]
      },
      "properties": {
        "id": "route.road_west_stub",
        "name": "Battle Road (west, off map)",
        "category": "route",
        "kind": "country_road",
        "layer": 24,
        "playable": false,
        "insidePlayableRect": false,
        "widthPx": 72.0,
        "artNote": "The road continues west toward Concord; decorative only, the spawn is inside the rect.",
        "label": {
          "text": "Battle Road (west, off map)",
          "anchor": [
            116.0,
            1227.1
          ],
          "anchorDesign": [
            -298.3,
            612.5
          ],
          "align": "right",
          "fontSizePx": 24,
          "fontWeight": "regular",
          "color": "#8a7550",
          "widthPx": 290.0,
          "heightPx": 28,
          "leaderFrom": [
            426.0,
            1241.1
          ],
          "priority": 9,
          "needsLeader": true
        }
      }
    },
    {
      "type": "Feature",
      "id": "route.road_east_stub",
      "geometry": {
        "type": "LineString",
        "coordinates": [
          [
            2324.4,
            1015.03
          ],
          [
            2514.0,
            962.71
          ],
          [
            2694.0,
            950.71
          ],
          [
            2862.0,
            938.71
          ]
        ]
      },
      "properties": {
        "id": "route.road_east_stub",
        "name": "Battle Road (east, off map)",
        "category": "route",
        "kind": "country_road",
        "layer": 24,
        "playable": false,
        "insidePlayableRect": false,
        "widthPx": 72.0,
        "artNote": "The road continues east to Charlestown Neck; decorative only.",
        "label": {
          "text": "Battle Road (east, off map)",
          "anchor": [
            2551.0,
            970.7
          ],
          "anchorDesign": [
            1730.8,
            398.9
          ],
          "align": "right",
          "fontSizePx": 24,
          "fontWeight": "regular",
          "color": "#8a7550",
          "widthPx": 286.0,
          "heightPx": 28,
          "leaderFrom": [
            2694.0,
            950.7
          ],
          "priority": 9,
          "needsLeader": false
        }
      }
    },
    {
      "type": "Feature",
      "id": "town.chelmsford",
      "geometry": {
        "type": "Polygon",
        "coordinates": [
          [
            [
              648.79,
              192.0
            ],
            [
              632.23,
              208.01
            ],
            [
              616.3,
              221.19
            ],
            [
              601.6,
              235.73
            ],
            [
              579.19,
              250.37
            ],
            [
              546.0,
              257.58
            ],
            [
              511.82,
              252.12
            ],
            [
              488.18,
              237.48
            ],
            [
              474.7,
              221.6
            ],
            [
              462.0,
              207.6
            ],
            [
              447.19,
              192.0
            ],
            [
              440.5,
              172.41
            ],
            [
              453.2,
              153.47
            ],
            [
              483.1,
              142.53
            ],
            [
              516.89,
              140.81
            ],
            [
              546.0,
              142.38
            ],
            [
              574.11,
              142.56
            ],
            [
              606.67,
              144.28
            ],
            [
              637.8,
              153.89
            ],
            [
              653.73,
              172.0
            ],
            [
              648.79,
              192.0
            ]
          ]
        ]
      },
      "properties": {
        "id": "town.chelmsford",
        "name": "Chelmsford",
        "category": "settlement",
        "kind": "town",
        "layer": 30,
        "playable": false,
        "insidePlayableRect": false,
        "historical": "Chelmsford's companies marched at dawn.",
        "label": {
          "text": "Chelmsford",
          "anchor": [
            570.9,
            175.0
          ],
          "anchorDesign": [
            80.7,
            -264.2
          ],
          "align": "left",
          "fontSizePx": 30,
          "fontWeight": "bold",
          "color": "#966c4c",
          "widthPx": 167.0,
          "heightPx": 34,
          "leaderFrom": [
            550.9,
            192.0
          ],
          "priority": 2,
          "needsLeader": false,
          "subtitle": "Chelmsford's companies marched at dawn."
        }
      }
    },
    {
      "type": "Feature",
      "id": "town.reading",
      "geometry": {
        "type": "Polygon",
        "coordinates": [
          [
            [
              1641.27,
              192.0
            ],
            [
              1645.38,
              208.97
            ],
            [
              1642.01,
              228.54
            ],
            [
              1621.54,
              245.12
            ],
            [
              1587.8,
              251.45
            ],
            [
              1554.0,
              247.31
            ],
            [
              1526.96,
              239.55
            ],
            [
              1501.59,
              233.22
            ],
            [
              1472.75,
              225.73
            ],
            [
              1447.49,
              211.78
            ],
            [
              1439.67,
              192.0
            ],
            [
              1453.65,
              173.37
            ],
            [
              1478.91,
              160.83
            ],
            [
              1503.04,
              151.92
            ],
            [
              1525.51,
              141.89
            ],
            [
              1554.0,
              132.11
            ],
            [
              1589.26,
              129.99
            ],
            [
              1620.09,
              140.02
            ],
            [
              1635.85,
              158.02
            ],
            [
              1639.22,
              176.18
            ],
            [
              1641.27,
              192.0
            ]
          ]
        ]
      },
      "properties": {
        "id": "town.reading",
        "name": "Reading",
        "category": "settlement",
        "kind": "town",
        "layer": 30,
        "playable": false,
        "insidePlayableRect": false,
        "historical": "Reading militia struck the column at Menotomy.",
        "label": {
          "text": "Reading",
          "anchor": [
            1578.2,
            175.0
          ],
          "anchorDesign": [
            920.1,
            -264.2
          ],
          "align": "left",
          "fontSizePx": 30,
          "fontWeight": "bold",
          "color": "#966c4c",
          "widthPx": 118.0,
          "heightPx": 34,
          "leaderFrom": [
            1558.2,
            192.0
          ],
          "priority": 2,
          "needsLeader": false,
          "subtitle": "Reading militia struck the column at Menotomy."
        }
      }
    },
    {
      "type": "Feature",
      "id": "town.danvers",
      "geometry": {
        "type": "Polygon",
        "coordinates": [
          [
            [
              2113.42,
              192.0
            ],
            [
              2117.73,
              209.67
            ],
            [
              2114.2,
              230.06
            ],
            [
              2092.76,
              247.33
            ],
            [
              2057.41,
              253.93
            ],
            [
              2022.0,
              249.62
            ],
            [
              1993.67,
              241.53
            ],
            [
              1967.09,
              234.94
            ],
            [
              1936.89,
              227.14
            ],
            [
              1910.42,
              212.6
            ],
            [
              1902.22,
              192.0
            ],
            [
              1916.87,
              172.59
            ],
            [
              1943.34,
              159.53
            ],
            [
              1968.62,
              150.25
            ],
            [
              1992.15,
              139.8
            ],
            [
              2022.0,
              129.62
            ],
            [
              2058.94,
              127.41
            ],
            [
              2091.23,
              137.86
            ],
            [
              2107.75,
              156.6
            ],
            [
              2111.28,
              175.52
            ],
            [
              2113.42,
              192.0
            ]
          ]
        ]
      },
      "properties": {
        "id": "town.danvers",
        "name": "Danvers",
        "category": "settlement",
        "kind": "town",
        "layer": 30,
        "playable": false,
        "insidePlayableRect": false,
        "historical": "Danvers marched sixteen miles in four hours; seven of its men were killed at Menotomy.",
        "label": {
          "text": "Danvers",
          "anchor": [
            2046.4,
            175.0
          ],
          "anchorDesign": [
            1310.3,
            -264.2
          ],
          "align": "left",
          "fontSizePx": 30,
          "fontWeight": "bold",
          "color": "#966c4c",
          "widthPx": 120.0,
          "heightPx": 34,
          "leaderFrom": [
            2026.4,
            192.0
          ],
          "priority": 2,
          "needsLeader": false,
          "subtitle": "Danvers marched sixteen miles in four hours; seven of its men were killed at Menotomy."
        }
      }
    },
    {
      "type": "Feature",
      "id": "town.andover",
      "geometry": {
        "type": "Polygon",
        "coordinates": [
          [
            [
              1338.0,
              72.0
            ],
            [
              1343.64,
              90.99
            ],
            [
              1330.01,
              108.77
            ],
            [
              1300.87,
              118.59
            ],
            [
              1269.22,
              120.18
            ],
            [
              1242.0,
              119.47
            ],
            [
              1214.78,
              120.18
            ],
            [
              1183.13,
              118.59
            ],
            [
              1153.99,
              108.77
            ],
            [
              1140.36,
              90.99
            ],
            [
              1146.0,
              72.0
            ],
            [
              1161.04,
              56.87
            ],
            [
              1174.68,
              43.87
            ],
            [
              1188.01,
              29.27
            ],
            [
              1209.89,
              15.18
            ],
            [
              1242.0,
              9.07
            ],
            [
              1274.11,
              15.18
            ],
            [
              1295.99,
              29.27
            ],
            [
              1309.32,
              43.87
            ],
            [
              1322.96,
              56.87
            ],
            [
              1338.0,
              72.0
            ]
          ]
        ]
      },
      "properties": {
        "id": "town.andover",
        "name": "Andover",
        "category": "settlement",
        "kind": "town",
        "layer": 30,
        "playable": false,
        "insidePlayableRect": false,
        "label": {
          "text": "Andover",
          "anchor": [
            1266.6,
            55.0
          ],
          "anchorDesign": [
            660.5,
            -364.2
          ],
          "align": "left",
          "fontSizePx": 30,
          "fontWeight": "bold",
          "color": "#966c4c",
          "widthPx": 122.0,
          "heightPx": 34,
          "leaderFrom": [
            1246.6,
            72.0
          ],
          "priority": 2,
          "needsLeader": false
        }
      }
    },
    {
      "type": "Feature",
      "id": "town.tewksbury",
      "geometry": {
        "type": "Polygon",
        "coordinates": [
          [
            [
              927.6,
              72.0
            ],
            [
              933.1,
              90.16
            ],
            [
              919.81,
              107.17
            ],
            [
              891.4,
              116.56
            ],
            [
              860.54,
              118.08
            ],
            [
              834.0,
              117.41
            ],
            [
              807.46,
              118.08
            ],
            [
              776.6,
              116.56
            ],
            [
              748.19,
              107.17
            ],
            [
              734.9,
              90.16
            ],
            [
              740.4,
              72.0
            ],
            [
              755.06,
              57.53
            ],
            [
              768.36,
              45.1
            ],
            [
              781.36,
              31.13
            ],
            [
              802.7,
              17.65
            ],
            [
              834.0,
              11.81
            ],
            [
              865.3,
              17.65
            ],
            [
              886.64,
              31.13
            ],
            [
              899.64,
              45.1
            ],
            [
              912.94,
              57.53
            ],
            [
              927.6,
              72.0
            ]
          ]
        ]
      },
      "properties": {
        "id": "town.tewksbury",
        "name": "Tewksbury",
        "category": "settlement",
        "kind": "town",
        "layer": 30,
        "playable": false,
        "insidePlayableRect": false,
        "label": {
          "text": "Tewksbury",
          "anchor": [
            858.5,
            55.0
          ],
          "anchorDesign": [
            320.4,
            -364.2
          ],
          "align": "left",
          "fontSizePx": 30,
          "fontWeight": "bold",
          "color": "#966c4c",
          "widthPx": 157.0,
          "heightPx": 34,
          "leaderFrom": [
            838.5,
            72.0
          ],
          "priority": 2,
          "needsLeader": false
        }
      }
    },
    {
      "type": "Feature",
      "id": "town.lynn",
      "geometry": {
        "type": "Polygon",
        "coordinates": [
          [
            [
              2391.6,
              84.0
            ],
            [
              2397.1,
              102.16
            ],
            [
              2383.81,
              119.17
            ],
            [
              2355.4,
              128.56
            ],
            [
              2324.54,
              130.08
            ],
            [
              2298.0,
              129.41
            ],
            [
              2271.46,
              130.08
            ],
            [
              2240.6,
              128.56
            ],
            [
              2212.19,
              119.17
            ],
            [
              2198.9,
              102.16
            ],
            [
              2204.4,
              84.0
            ],
            [
              2219.06,
              69.53
            ],
            [
              2232.36,
              57.1
            ],
            [
              2245.36,
              43.13
            ],
            [
              2266.7,
              29.65
            ],
            [
              2298.0,
              23.81
            ],
            [
              2329.3,
              29.65
            ],
            [
              2350.64,
              43.13
            ],
            [
              2363.64,
              57.1
            ],
            [
              2376.94,
              69.53
            ],
            [
              2391.6,
              84.0
            ]
          ]
        ]
      },
      "properties": {
        "id": "town.lynn",
        "name": "Lynn",
        "category": "settlement",
        "kind": "town",
        "layer": 30,
        "playable": false,
        "insidePlayableRect": false,
        "historical": "Lynn lost four men in the fighting at Menotomy.",
        "label": {
          "text": "Lynn",
          "anchor": [
            2322.5,
            67.0
          ],
          "anchorDesign": [
            1540.4,
            -354.2
          ],
          "align": "left",
          "fontSizePx": 30,
          "fontWeight": "bold",
          "color": "#966c4c",
          "widthPx": 71.0,
          "heightPx": 34,
          "leaderFrom": [
            2302.5,
            84.0
          ],
          "priority": 2,
          "needsLeader": false,
          "subtitle": "Lynn lost four men in the fighting at Menotomy."
        }
      }
    },
    {
      "type": "Feature",
      "id": "building.reading_meetinghouse",
      "geometry": {
        "type": "Polygon",
        "coordinates": [
          [
            [
              1538.09,
              286.74
            ],
            [
              1558.4,
              273.31
            ],
            [
              1581.05,
              282.23
            ],
            [
              1584.31,
              313.26
            ],
            [
              1541.35,
              317.77
            ],
            [
              1538.09,
              286.74
            ]
          ]
        ]
      },
      "properties": {
        "id": "building.reading_meetinghouse",
        "name": "Reading Meetinghouse",
        "category": "building",
        "kind": "structure",
        "layer": 60,
        "playable": false,
        "insidePlayableRect": false,
        "anchor": [
          906,
          -160
        ],
        "label": {
          "text": "Reading Meetinghouse",
          "anchor": [
            1576.9,
            279.3
          ],
          "anchorDesign": [
            919.1,
            -177.2
          ],
          "align": "left",
          "fontSizePx": 24,
          "fontWeight": "regular",
          "color": "#684e2e",
          "widthPx": 242.0,
          "heightPx": 28,
          "leaderFrom": [
            1556.9,
            293.3
          ],
          "priority": 6,
          "needsLeader": true
        }
      }
    },
    {
      "type": "Feature",
      "id": "building.danvers_meetinghouse",
      "geometry": {
        "type": "Polygon",
        "coordinates": [
          [
            [
              2007.33,
              284.78
            ],
            [
              2028.73,
              273.17
            ],
            [
              2050.52,
              284.03
            ],
            [
              2051.07,
              315.22
            ],
            [
              2007.88,
              315.97
            ],
            [
              2007.33,
              284.78
            ]
          ]
        ]
      },
      "properties": {
        "id": "building.danvers_meetinghouse",
        "name": "Danvers Meetinghouse",
        "category": "building",
        "kind": "structure",
        "layer": 60,
        "playable": false,
        "insidePlayableRect": false,
        "anchor": [
          1296,
          -160
        ],
        "label": {
          "text": "Danvers Meetinghouse",
          "anchor": [
            1894.1,
            242.3
          ],
          "anchorDesign": [
            1183.5,
            -208.1
          ],
          "align": "right",
          "fontSizePx": 24,
          "fontWeight": "regular",
          "color": "#684e2e",
          "widthPx": 243.0,
          "heightPx": 28,
          "leaderFrom": [
            2025.5,
            293.0
          ],
          "priority": 6,
          "needsLeader": false
        }
      }
    },
    {
      "type": "Feature",
      "id": "building.chelmsford_tavern",
      "geometry": {
        "type": "Polygon",
        "coordinates": [
          [
            [
              532.72,
              286.34
            ],
            [
              553.26,
              273.27
            ],
            [
              575.76,
              282.58
            ],
            [
              578.48,
              313.66
            ],
            [
              535.44,
              317.42
            ],
            [
              532.72,
              286.34
            ]
          ]
        ]
      },
      "properties": {
        "id": "building.chelmsford_tavern",
        "name": "Chelmsford tavern",
        "category": "building",
        "kind": "structure",
        "layer": 60,
        "playable": false,
        "insidePlayableRect": false,
        "anchor": [
          68,
          -160
        ],
        "label": {
          "text": "Chelmsford tavern",
          "anchor": [
            556.8,
            251.8
          ],
          "anchorDesign": [
            69.0,
            -200.1
          ],
          "align": "center",
          "fontSizePx": 24,
          "fontWeight": "regular",
          "color": "#684e2e",
          "widthPx": 194.0,
          "heightPx": 28,
          "leaderFrom": [
            551.4,
            293.3
          ],
          "priority": 6,
          "needsLeader": false
        }
      }
    },
    {
      "type": "Feature",
      "id": "building.woburn_forge",
      "geometry": {
        "type": "Polygon",
        "coordinates": [
          [
            [
              1808.06,
              197.88
            ],
            [
              1830.87,
              189.37
            ],
            [
              1850.94,
              203.15
            ],
            [
              1847.14,
              234.12
            ],
            [
              1804.26,
              228.85
            ],
            [
              1808.06,
              197.88
            ]
          ]
        ]
      },
      "properties": {
        "id": "building.woburn_forge",
        "name": "Woburn forge",
        "category": "building",
        "kind": "structure",
        "layer": 60,
        "playable": false,
        "insidePlayableRect": false,
        "anchor": [
          1128,
          -230
        ],
        "label": {
          "text": "Woburn forge",
          "anchor": [
            1844.9,
            194.5
          ],
          "anchorDesign": [
            1142.4,
            -247.9
          ],
          "align": "left",
          "fontSizePx": 24,
          "fontWeight": "regular",
          "color": "#684e2e",
          "widthPx": 144.0,
          "heightPx": 28,
          "leaderFrom": [
            1824.9,
            208.5
          ],
          "priority": 6,
          "needsLeader": false
        }
      }
    },
    {
      "type": "Feature",
      "id": "building.bedford_flag_house",
      "geometry": {
        "type": "Polygon",
        "coordinates": [
          [
            [
              1034.81,
              285.55
            ],
            [
              1055.8,
              273.2
            ],
            [
              1077.95,
              283.29
            ],
            [
              1079.59,
              314.45
            ],
            [
              1036.45,
              316.71
            ],
            [
              1034.81,
              285.55
            ]
          ]
        ]
      },
      "properties": {
        "id": "building.bedford_flag_house",
        "name": "Page farmstead, Bedford",
        "category": "building",
        "kind": "structure",
        "layer": 60,
        "playable": false,
        "insidePlayableRect": false,
        "historical": "Home of Nathaniel Page, who carried the Bedford Flag to the North Bridge.",
        "anchor": [
          486,
          -160
        ],
        "label": {
          "text": "Page farmstead, Bedford",
          "anchor": [
            957.4,
            289.0
          ],
          "anchorDesign": [
            402.9,
            -169.2
          ],
          "align": "right",
          "fontSizePx": 24,
          "fontWeight": "regular",
          "color": "#684e2e",
          "widthPx": 265.0,
          "heightPx": 28,
          "leaderFrom": [
            1053.2,
            293.1
          ],
          "priority": 6,
          "needsLeader": false,
          "subtitle": "Home of Nathaniel Page, who carried the Bedford Flag to the North Bridge."
        }
      }
    },
    {
      "type": "Feature",
      "id": "marker.bedford_flag",
      "geometry": {
        "type": "Point",
        "coordinates": [
          1057.2,
          362.4
        ]
      },
      "properties": {
        "id": "marker.bedford_flag",
        "name": "The Bedford Flag",
        "category": "battle_marker",
        "kind": "relic",
        "layer": 70,
        "playable": false,
        "insidePlayableRect": false,
        "historical": "Oldest flag known to have been flown in America; carried by the Bedford minute company to the North Bridge on 19 April.",
        "label": {
          "text": "The Bedford Flag",
          "anchor": [
            987.7,
            397.6
          ],
          "anchorDesign": [
            428.1,
            -78.6
          ],
          "align": "right",
          "fontSizePx": 26,
          "fontWeight": "regular",
          "color": "#b02030",
          "widthPx": 197.0,
          "heightPx": 30,
          "leaderFrom": [
            1057.2,
            362.4
          ],
          "priority": 3,
          "needsLeader": false,
          "subtitle": "Oldest flag known to have been flown in America; carried by the Bedford minute company to the North Bridge on 19 April."
        }
      }
    },
    {
      "type": "Feature",
      "id": "marker.danvers_march",
      "geometry": {
        "type": "Point",
        "coordinates": [
          2022.0,
          300.0
        ]
      },
      "properties": {
        "id": "marker.danvers_march",
        "name": "Danvers march",
        "category": "battle_marker",
        "kind": "muster",
        "layer": 70,
        "playable": false,
        "insidePlayableRect": false,
        "historical": "Sixteen miles in four hours to reach the road.",
        "label": {
          "text": "Danvers march",
          "anchor": [
            1963.5,
            335.2
          ],
          "anchorDesign": [
            1241.2,
            -130.6
          ],
          "align": "right",
          "fontSizePx": 26,
          "fontWeight": "regular",
          "color": "#b02030",
          "widthPx": 175.0,
          "heightPx": 30,
          "leaderFrom": [
            2022.0,
            300.0
          ],
          "priority": 3,
          "needsLeader": false,
          "subtitle": "Sixteen miles in four hours to reach the road."
        }
      }
    },
    {
      "type": "Feature",
      "id": "terrain.woburn_training_field",
      "geometry": {
        "type": "Polygon",
        "coordinates": [
          [
            [
              1981.05,
              348.0
            ],
            [
              1962.92,
              367.38
            ],
            [
              1933.23,
              381.82
            ],
            [
              1902.8,
              393.61
            ],
            [
              1869.8,
              405.24
            ],
            [
              1827.6,
              413.82
            ],
            [
              1779.47,
              413.27
            ],
            [
              1739.16,
              401.65
            ],
            [
              1716.05,
              383.72
            ],
            [
              1705.52,
              365.48
            ],
            [
              1697.85,
              348.0
            ],
            [
              1693.59,
              328.81
            ],
            [
              1704.11,
              308.46
            ],
            [
              1736.34,
              292.65
            ],
            [
              1782.29,
              286.55
            ],
            [
              1827.6,
              289.02
            ],
            [
              1866.99,
              294.58
            ],
            [
              1905.62,
              300.68
            ],
            [
              1945.16,
              310.36
            ],
            [
              1974.86,
              326.91
            ],
            [
              1981.05,
              348.0
            ]
          ]
        ]
      },
      "properties": {
        "id": "terrain.woburn_training_field",
        "name": "Woburn training field",
        "category": "terrain",
        "kind": "farmland",
        "layer": 20,
        "playable": false,
        "insidePlayableRect": false,
        "historical": "Where the Woburn companies mustered before marching south.",
        "label": {
          "text": "Woburn training field",
          "anchor": [
            1579.9,
            333.0
          ],
          "anchorDesign": [
            921.6,
            -132.5
          ],
          "align": "right",
          "fontSizePx": 26,
          "fontWeight": "regular",
          "color": "#566a44",
          "widthPx": 235.0,
          "heightPx": 30,
          "leaderFrom": [
            1834.9,
            348.0
          ],
          "priority": 4,
          "needsLeader": true,
          "subtitle": "Where the Woburn companies mustered before marching south."
        }
      }
    },
    {
      "type": "Feature",
      "id": "terrain.north_woodlot",
      "geometry": {
        "type": "Polygon",
        "coordinates": [
          [
            [
              1553.76,
              348.0
            ],
            [
              1524.96,
              366.71
            ],
            [
              1501.29,
              382.7
            ],
            [
              1480.0,
              401.6
            ],
            [
              1442.86,
              420.49
            ],
            [
              1386.0,
              428.74
            ],
            [
              1329.26,
              420.34
            ],
            [
              1292.27,
              401.45
            ],
            [
              1270.83,
              382.67
            ],
            [
              1246.77,
              366.74
            ],
            [
              1217.76,
              348.0
            ],
            [
              1205.41,
              323.69
            ],
            [
              1229.46,
              300.88
            ],
            [
              1282.5,
              288.98
            ],
            [
              1339.03,
              288.11
            ],
            [
              1386.0,
              289.54
            ],
            [
              1433.09,
              287.96
            ],
            [
              1489.76,
              288.83
            ],
            [
              1542.66,
              300.85
            ],
            [
              1566.33,
              323.73
            ],
            [
              1553.76,
              348.0
            ]
          ]
        ]
      },
      "properties": {
        "id": "terrain.north_woodlot",
        "name": "North woodlot",
        "category": "terrain",
        "kind": "woodland",
        "layer": 20,
        "playable": false,
        "insidePlayableRect": false,
        "label": {
          "text": "North woodlot",
          "anchor": [
            1216.0,
            333.0
          ],
          "anchorDesign": [
            618.3,
            -132.5
          ],
          "align": "right",
          "fontSizePx": 26,
          "fontWeight": "regular",
          "color": "#566a44",
          "widthPx": 158.0,
          "heightPx": 30,
          "leaderFrom": [
            1394.0,
            348.0
          ],
          "priority": 4,
          "needsLeader": false
        }
      }
    },
    {
      "type": "Feature",
      "id": "water.nagog_pond",
      "geometry": {
        "type": "Polygon",
        "coordinates": [
          [
            [
              793.09,
              324.0
            ],
            [
              788.54,
              337.46
            ],
            [
              782.18,
              351.52
            ],
            [
              768.04,
              365.32
            ],
            [
              743.36,
              374.21
            ],
            [
              714.0,
              374.56
            ],
            [
              688.29,
              367.96
            ],
            [
              668.14,
              359.07
            ],
            [
              649.47,
              350.05
            ],
            [
              631.28,
              338.93
            ],
            [
              620.29,
              324.0
            ],
            [
              624.2,
              307.79
            ],
            [
              642.39,
              295.09
            ],
            [
              666.47,
              287.65
            ],
            [
              689.96,
              282.9
            ],
            [
              714.0,
              278.56
            ],
            [
              741.69,
              276.65
            ],
            [
              769.71,
              281.4
            ],
            [
              789.27,
              293.62
            ],
            [
              795.63,
              309.27
            ],
            [
              793.09,
              324.0
            ]
          ]
        ]
      },
      "properties": {
        "id": "water.nagog_pond",
        "name": "Nagog Pond",
        "category": "water",
        "kind": "lake",
        "layer": 10,
        "playable": false,
        "insidePlayableRect": false,
        "label": {
          "text": "Nagog Pond",
          "anchor": [
            737.8,
            309.0
          ],
          "anchorDesign": [
            219.8,
            -152.5
          ],
          "align": "left",
          "fontSizePx": 26,
          "fontWeight": "regular",
          "color": "#4a84aa",
          "widthPx": 141.0,
          "heightPx": 30,
          "leaderFrom": [
            717.8,
            324.0
          ],
          "priority": 5,
          "needsLeader": false
        }
      }
    },
    {
      "type": "Feature",
      "id": "water.shawsheen",
      "geometry": {
        "type": "LineString",
        "coordinates": [
          [
            402.0,
            24.0
          ],
          [
            642.0,
            96.0
          ],
          [
            906.0,
            144.0
          ],
          [
            1194.0,
            177.6
          ],
          [
            1482.0,
            192.0
          ]
        ]
      },
      "properties": {
        "id": "water.shawsheen",
        "name": "Shawsheen River",
        "category": "water",
        "kind": "river",
        "layer": 10,
        "playable": false,
        "insidePlayableRect": false,
        "widthPx": 24.0,
        "label": {
          "text": "Shawsheen River",
          "anchor": [
            872.5,
            245.0
          ],
          "anchorDesign": [
            332.1,
            -205.8
          ],
          "align": "right",
          "fontSizePx": 26,
          "fontWeight": "regular",
          "color": "#4a84aa",
          "widthPx": 201.0,
          "heightPx": 30,
          "leaderFrom": [
            906.0,
            144.0
          ],
          "priority": 5,
          "needsLeader": true
        }
      }
    },
    {
      "type": "Feature",
      "id": "route.billerica_march",
      "geometry": {
        "type": "LineString",
        "coordinates": [
          [
            774.0,
            156.0
          ],
          [
            834.0,
            276.0
          ],
          [
            901.2,
            396.0
          ],
          [
            958.8,
            480.0
          ]
        ]
      },
      "properties": {
        "id": "route.billerica_march",
        "name": "Billerica militia march",
        "category": "route",
        "kind": "militia_march",
        "layer": 24,
        "playable": false,
        "insidePlayableRect": false,
        "widthPx": 16.8,
        "historical": "Billerica and Reading companies came in above the Bloody Angle.",
        "artNote": "Column of militia converging on the Battle Road from the north.",
        "label": {
          "text": "Billerica militia march",
          "anchor": [
            659.2,
            382.0
          ],
          "anchorDesign": [
            154.3,
            -91.7
          ],
          "align": "right",
          "fontSizePx": 24,
          "fontWeight": "regular",
          "color": "#8a7550",
          "widthPx": 222.0,
          "heightPx": 28,
          "leaderFrom": [
            901.2,
            396.0
          ],
          "priority": 9,
          "needsLeader": true,
          "subtitle": "Billerica and Reading companies came in above the Bloody Angle."
        }
      }
    },
    {
      "type": "Feature",
      "id": "route.reading_march",
      "geometry": {
        "type": "LineString",
        "coordinates": [
          [
            1554.0,
            252.0
          ],
          [
            1606.8,
            348.0
          ],
          [
            1657.2,
            432.0
          ],
          [
            1698.0,
            484.8
          ]
        ]
      },
      "properties": {
        "id": "route.reading_march",
        "name": "Reading militia march",
        "category": "route",
        "kind": "militia_march",
        "layer": 24,
        "playable": false,
        "insidePlayableRect": false,
        "widthPx": 16.8,
        "artNote": "Column of militia converging on the Battle Road from the north.",
        "label": {
          "text": "Reading militia march",
          "anchor": [
            1677.2,
            418.0
          ],
          "anchorDesign": [
            1002.7,
            -61.7
          ],
          "align": "left",
          "fontSizePx": 24,
          "fontWeight": "regular",
          "color": "#8a7550",
          "widthPx": 227.0,
          "heightPx": 28,
          "leaderFrom": [
            1657.2,
            432.0
          ],
          "priority": 9,
          "needsLeader": true
        }
      }
    },
    {
      "type": "Feature",
      "id": "route.danvers_march_route",
      "geometry": {
        "type": "LineString",
        "coordinates": [
          [
            2022.0,
            252.0
          ],
          [
            2053.2,
            336.0
          ],
          [
            2086.8,
            408.0
          ],
          [
            2118.0,
            482.4
          ]
        ]
      },
      "properties": {
        "id": "route.danvers_march_route",
        "name": "Danvers militia march",
        "category": "route",
        "kind": "militia_march",
        "layer": 24,
        "playable": false,
        "insidePlayableRect": false,
        "widthPx": 16.8,
        "artNote": "Column of militia converging on the Battle Road from the north.",
        "label": {
          "text": "Danvers militia march",
          "anchor": [
            2106.8,
            394.0
          ],
          "anchorDesign": [
            1360.7,
            -81.7
          ],
          "align": "left",
          "fontSizePx": 24,
          "fontWeight": "regular",
          "color": "#8a7550",
          "widthPx": 228.0,
          "heightPx": 28,
          "leaderFrom": [
            2086.8,
            408.0
          ],
          "priority": 9,
          "needsLeader": true
        }
      }
    },
    {
      "type": "Feature",
      "id": "route.woburn_march",
      "geometry": {
        "type": "LineString",
        "coordinates": [
          [
            1827.6,
            276.0
          ],
          [
            1849.2,
            360.0
          ],
          [
            1870.8,
            427.2
          ],
          [
            1890.0,
            484.8
          ]
        ]
      },
      "properties": {
        "id": "route.woburn_march",
        "name": "Woburn militia march",
        "category": "route",
        "kind": "militia_march",
        "layer": 24,
        "playable": false,
        "insidePlayableRect": false,
        "widthPx": 16.8,
        "artNote": "Column of militia converging on the Battle Road from the north.",
        "label": {
          "text": "Woburn militia march",
          "anchor": [
            1802.3,
            573.5
          ],
          "anchorDesign": [
            1106.9,
            68.0
          ],
          "align": "right",
          "fontSizePx": 24,
          "fontWeight": "regular",
          "color": "#8a7550",
          "widthPx": 223.0,
          "heightPx": 28,
          "leaderFrom": [
            1870.8,
            427.2
          ],
          "priority": 9,
          "needsLeader": true
        }
      }
    },
    {
      "type": "Feature",
      "id": "town.watertown",
      "geometry": {
        "type": "Polygon",
        "coordinates": [
          [
            [
              1928.4,
              1752.0
            ],
            [
              1934.89,
              1773.47
            ],
            [
              1919.21,
              1793.56
            ],
            [
              1885.7,
              1804.67
            ],
            [
              1849.31,
              1806.46
            ],
            [
              1818.0,
              1805.66
            ],
            [
              1786.69,
              1806.46
            ],
            [
              1750.3,
              1804.67
            ],
            [
              1716.79,
              1793.56
            ],
            [
              1701.11,
              1773.47
            ],
            [
              1707.6,
              1752.0
            ],
            [
              1724.9,
              1734.9
            ],
            [
              1740.58,
              1720.21
            ],
            [
              1755.92,
              1703.7
            ],
            [
              1781.08,
              1687.77
            ],
            [
              1818.0,
              1680.86
            ],
            [
              1854.92,
              1687.77
            ],
            [
              1880.08,
              1703.7
            ],
            [
              1895.42,
              1720.21
            ],
            [
              1911.1,
              1734.9
            ],
            [
              1928.4,
              1752.0
            ]
          ]
        ]
      },
      "properties": {
        "id": "town.watertown",
        "name": "Watertown",
        "category": "settlement",
        "kind": "town",
        "layer": 30,
        "playable": false,
        "insidePlayableRect": false,
        "historical": "The Provincial Congress sat here; Heath rode from Watertown to take command.",
        "label": {
          "text": "Watertown",
          "anchor": [
            1843.3,
            1735.0
          ],
          "anchorDesign": [
            1141.0,
            1035.8
          ],
          "align": "left",
          "fontSizePx": 30,
          "fontWeight": "bold",
          "color": "#966c4c",
          "widthPx": 153.0,
          "heightPx": 34,
          "leaderFrom": [
            1823.3,
            1752.0
          ],
          "priority": 2,
          "needsLeader": false,
          "subtitle": "The Provincial Congress sat here; Heath rode from Watertown to take command."
        }
      }
    },
    {
      "type": "Feature",
      "id": "town.framingham",
      "geometry": {
        "type": "Polygon",
        "coordinates": [
          [
            [
              1067.35,
              1872.0
            ],
            [
              1071.56,
              1888.97
            ],
            [
              1068.11,
              1908.54
            ],
            [
              1047.15,
              1925.12
            ],
            [
              1012.61,
              1931.45
            ],
            [
              978.0,
              1927.31
            ],
            [
              950.32,
              1919.55
            ],
            [
              924.34,
              1913.22
            ],
            [
              894.82,
              1905.73
            ],
            [
              868.95,
              1891.78
            ],
            [
              860.95,
              1872.0
            ],
            [
              875.26,
              1853.37
            ],
            [
              901.13,
              1840.83
            ],
            [
              925.83,
              1831.92
            ],
            [
              948.83,
              1821.89
            ],
            [
              978.0,
              1812.11
            ],
            [
              1014.1,
              1809.99
            ],
            [
              1045.66,
              1820.02
            ],
            [
              1061.8,
              1838.02
            ],
            [
              1065.25,
              1856.18
            ],
            [
              1067.35,
              1872.0
            ]
          ]
        ]
      },
      "properties": {
        "id": "town.framingham",
        "name": "Framingham",
        "category": "settlement",
        "kind": "town",
        "layer": 30,
        "playable": false,
        "insidePlayableRect": false,
        "historical": "Framingham's minute company reached Meriam's Corner.",
        "label": {
          "text": "Framingham",
          "anchor": [
            1002.3,
            1855.0
          ],
          "anchorDesign": [
            440.2,
            1135.8
          ],
          "align": "left",
          "fontSizePx": 30,
          "fontWeight": "bold",
          "color": "#966c4c",
          "widthPx": 180.0,
          "heightPx": 34,
          "leaderFrom": [
            982.3,
            1872.0
          ],
          "priority": 2,
          "needsLeader": false,
          "subtitle": "Framingham's minute company reached Meriam's Corner."
        }
      }
    },
    {
      "type": "Feature",
      "id": "town.needham",
      "geometry": {
        "type": "Polygon",
        "coordinates": [
          [
            [
              2291.63,
              1860.0
            ],
            [
              2276.52,
              1878.29
            ],
            [
              2251.82,
              1890.65
            ],
            [
              2229.01,
              1900.12
            ],
            [
              2207.01,
              1911.01
            ],
            [
              2178.0,
              1920.96
            ],
            [
              2142.58,
              1922.3
            ],
            [
              2112.64,
              1911.4
            ],
            [
              2097.76,
              1893.31
            ],
            [
              2093.83,
              1875.63
            ],
            [
              2090.03,
              1860.0
            ],
            [
              2084.79,
              1842.69
            ],
            [
              2088.72,
              1822.94
            ],
            [
              2110.51,
              1806.92
            ],
            [
              2144.71,
              1801.45
            ],
            [
              2178.0,
              1805.76
            ],
            [
              2204.87,
              1812.74
            ],
            [
              2231.14,
              1818.2
            ],
            [
              2260.86,
              1825.6
            ],
            [
              2285.56,
              1840.03
            ],
            [
              2291.63,
              1860.0
            ]
          ]
        ]
      },
      "properties": {
        "id": "town.needham",
        "name": "Needham",
        "category": "settlement",
        "kind": "town",
        "layer": 30,
        "playable": false,
        "insidePlayableRect": false,
        "historical": "Needham lost five men, the heaviest toll of any town.",
        "label": {
          "text": "Needham",
          "anchor": [
            2203.4,
            1843.0
          ],
          "anchorDesign": [
            1441.2,
            1125.8
          ],
          "align": "left",
          "fontSizePx": 30,
          "fontWeight": "bold",
          "color": "#966c4c",
          "widthPx": 136.0,
          "heightPx": 34,
          "leaderFrom": [
            2183.4,
            1860.0
          ],
          "priority": 2,
          "needsLeader": false,
          "subtitle": "Needham lost five men, the heaviest toll of any town."
        }
      }
    },
    {
      "type": "Feature",
      "id": "town.dedham",
      "geometry": {
        "type": "Polygon",
        "coordinates": [
          [
            [
              2566.8,
              1968.0
            ],
            [
              2572.72,
              1987.82
            ],
            [
              2558.41,
              2006.36
            ],
            [
              2527.81,
              2016.62
            ],
            [
              2494.59,
              2018.27
            ],
            [
              2466.0,
              2017.54
            ],
            [
              2437.41,
              2018.27
            ],
            [
              2404.19,
              2016.62
            ],
            [
              2373.59,
              2006.36
            ],
            [
              2359.28,
              1987.82
            ],
            [
              2365.2,
              1968.0
            ],
            [
              2380.99,
              1952.22
            ],
            [
              2395.31,
              1938.65
            ],
            [
              2409.31,
              1923.42
            ],
            [
              2432.29,
              1908.71
            ],
            [
              2466.0,
              1902.34
            ],
            [
              2499.71,
              1908.71
            ],
            [
              2522.69,
              1923.42
            ],
            [
              2536.69,
              1938.65
            ],
            [
              2551.01,
              1952.22
            ],
            [
              2566.8,
              1968.0
            ]
          ]
        ]
      },
      "properties": {
        "id": "town.dedham",
        "name": "Dedham",
        "category": "settlement",
        "kind": "town",
        "layer": 30,
        "playable": false,
        "insidePlayableRect": false,
        "historical": "Dedham turned out almost every able man.",
        "label": {
          "text": "Dedham",
          "anchor": [
            2490.8,
            1951.0
          ],
          "anchorDesign": [
            1680.7,
            1215.8
          ],
          "align": "left",
          "fontSizePx": 30,
          "fontWeight": "bold",
          "color": "#966c4c",
          "widthPx": 119.0,
          "heightPx": 34,
          "leaderFrom": [
            2470.8,
            1968.0
          ],
          "priority": 2,
          "needsLeader": false,
          "subtitle": "Dedham turned out almost every able man."
        }
      }
    },
    {
      "type": "Feature",
      "id": "town.newton",
      "geometry": {
        "type": "Polygon",
        "coordinates": [
          [
            [
              2107.83,
              1968.0
            ],
            [
              2100.86,
              1982.73
            ],
            [
              2095.45,
              1998.68
            ],
            [
              2082.52,
              2015.89
            ],
            [
              2055.8,
              2027.82
            ],
            [
              2022.0,
              2028.25
            ],
            [
              1993.28,
              2018.82
            ],
            [
              1972.85,
              2006.89
            ],
            [
              1953.64,
              1996.56
            ],
            [
              1931.77,
              1984.86
            ],
            [
              1915.83,
              1968.0
            ],
            [
              1918.25,
              1948.62
            ],
            [
              1940.12,
              1933.79
            ],
            [
              1969.66,
              1926.58
            ],
            [
              1996.47,
              1922.83
            ],
            [
              2022.0,
              1917.85
            ],
            [
              2052.61,
              1913.83
            ],
            [
              2085.71,
              1917.58
            ],
            [
              2108.97,
              1931.67
            ],
            [
              2114.37,
              1950.74
            ],
            [
              2107.83,
              1968.0
            ]
          ]
        ]
      },
      "properties": {
        "id": "town.newton",
        "name": "Newton",
        "category": "settlement",
        "kind": "town",
        "layer": 30,
        "playable": false,
        "insidePlayableRect": false,
        "label": {
          "text": "Newton",
          "anchor": [
            2046.1,
            1951.0
          ],
          "anchorDesign": [
            1310.1,
            1215.8
          ],
          "align": "left",
          "fontSizePx": 30,
          "fontWeight": "bold",
          "color": "#966c4c",
          "widthPx": 108.0,
          "heightPx": 34,
          "leaderFrom": [
            2026.1,
            1968.0
          ],
          "priority": 2,
          "needsLeader": false
        }
      }
    },
    {
      "type": "Feature",
      "id": "town.waltham",
      "geometry": {
        "type": "Polygon",
        "coordinates": [
          [
            [
              1639.83,
              1908.0
            ],
            [
              1632.86,
              1922.73
            ],
            [
              1627.45,
              1938.68
            ],
            [
              1614.52,
              1955.89
            ],
            [
              1587.8,
              1967.82
            ],
            [
              1554.0,
              1968.25
            ],
            [
              1525.28,
              1958.82
            ],
            [
              1504.85,
              1946.89
            ],
            [
              1485.64,
              1936.56
            ],
            [
              1463.77,
              1924.86
            ],
            [
              1447.83,
              1908.0
            ],
            [
              1450.25,
              1888.62
            ],
            [
              1472.12,
              1873.79
            ],
            [
              1501.66,
              1866.58
            ],
            [
              1528.47,
              1862.83
            ],
            [
              1554.0,
              1857.85
            ],
            [
              1584.61,
              1853.83
            ],
            [
              1617.71,
              1857.58
            ],
            [
              1640.97,
              1871.67
            ],
            [
              1646.37,
              1890.74
            ],
            [
              1639.83,
              1908.0
            ]
          ]
        ]
      },
      "properties": {
        "id": "town.waltham",
        "name": "Waltham",
        "category": "settlement",
        "kind": "town",
        "layer": 30,
        "playable": false,
        "insidePlayableRect": false,
        "label": {
          "text": "Waltham",
          "anchor": [
            1413.1,
            1891.0
          ],
          "anchorDesign": [
            782.6,
            1165.8
          ],
          "align": "right",
          "fontSizePx": 30,
          "fontWeight": "bold",
          "color": "#966c4c",
          "widthPx": 125.0,
          "heightPx": 34,
          "leaderFrom": [
            1558.1,
            1908.0
          ],
          "priority": 2,
          "needsLeader": false
        }
      }
    },
    {
      "type": "Feature",
      "id": "town.brookline",
      "geometry": {
        "type": "Polygon",
        "coordinates": [
          [
            [
              2621.11,
              1764.0
            ],
            [
              2625.03,
              1780.26
            ],
            [
              2621.82,
              1799.02
            ],
            [
              2602.32,
              1814.91
            ],
            [
              2570.2,
              1820.97
            ],
            [
              2538.0,
              1817.01
            ],
            [
              2512.25,
              1809.57
            ],
            [
              2488.08,
              1803.5
            ],
            [
              2460.62,
              1796.33
            ],
            [
              2436.56,
              1782.95
            ],
            [
              2429.11,
              1764.0
            ],
            [
              2442.43,
              1746.14
            ],
            [
              2466.49,
              1734.13
            ],
            [
              2489.47,
              1725.59
            ],
            [
              2510.86,
              1715.98
            ],
            [
              2538.0,
              1706.61
            ],
            [
              2571.58,
              1704.57
            ],
            [
              2600.94,
              1714.19
            ],
            [
              2615.95,
              1731.43
            ],
            [
              2619.16,
              1748.84
            ],
            [
              2621.11,
              1764.0
            ]
          ]
        ]
      },
      "properties": {
        "id": "town.brookline",
        "name": "Brookline",
        "category": "settlement",
        "kind": "town",
        "layer": 30,
        "playable": false,
        "insidePlayableRect": false,
        "historical": "Maj. Isaac Gardner fell at Watson's Corner.",
        "label": {
          "text": "Brookline",
          "anchor": [
            2473.0,
            1710.0
          ],
          "anchorDesign": [
            1665.8,
            1015.0
          ],
          "align": "right",
          "fontSizePx": 30,
          "fontWeight": "bold",
          "color": "#966c4c",
          "widthPx": 138.0,
          "heightPx": 34,
          "leaderFrom": [
            2542.0,
            1764.0
          ],
          "priority": 2,
          "needsLeader": false,
          "subtitle": "Maj. Isaac Gardner fell at Watson's Corner."
        }
      }
    },
    {
      "type": "Feature",
      "id": "building.watertown_meetinghouse",
      "geometry": {
        "type": "Polygon",
        "coordinates": [
          [
            [
              1805.98,
              1627.95
            ],
            [
              1828.93,
              1619.83
            ],
            [
              1848.76,
              1633.96
            ],
            [
              1844.42,
              1664.85
            ],
            [
              1801.64,
              1658.84
            ],
            [
              1805.98,
              1627.95
            ]
          ]
        ]
      },
      "properties": {
        "id": "building.watertown_meetinghouse",
        "name": "Watertown Meetinghouse",
        "category": "building",
        "kind": "structure",
        "layer": 60,
        "playable": false,
        "insidePlayableRect": false,
        "historical": "Seat of the Provincial Congress.",
        "anchor": [
          1126,
          962
        ],
        "label": {
          "text": "Watertown Meetinghouse",
          "anchor": [
            1688.1,
            1590.9
          ],
          "anchorDesign": [
            1011.8,
            915.7
          ],
          "align": "right",
          "fontSizePx": 24,
          "fontWeight": "regular",
          "color": "#684e2e",
          "widthPx": 269.0,
          "heightPx": 28,
          "leaderFrom": [
            1822.6,
            1638.9
          ],
          "priority": 6,
          "needsLeader": false,
          "subtitle": "Seat of the Provincial Congress."
        }
      }
    },
    {
      "type": "Feature",
      "id": "building.fowles_mill",
      "geometry": {
        "type": "Polygon",
        "coordinates": [
          [
            [
              1483.87,
              1701.16
            ],
            [
              1505.06,
              1689.18
            ],
            [
              1527.04,
              1699.66
            ],
            [
              1528.13,
              1730.84
            ],
            [
              1484.96,
              1732.34
            ],
            [
              1483.87,
              1701.16
            ]
          ]
        ]
      },
      "properties": {
        "id": "building.fowles_mill",
        "name": "Fowle's Mill",
        "category": "building",
        "kind": "structure",
        "layer": 60,
        "playable": false,
        "insidePlayableRect": false,
        "anchor": [
          860,
          1020
        ],
        "label": {
          "text": "Fowle's Mill",
          "anchor": [
            1522.2,
            1695.1
          ],
          "anchorDesign": [
            873.5,
            1002.5
          ],
          "align": "left",
          "fontSizePx": 24,
          "fontWeight": "regular",
          "color": "#684e2e",
          "widthPx": 122.0,
          "heightPx": 28,
          "leaderFrom": [
            1502.2,
            1709.1
          ],
          "priority": 6,
          "needsLeader": false
        }
      }
    },
    {
      "type": "Feature",
      "id": "building.needham_meetinghouse",
      "geometry": {
        "type": "Polygon",
        "coordinates": [
          [
            [
              2165.35,
              1734.23
            ],
            [
              2188.0,
              1725.31
            ],
            [
              2208.31,
              1738.74
            ],
            [
              2205.05,
              1769.77
            ],
            [
              2162.09,
              1765.26
            ],
            [
              2165.35,
              1734.23
            ]
          ]
        ]
      },
      "properties": {
        "id": "building.needham_meetinghouse",
        "name": "Needham Meetinghouse",
        "category": "building",
        "kind": "structure",
        "layer": 60,
        "playable": false,
        "insidePlayableRect": false,
        "anchor": [
          1426,
          1050
        ],
        "label": {
          "text": "Needham Meetinghouse",
          "anchor": [
            2178.9,
            1947.1
          ],
          "anchorDesign": [
            1420.7,
            1212.6
          ],
          "align": "center",
          "fontSizePx": 24,
          "fontWeight": "regular",
          "color": "#684e2e",
          "widthPx": 257.0,
          "heightPx": 28,
          "leaderFrom": [
            2182.4,
            1744.6
          ],
          "priority": 6,
          "needsLeader": true
        }
      }
    },
    {
      "type": "Feature",
      "id": "building.framingham_tavern",
      "geometry": {
        "type": "Polygon",
        "coordinates": [
          [
            [
              966.64,
              1744.89
            ],
            [
              989.86,
              1737.58
            ],
            [
              1009.18,
              1752.39
            ],
            [
              1003.76,
              1783.11
            ],
            [
              961.22,
              1775.61
            ],
            [
              966.64,
              1744.89
            ]
          ]
        ]
      },
      "properties": {
        "id": "building.framingham_tavern",
        "name": "Framingham tavern",
        "category": "building",
        "kind": "structure",
        "layer": 60,
        "playable": false,
        "insidePlayableRect": false,
        "anchor": [
          426,
          1060
        ],
        "label": {
          "text": "Framingham tavern",
          "anchor": [
            949.2,
            1782.4
          ],
          "anchorDesign": [
            396.0,
            1075.3
          ],
          "align": "right",
          "fontSizePx": 24,
          "fontWeight": "regular",
          "color": "#684e2e",
          "widthPx": 206.0,
          "heightPx": 28,
          "leaderFrom": [
            982.9,
            1756.4
          ],
          "priority": 6,
          "needsLeader": false
        }
      }
    },
    {
      "type": "Feature",
      "id": "building.waltham_farm",
      "geometry": {
        "type": "Polygon",
        "coordinates": [
          [
            [
              1291.87,
              1785.16
            ],
            [
              1313.06,
              1773.18
            ],
            [
              1335.04,
              1783.66
            ],
            [
              1336.13,
              1814.84
            ],
            [
              1292.96,
              1816.34
            ],
            [
              1291.87,
              1785.16
            ]
          ]
        ]
      },
      "properties": {
        "id": "building.waltham_farm",
        "name": "Waltham farmstead",
        "category": "building",
        "kind": "structure",
        "layer": 60,
        "playable": false,
        "insidePlayableRect": false,
        "anchor": [
          700,
          1090
        ],
        "label": {
          "text": "Waltham farmstead",
          "anchor": [
            1330.2,
            1779.1
          ],
          "anchorDesign": [
            713.5,
            1072.5
          ],
          "align": "left",
          "fontSizePx": 24,
          "fontWeight": "regular",
          "color": "#684e2e",
          "widthPx": 207.0,
          "heightPx": 28,
          "leaderFrom": [
            1310.2,
            1793.1
          ],
          "priority": 6,
          "needsLeader": true
        }
      }
    },
    {
      "type": "Feature",
      "id": "terrain.nonantum_hill",
      "geometry": {
        "type": "Polygon",
        "coordinates": [
          [
            [
              2099.85,
              1704.0
            ],
            [
              2103.69,
              1720.67
            ],
            [
              2098.24,
              1739.11
            ],
            [
              2076.3,
              1753.98
            ],
            [
              2042.96,
              1759.54
            ],
            [
              2010.0,
              1756.39
            ],
            [
              1982.52,
              1750.31
            ],
            [
              1955.94,
              1744.74
            ],
            [
              1927.24,
              1736.93
            ],
            [
              1904.06,
              1722.85
            ],
            [
              1898.25,
              1704.0
            ],
            [
              1911.96,
              1686.56
            ],
            [
              1935.14,
              1674.21
            ],
            [
              1957.81,
              1664.66
            ],
            [
              1980.66,
              1654.55
            ],
            [
              2010.0,
              1645.99
            ],
            [
              2044.82,
              1645.32
            ],
            [
              2074.44,
              1655.43
            ],
            [
              2090.34,
              1672.04
            ],
            [
              2095.8,
              1688.73
            ],
            [
              2099.85,
              1704.0
            ]
          ]
        ]
      },
      "properties": {
        "id": "terrain.nonantum_hill",
        "name": "Nonantum Hill",
        "category": "terrain",
        "kind": "hill",
        "layer": 20,
        "playable": false,
        "insidePlayableRect": false,
        "label": {
          "text": "Nonantum Hill",
          "anchor": [
            1974.3,
            1648.0
          ],
          "anchorDesign": [
            1250.2,
            963.3
          ],
          "align": "right",
          "fontSizePx": 26,
          "fontWeight": "regular",
          "color": "#566a44",
          "widthPx": 162.0,
          "heightPx": 30,
          "leaderFrom": [
            2014.3,
            1704.0
          ],
          "priority": 4,
          "needsLeader": false
        }
      }
    },
    {
      "type": "Feature",
      "id": "terrain.south_woodlot",
      "geometry": {
        "type": "Polygon",
        "coordinates": [
          [
            [
              1406.44,
              1668.0
            ],
            [
              1420.29,
              1691.17
            ],
            [
              1399.3,
              1713.72
            ],
            [
              1347.58,
              1726.13
            ],
            [
              1289.96,
              1727.05
            ],
            [
              1242.0,
              1724.54
            ],
            [
              1195.81,
              1724.86
            ],
            [
              1140.4,
              1723.94
            ],
            [
              1086.47,
              1713.2
            ],
            [
              1059.73,
              1691.69
            ],
            [
              1070.44,
              1668.0
            ],
            [
              1100.73,
              1649.64
            ],
            [
              1127.47,
              1634.72
            ],
            [
              1150.08,
              1617.39
            ],
            [
              1186.14,
              1599.23
            ],
            [
              1242.0,
              1590.14
            ],
            [
              1299.64,
              1597.04
            ],
            [
              1337.9,
              1615.2
            ],
            [
              1358.3,
              1634.2
            ],
            [
              1379.29,
              1650.16
            ],
            [
              1406.44,
              1668.0
            ]
          ]
        ]
      },
      "properties": {
        "id": "terrain.south_woodlot",
        "name": "South woodlot",
        "category": "terrain",
        "kind": "woodland",
        "layer": 20,
        "playable": false,
        "insidePlayableRect": false,
        "label": {
          "text": "South woodlot",
          "anchor": [
            1269.8,
            1653.0
          ],
          "anchorDesign": [
            663.2,
            967.5
          ],
          "align": "left",
          "fontSizePx": 26,
          "fontWeight": "regular",
          "color": "#566a44",
          "widthPx": 161.0,
          "heightPx": 30,
          "leaderFrom": [
            1249.8,
            1668.0
          ],
          "priority": 4,
          "needsLeader": false
        }
      }
    },
    {
      "type": "Feature",
      "id": "water.sudbury_river",
      "geometry": {
        "type": "LineString",
        "coordinates": [
          [
            282.0,
            2052.0
          ],
          [
            522.0,
            1944.0
          ],
          [
            774.0,
            1848.0
          ],
          [
            990.0,
            1728.0
          ],
          [
            1146.0,
            1644.0
          ]
        ]
      },
      "properties": {
        "id": "water.sudbury_river",
        "name": "Sudbury River",
        "category": "water",
        "kind": "river",
        "layer": 10,
        "playable": false,
        "insidePlayableRect": false,
        "widthPx": 28.8,
        "label": {
          "text": "Sudbury River",
          "anchor": [
            727.2,
            1703.6
          ],
          "anchorDesign": [
            211.0,
            1009.6
          ],
          "align": "right",
          "fontSizePx": 26,
          "fontWeight": "regular",
          "color": "#4a84aa",
          "widthPx": 163.0,
          "heightPx": 30,
          "leaderFrom": [
            774.0,
            1848.0
          ],
          "priority": 5,
          "needsLeader": true
        }
      }
    },
    {
      "type": "Feature",
      "id": "water.charles_upper",
      "geometry": {
        "type": "LineString",
        "coordinates": [
          [
            1458.0,
            2052.0
          ],
          [
            1674.0,
            1944.0
          ],
          [
            1890.0,
            1848.0
          ],
          [
            2106.0,
            1788.0
          ],
          [
            2346.0,
            1764.0
          ],
          [
            2562.0,
            1800.0
          ]
        ]
      },
      "properties": {
        "id": "water.charles_upper",
        "name": "Charles River (upper)",
        "category": "water",
        "kind": "river",
        "layer": 10,
        "playable": false,
        "insidePlayableRect": false,
        "widthPx": 31.2,
        "label": {
          "text": "Charles River (upper)",
          "anchor": [
            2049.5,
            1889.0
          ],
          "anchorDesign": [
            1312.9,
            1164.2
          ],
          "align": "right",
          "fontSizePx": 26,
          "fontWeight": "regular",
          "color": "#4a84aa",
          "widthPx": 247.0,
          "heightPx": 30,
          "leaderFrom": [
            2106.0,
            1788.0
          ],
          "priority": 5,
          "needsLeader": true
        }
      }
    },
    {
      "type": "Feature",
      "id": "route.sudbury_march",
      "geometry": {
        "type": "LineString",
        "coordinates": [
          [
            834.0,
            1848.0
          ],
          [
            870.0,
            1752.0
          ],
          [
            901.2,
            1668.0
          ],
          [
            930.0,
            1591.2
          ]
        ]
      },
      "properties": {
        "id": "route.sudbury_march",
        "name": "Sudbury militia march",
        "category": "route",
        "kind": "militia_march",
        "layer": 24,
        "playable": false,
        "insidePlayableRect": false,
        "widthPx": 16.8,
        "historical": "Sudbury and Framingham minutemen reached Meriam's Corner as the column passed.",
        "artNote": "Column of militia converging on the Battle Road from the south.",
        "label": {
          "text": "Sudbury militia march",
          "anchor": [
            1086.6,
            1734.2
          ],
          "anchorDesign": [
            510.5,
            1035.2
          ],
          "align": "left",
          "fontSizePx": 24,
          "fontWeight": "regular",
          "color": "#8a7550",
          "widthPx": 228.0,
          "heightPx": 28,
          "leaderFrom": [
            901.2,
            1668.0
          ],
          "priority": 9,
          "needsLeader": true,
          "subtitle": "Sudbury and Framingham minutemen reached Meriam's Corner as the column passed."
        }
      }
    },
    {
      "type": "Feature",
      "id": "route.watertown_march",
      "geometry": {
        "type": "LineString",
        "coordinates": [
          [
            1818.0,
            1692.0
          ],
          [
            1832.4,
            1632.0
          ],
          [
            1849.2,
            1608.0
          ],
          [
            1866.0,
            1586.4
          ]
        ]
      },
      "properties": {
        "id": "route.watertown_march",
        "name": "Watertown militia march",
        "category": "route",
        "kind": "militia_march",
        "layer": 24,
        "playable": false,
        "insidePlayableRect": false,
        "widthPx": 16.8,
        "artNote": "Column of militia converging on the Battle Road from the south.",
        "label": {
          "text": "Watertown militia march",
          "anchor": [
            1693.2,
            1543.8
          ],
          "anchorDesign": [
            1016.0,
            876.5
          ],
          "align": "right",
          "fontSizePx": 24,
          "fontWeight": "regular",
          "color": "#8a7550",
          "widthPx": 254.0,
          "heightPx": 28,
          "leaderFrom": [
            1849.2,
            1608.0
          ],
          "priority": 9,
          "needsLeader": false
        }
      }
    },
    {
      "type": "Feature",
      "id": "route.needham_march",
      "geometry": {
        "type": "LineString",
        "coordinates": [
          [
            2178.0,
            1800.0
          ],
          [
            2197.2,
            1716.0
          ],
          [
            2216.4,
            1644.0
          ],
          [
            2233.2,
            1588.8
          ]
        ]
      },
      "properties": {
        "id": "route.needham_march",
        "name": "Needham militia march",
        "category": "route",
        "kind": "militia_march",
        "layer": 24,
        "playable": false,
        "insidePlayableRect": false,
        "widthPx": 16.8,
        "artNote": "Column of militia converging on the Battle Road from the south.",
        "label": {
          "text": "Needham militia march",
          "anchor": [
            2364.1,
            1898.7
          ],
          "anchorDesign": [
            1575.1,
            1172.3
          ],
          "align": "left",
          "fontSizePx": 24,
          "fontWeight": "regular",
          "color": "#8a7550",
          "widthPx": 242.0,
          "heightPx": 28,
          "leaderFrom": [
            2216.4,
            1644.0
          ],
          "priority": 9,
          "needsLeader": true
        }
      }
    },
    {
      "type": "Feature",
      "id": "route.brookline_march",
      "geometry": {
        "type": "LineString",
        "coordinates": [
          [
            2538.0,
            1704.0
          ],
          [
            2521.2,
            1656.0
          ],
          [
            2502.0,
            1620.0
          ],
          [
            2485.2,
            1588.8
          ]
        ]
      },
      "properties": {
        "id": "route.brookline_march",
        "name": "Brookline militia march",
        "category": "route",
        "kind": "militia_march",
        "layer": 24,
        "playable": false,
        "insidePlayableRect": false,
        "widthPx": 16.8,
        "artNote": "Column of militia converging on the Battle Road from the south.",
        "label": {
          "text": "Brookline militia march",
          "anchor": [
            2421.0,
            1606.0
          ],
          "anchorDesign": [
            1622.5,
            928.3
          ],
          "align": "right",
          "fontSizePx": 24,
          "fontWeight": "regular",
          "color": "#8a7550",
          "widthPx": 238.0,
          "heightPx": 28,
          "leaderFrom": [
            2502.0,
            1620.0
          ],
          "priority": 9,
          "needsLeader": false
        }
      }
    },
    {
      "type": "Feature",
      "id": "marker.heath_command",
      "geometry": {
        "type": "Point",
        "coordinates": [
          1825.2,
          1704.0
        ]
      },
      "properties": {
        "id": "marker.heath_command",
        "name": "Gen. Heath takes command",
        "category": "battle_marker",
        "kind": "command",
        "layer": 70,
        "playable": false,
        "insidePlayableRect": false,
        "historical": "Brig. Gen. William Heath rode up from Watertown and organised the 'circle of fire' that closed on the column.",
        "label": {
          "text": "Gen. Heath takes command",
          "anchor": [
            1637.2,
            1638.8
          ],
          "anchorDesign": [
            969.3,
            955.6
          ],
          "align": "right",
          "fontSizePx": 26,
          "fontWeight": "regular",
          "color": "#b02030",
          "widthPx": 318.0,
          "heightPx": 30,
          "leaderFrom": [
            1825.2,
            1704.0
          ],
          "priority": 3,
          "needsLeader": false,
          "subtitle": "Brig. Gen. William Heath rode up from Watertown and organised the 'circle of fire' that closed on the column."
        }
      }
    },
    {
      "type": "Feature",
      "id": "marker.needham_losses",
      "geometry": {
        "type": "Point",
        "coordinates": [
          2178.0,
          1764.0
        ]
      },
      "properties": {
        "id": "marker.needham_losses",
        "name": "Needham's losses",
        "category": "battle_marker",
        "kind": "muster",
        "layer": 70,
        "playable": false,
        "insidePlayableRect": false,
        "historical": "Five Needham men killed - the heaviest loss of any town.",
        "label": {
          "text": "Needham's losses",
          "anchor": [
            2044.5,
            1698.8
          ],
          "anchorDesign": [
            1308.8,
            1005.6
          ],
          "align": "right",
          "fontSizePx": 26,
          "fontWeight": "regular",
          "color": "#b02030",
          "widthPx": 209.0,
          "heightPx": 30,
          "leaderFrom": [
            2178.0,
            1764.0
          ],
          "priority": 3,
          "needsLeader": false,
          "subtitle": "Five Needham men killed - the heaviest loss of any town."
        }
      }
    }
  ]
}